2026-07-30 19:13:35 - app.models.loaders - INFO - Initialized ModelLoader singleton.
2026-07-30 19:13:35 - app.agents.vision_agent - INFO - VisionAgent initialized.
2026-07-30 19:13:35 - app.database.firebase - WARNING - GOOGLE_APPLICATION_CREDENTIALS not set. Attempting default initialization (works in GCP environments).
2026-07-30 19:13:35 - app.database.firebase - INFO - Successfully initialized Firebase Admin SDK.
2026-07-30 19:13:47 - app.database.firebase - ERROR - Failed to get Firestore client: Your default credentials were not found. To set up Application Default Credentials, see https://cloud.google.com/docs/authentication/external/set-up-adc for more information.
2026-07-30 19:14:48 - app.models.loaders - INFO - Initialized ModelLoader singleton.
2026-07-30 19:14:48 - app.agents.vision_agent - INFO - VisionAgent initialized.
2026-07-30 19:14:48 - app.database.firebase - WARNING - GOOGLE_APPLICATION_CREDENTIALS not set. Attempting default initialization (works in GCP environments).
2026-07-30 19:14:48 - app.database.firebase - INFO - Successfully initialized Firebase Admin SDK.
2026-07-30 19:15:00 - app.database.firebase - ERROR - Failed to get Firestore client: Your default credentials were not found. To set up Application Default Credentials, see https://cloud.google.com/docs/authentication/external/set-up-adc for more information.
2026-07-30 19:16:37 - app.models.loaders - INFO - Initialized ModelLoader singleton.
2026-07-30 19:16:37 - app.agents.vision_agent - INFO - VisionAgent initialized.
2026-07-30 19:16:37 - app.database.firebase - INFO - Initializing Firebase with credentials from C:\Users\MONALISA DAS\RoadGuardianAI\firebase-credentials.json
2026-07-30 19:16:37 - app.database.firebase - INFO - Successfully initialized Firebase Admin SDK.
2026-07-30 19:16:37 - app.database.firebase - INFO - Firestore client created.
2026-07-30 19:16:53 - app.services.database_service - ERROR - Error retrieving recent reports: 403 Cloud Firestore API has not been used in project roadguardianai-b8e4f before or it is disabled. Enable it by visiting https://console.developers.google.com/apis/api/firestore.googleapis.com/overview?project=roadguardianai-b8e4f then retry. If you enabled this API recently, wait a few minutes for the action to propagate to our systems and retry. [reason: "SERVICE_DISABLED"
domain: "googleapis.com"
metadata {
  key: "service"
  value: "firestore.googleapis.com"
}
metadata {
  key: "serviceTitle"
  value: "Cloud Firestore API"
}
metadata {
  key: "containerInfo"
  value: "roadguardianai-b8e4f"
}
metadata {
  key: "consumer"
  value: "projects/roadguardianai-b8e4f"
}
metadata {
  key: "activationUrl"
  value: "https://console.developers.google.com/apis/api/firestore.googleapis.com/overview?project=roadguardianai-b8e4f"
}
, locale: "en-US"
message: "Cloud Firestore API has not been used in project roadguardianai-b8e4f before or it is disabled. Enable it by visiting https://console.developers.google.com/apis/api/firestore.googleapis.com/overview?project=roadguardianai-b8e4f then retry. If you enabled this API recently, wait a few minutes for the action to propagate to our systems and retry."
, links {
  description: "Google developers console API activation"
  url: "https://console.developers.google.com/apis/api/firestore.googleapis.com/overview?project=roadguardianai-b8e4f"
}
]
2026-07-30 19:16:53 - app.services.database_service - ERROR - Error retrieving recent reports: 403 Cloud Firestore API has not been used in project roadguardianai-b8e4f before or it is disabled. Enable it by visiting https://console.developers.google.com/apis/api/firestore.googleapis.com/overview?project=roadguardianai-b8e4f then retry. If you enabled this API recently, wait a few minutes for the action to propagate to our systems and retry. [reason: "SERVICE_DISABLED"
domain: "googleapis.com"
metadata {
  key: "service"
  value: "firestore.googleapis.com"
}
metadata {
  key: "serviceTitle"
  value: "Cloud Firestore API"
}
metadata {
  key: "containerInfo"
  value: "roadguardianai-b8e4f"
}
metadata {
  key: "consumer"
  value: "projects/roadguardianai-b8e4f"
}
metadata {
  key: "activationUrl"
  value: "https://console.developers.google.com/apis/api/firestore.googleapis.com/overview?project=roadguardianai-b8e4f"
}
, locale: "en-US"
message: "Cloud Firestore API has not been used in project roadguardianai-b8e4f before or it is disabled. Enable it by visiting https://console.developers.google.com/apis/api/firestore.googleapis.com/overview?project=roadguardianai-b8e4f then retry. If you enabled this API recently, wait a few minutes for the action to propagate to our systems and retry."
, links {
  description: "Google developers console API activation"
  url: "https://console.developers.google.com/apis/api/firestore.googleapis.com/overview?project=roadguardianai-b8e4f"
}
]
2026-07-30 19:16:55 - app.services.database_service - ERROR - Error retrieving recent reports: 403 Cloud Firestore API has not been used in project roadguardianai-b8e4f before or it is disabled. Enable it by visiting https://console.developers.google.com/apis/api/firestore.googleapis.com/overview?project=roadguardianai-b8e4f then retry. If you enabled this API recently, wait a few minutes for the action to propagate to our systems and retry. [reason: "SERVICE_DISABLED"
domain: "googleapis.com"
metadata {
  key: "service"
  value: "firestore.googleapis.com"
}
metadata {
  key: "serviceTitle"
  value: "Cloud Firestore API"
}
metadata {
  key: "containerInfo"
  value: "roadguardianai-b8e4f"
}
metadata {
  key: "consumer"
  value: "projects/roadguardianai-b8e4f"
}
metadata {
  key: "activationUrl"
  value: "https://console.developers.google.com/apis/api/firestore.googleapis.com/overview?project=roadguardianai-b8e4f"
}
, locale: "en-US"
message: "Cloud Firestore API has not been used in project roadguardianai-b8e4f before or it is disabled. Enable it by visiting https://console.developers.google.com/apis/api/firestore.googleapis.com/overview?project=roadguardianai-b8e4f then retry. If you enabled this API recently, wait a few minutes for the action to propagate to our systems and retry."
, links {
  description: "Google developers console API activation"
  url: "https://console.developers.google.com/apis/api/firestore.googleapis.com/overview?project=roadguardianai-b8e4f"
}
]
2026-07-30 19:16:58 - app.services.database_service - ERROR - Error retrieving recent reports: 403 Cloud Firestore API has not been used in project roadguardianai-b8e4f before or it is disabled. Enable it by visiting https://console.developers.google.com/apis/api/firestore.googleapis.com/overview?project=roadguardianai-b8e4f then retry. If you enabled this API recently, wait a few minutes for the action to propagate to our systems and retry. [reason: "SERVICE_DISABLED"
domain: "googleapis.com"
metadata {
  key: "service"
  value: "firestore.googleapis.com"
}
metadata {
  key: "serviceTitle"
  value: "Cloud Firestore API"
}
metadata {
  key: "containerInfo"
  value: "roadguardianai-b8e4f"
}
metadata {
  key: "consumer"
  value: "projects/roadguardianai-b8e4f"
}
metadata {
  key: "activationUrl"
  value: "https://console.developers.google.com/apis/api/firestore.googleapis.com/overview?project=roadguardianai-b8e4f"
}
, locale: "en-US"
message: "Cloud Firestore API has not been used in project roadguardianai-b8e4f before or it is disabled. Enable it by visiting https://console.developers.google.com/apis/api/firestore.googleapis.com/overview?project=roadguardianai-b8e4f then retry. If you enabled this API recently, wait a few minutes for the action to propagate to our systems and retry."
, links {
  description: "Google developers console API activation"
  url: "https://console.developers.google.com/apis/api/firestore.googleapis.com/overview?project=roadguardianai-b8e4f"
}
]
2026-07-30 19:16:58 - app.services.database_service - ERROR - Error retrieving recent reports: 403 Cloud Firestore API has not been used in project roadguardianai-b8e4f before or it is disabled. Enable it by visiting https://console.developers.google.com/apis/api/firestore.googleapis.com/overview?project=roadguardianai-b8e4f then retry. If you enabled this API recently, wait a few minutes for the action to propagate to our systems and retry. [reason: "SERVICE_DISABLED"
domain: "googleapis.com"
metadata {
  key: "service"
  value: "firestore.googleapis.com"
}
metadata {
  key: "serviceTitle"
  value: "Cloud Firestore API"
}
metadata {
  key: "containerInfo"
  value: "roadguardianai-b8e4f"
}
metadata {
  key: "consumer"
  value: "projects/roadguardianai-b8e4f"
}
metadata {
  key: "activationUrl"
  value: "https://console.developers.google.com/apis/api/firestore.googleapis.com/overview?project=roadguardianai-b8e4f"
}
, locale: "en-US"
message: "Cloud Firestore API has not been used in project roadguardianai-b8e4f before or it is disabled. Enable it by visiting https://console.developers.google.com/apis/api/firestore.googleapis.com/overview?project=roadguardianai-b8e4f then retry. If you enabled this API recently, wait a few minutes for the action to propagate to our systems and retry."
, links {
  description: "Google developers console API activation"
  url: "https://console.developers.google.com/apis/api/firestore.googleapis.com/overview?project=roadguardianai-b8e4f"
}
]
2026-07-30 19:16:59 - app.services.database_service - ERROR - Error retrieving recent reports: 403 Cloud Firestore API has not been used in project roadguardianai-b8e4f before or it is disabled. Enable it by visiting https://console.developers.google.com/apis/api/firestore.googleapis.com/overview?project=roadguardianai-b8e4f then retry. If you enabled this API recently, wait a few minutes for the action to propagate to our systems and retry. [reason: "SERVICE_DISABLED"
domain: "googleapis.com"
metadata {
  key: "service"
  value: "firestore.googleapis.com"
}
metadata {
  key: "serviceTitle"
  value: "Cloud Firestore API"
}
metadata {
  key: "containerInfo"
  value: "roadguardianai-b8e4f"
}
metadata {
  key: "consumer"
  value: "projects/roadguardianai-b8e4f"
}
metadata {
  key: "activationUrl"
  value: "https://console.developers.google.com/apis/api/firestore.googleapis.com/overview?project=roadguardianai-b8e4f"
}
, locale: "en-US"
message: "Cloud Firestore API has not been used in project roadguardianai-b8e4f before or it is disabled. Enable it by visiting https://console.developers.google.com/apis/api/firestore.googleapis.com/overview?project=roadguardianai-b8e4f then retry. If you enabled this API recently, wait a few minutes for the action to propagate to our systems and retry."
, links {
  description: "Google developers console API activation"
  url: "https://console.developers.google.com/apis/api/firestore.googleapis.com/overview?project=roadguardianai-b8e4f"
}
]
2026-07-30 19:28:10 - app.models.loaders - INFO - Initialized ModelLoader singleton.
2026-07-30 19:28:10 - app.agents.vision_agent - INFO - VisionAgent initialized.
2026-07-30 19:28:10 - app.database.firebase - INFO - Initializing Firebase with credentials from C:\Users\MONALISA DAS\RoadGuardianAI\firebase-credentials.json
2026-07-30 19:28:10 - app.database.firebase - INFO - Successfully initialized Firebase Admin SDK.
2026-07-30 19:28:10 - app.database.firebase - INFO - Firestore client created.
2026-07-30 19:34:01 - app.api.predict - INFO - Received prediction request from user ymfPxqmNFedF2MoJDSqmERXUtXm1 at (12.841228, 80.153928)
2026-07-30 19:34:01 - app.agents.orchestrator - INFO - Starting orchestration pipeline for report 5177f862-70ba-4f35-98fa-c14f2c17b05b by user ymfPxqmNFedF2MoJDSqmERXUtXm1
2026-07-30 19:34:01 - app.agents.orchestrator - INFO - -> Calling Vision Agent
2026-07-30 19:34:01 - app.agents.vision_agent - INFO - VisionAgent starting analysis.
2026-07-30 19:34:01 - app.models.loaders - INFO - Loading YOLOv8 pothole model from C:\Users\MONALISA DAS\RoadGuardianAI\backend\app\models\pothole\best.pt...
2026-07-30 19:34:03 - app.models.loaders - INFO - Successfully loaded YOLOv8 pothole model.
2026-07-30 19:34:03 - app.services.yolo_service - INFO - Running YOLO inference...
2026-07-30 19:34:11 - app.services.yolo_service - INFO - Detected 1 pothole(s).
2026-07-30 19:34:11 - app.agents.vision_agent - INFO - VisionAgent analysis complete. Found 1 items.
2026-07-30 19:34:11 - app.agents.orchestrator - INFO - -> Calling Weather Agent
2026-07-30 19:34:13 - app.agents.orchestrator - WARNING - Weather Agent HTTP call failed (All connection attempts failed). Falling back to mock data.
2026-07-30 19:34:13 - app.agents.orchestrator - INFO - -> Calling Memory Agent (Stub)
2026-07-30 19:34:14 - app.services.database_service - INFO - Found 0 reports within 500m.
2026-07-30 19:34:14 - app.agents.orchestrator - INFO - -> Calling Gemma Reasoning Agent
2026-07-30 19:34:17 - app.api.predict - ERROR - Prediction pipeline failed: Failed to generate response due to HTTP error: (Request ID: Root=1-6a6b59e1-5152ba451237d2361e4f0c50;cb824626-6441-4604-9df3-d4842a31ab8f)

403 Forbidden: This authentication method does not have sufficient permissions to call Inference Providers on behalf of user Monalisa2810.
Cannot access content at: https://router.huggingface.co/v1/chat/completions.
Make sure your token has the correct permissions.
2026-07-30 19:38:28 - app.api.predict - INFO - Received prediction request from user ymfPxqmNFedF2MoJDSqmERXUtXm1 at (12.840829, 80.1541785)
2026-07-30 19:38:28 - app.agents.orchestrator - INFO - Starting orchestration pipeline for report cd685ec4-0afa-43eb-a0e3-09646eea0ecd by user ymfPxqmNFedF2MoJDSqmERXUtXm1
2026-07-30 19:38:28 - app.agents.orchestrator - INFO - -> Calling Vision Agent
2026-07-30 19:38:28 - app.agents.vision_agent - INFO - VisionAgent starting analysis.
2026-07-30 19:38:28 - app.services.yolo_service - INFO - Running YOLO inference...
2026-07-30 19:38:29 - app.services.yolo_service - INFO - Detected 1 pothole(s).
2026-07-30 19:38:29 - app.agents.vision_agent - INFO - VisionAgent analysis complete. Found 1 items.
2026-07-30 19:38:29 - app.agents.orchestrator - INFO - -> Calling Weather Agent
2026-07-30 19:38:31 - app.agents.orchestrator - WARNING - Weather Agent HTTP call failed (All connection attempts failed). Falling back to mock data.
2026-07-30 19:38:31 - app.agents.orchestrator - INFO - -> Calling Memory Agent (Stub)
2026-07-30 19:38:35 - app.services.database_service - INFO - Found 0 reports within 500m.
2026-07-30 19:38:35 - app.agents.orchestrator - INFO - -> Calling Gemma Reasoning Agent
2026-07-30 19:38:36 - app.api.predict - ERROR - Prediction pipeline failed: Failed to generate response due to HTTP error: (Request ID: Root=1-6a6b5ae5-6f37b23d49bff17c6e10bf5a;34d4f5c0-43c2-4c5b-b363-e632efe3a69e)

403 Forbidden: This authentication method does not have sufficient permissions to call Inference Providers on behalf of user Monalisa2810.
Cannot access content at: https://router.huggingface.co/v1/chat/completions.
Make sure your token has the correct permissions.
2026-07-30 19:42:51 - app.api.predict - INFO - Received prediction request from user ymfPxqmNFedF2MoJDSqmERXUtXm1 at (12.840827362353767, 80.15416296644383)
2026-07-30 19:42:51 - app.agents.orchestrator - INFO - Starting orchestration pipeline for report bd0d87c2-9c14-4c0b-b60c-11c13a8ca67f by user ymfPxqmNFedF2MoJDSqmERXUtXm1
2026-07-30 19:42:51 - app.agents.orchestrator - INFO - -> Calling Vision Agent
2026-07-30 19:42:51 - app.agents.vision_agent - INFO - VisionAgent starting analysis.
2026-07-30 19:42:51 - app.services.yolo_service - INFO - Running YOLO inference...
2026-07-30 19:42:52 - app.services.yolo_service - INFO - Detected 1 pothole(s).
2026-07-30 19:42:52 - app.agents.vision_agent - INFO - VisionAgent analysis complete. Found 1 items.
2026-07-30 19:42:52 - app.agents.orchestrator - INFO - -> Calling Weather Agent
2026-07-30 19:42:54 - app.agents.orchestrator - WARNING - Weather Agent HTTP call failed (All connection attempts failed). Falling back to mock data.
2026-07-30 19:42:54 - app.agents.orchestrator - INFO - -> Calling Memory Agent (Stub)
2026-07-30 19:42:55 - app.services.database_service - INFO - Found 0 reports within 500m.
2026-07-30 19:42:55 - app.agents.orchestrator - INFO - -> Calling Gemma Reasoning Agent
2026-07-30 19:42:56 - app.api.predict - ERROR - Prediction pipeline failed: Failed to generate response due to HTTP error: (Request ID: Root=1-6a6b5be8-7be1a19e24ab7fb6770ee736;e09b7517-c18b-4aab-b96c-78ba52deb713)

403 Forbidden: This authentication method does not have sufficient permissions to call Inference Providers on behalf of user Monalisa2810.
Cannot access content at: https://router.huggingface.co/v1/chat/completions.
Make sure your token has the correct permissions.
2026-07-30 19:43:13 - app.api.predict - INFO - Received prediction request from user ymfPxqmNFedF2MoJDSqmERXUtXm1 at (12.840827362353767, 80.15416296644383)
2026-07-30 19:43:13 - app.agents.orchestrator - INFO - Starting orchestration pipeline for report e0378c27-19cc-43fc-bd86-cd4bb28f7e47 by user ymfPxqmNFedF2MoJDSqmERXUtXm1
2026-07-30 19:43:13 - app.agents.orchestrator - INFO - -> Calling Vision Agent
2026-07-30 19:43:13 - app.agents.vision_agent - INFO - VisionAgent starting analysis.
2026-07-30 19:43:13 - app.services.yolo_service - INFO - Running YOLO inference...
2026-07-30 19:43:13 - app.services.yolo_service - INFO - Detected 1 pothole(s).
2026-07-30 19:43:13 - app.agents.vision_agent - INFO - VisionAgent analysis complete. Found 1 items.
2026-07-30 19:43:13 - app.agents.orchestrator - INFO - -> Calling Weather Agent
2026-07-30 19:43:15 - app.agents.orchestrator - WARNING - Weather Agent HTTP call failed (All connection attempts failed). Falling back to mock data.
2026-07-30 19:43:15 - app.agents.orchestrator - INFO - -> Calling Memory Agent (Stub)
2026-07-30 19:43:16 - app.services.database_service - INFO - Found 0 reports within 500m.
2026-07-30 19:43:16 - app.agents.orchestrator - INFO - -> Calling Gemma Reasoning Agent
2026-07-30 19:43:17 - app.api.predict - ERROR - Prediction pipeline failed: Failed to generate response due to HTTP error: (Request ID: Root=1-6a6b5bfd-4ea5c80b6ec961c238daad89;2f0a23bc-5bf1-4577-9824-6bbca05b29d5)

403 Forbidden: This authentication method does not have sufficient permissions to call Inference Providers on behalf of user Monalisa2810.
Cannot access content at: https://router.huggingface.co/v1/chat/completions.
Make sure your token has the correct permissions.
2026-07-30 20:21:17 - app.api.predict - INFO - Received prediction request from user ymfPxqmNFedF2MoJDSqmERXUtXm1 at (12.84158135085779, 80.15749311261406)
2026-07-30 20:21:17 - app.agents.orchestrator - INFO - Starting orchestration pipeline for report 5b5f7dce-db15-4302-8c10-eb02ebe9c036 by user ymfPxqmNFedF2MoJDSqmERXUtXm1
2026-07-30 20:21:17 - app.agents.orchestrator - INFO - -> Calling Vision Agent
2026-07-30 20:21:17 - app.agents.vision_agent - INFO - VisionAgent starting analysis.
2026-07-30 20:21:17 - app.services.yolo_service - INFO - Running YOLO inference...
2026-07-30 20:21:18 - app.services.yolo_service - INFO - Detected 1 pothole(s).
2026-07-30 20:21:18 - app.agents.vision_agent - INFO - VisionAgent analysis complete. Found 1 items.
2026-07-30 20:21:18 - app.agents.orchestrator - INFO - -> Calling Weather Agent
2026-07-30 20:21:20 - app.agents.orchestrator - WARNING - Weather Agent HTTP call failed (All connection attempts failed). Falling back to mock data.
2026-07-30 20:21:20 - app.agents.orchestrator - INFO - -> Calling Memory Agent (Stub)
2026-07-30 20:21:46 - app.services.database_service - INFO - Found 0 reports within 500m.
2026-07-30 20:21:46 - app.agents.orchestrator - INFO - -> Calling Gemma Reasoning Agent
2026-07-30 20:21:47 - app.api.predict - ERROR - Prediction pipeline failed: Failed to generate response due to HTTP error: (Request ID: Root=1-6a6b6503-0214858c0a86e10564949476;f85df928-5738-4d87-add0-023c4fccebf2)

403 Forbidden: This authentication method does not have sufficient permissions to call Inference Providers on behalf of user Monalisa2810.
Cannot access content at: https://router.huggingface.co/v1/chat/completions.
Make sure your token has the correct permissions.
2026-07-30 20:21:56 - app.api.predict - INFO - Received prediction request from user ymfPxqmNFedF2MoJDSqmERXUtXm1 at (12.841600282230687, 80.15748567729857)
2026-07-30 20:21:56 - app.agents.orchestrator - INFO - Starting orchestration pipeline for report 135dc96f-1d75-46df-b4a8-3fbb2d5ae61d by user ymfPxqmNFedF2MoJDSqmERXUtXm1
2026-07-30 20:21:56 - app.agents.orchestrator - INFO - -> Calling Vision Agent
2026-07-30 20:21:56 - app.agents.vision_agent - INFO - VisionAgent starting analysis.
2026-07-30 20:21:56 - app.services.yolo_service - INFO - Running YOLO inference...
2026-07-30 20:21:56 - app.services.yolo_service - INFO - Detected 1 pothole(s).
2026-07-30 20:21:56 - app.agents.vision_agent - INFO - VisionAgent analysis complete. Found 1 items.
2026-07-30 20:21:56 - app.agents.orchestrator - INFO - -> Calling Weather Agent
2026-07-30 20:21:59 - app.agents.orchestrator - WARNING - Weather Agent HTTP call failed (All connection attempts failed). Falling back to mock data.
2026-07-30 20:21:59 - app.agents.orchestrator - INFO - -> Calling Memory Agent (Stub)
2026-07-30 20:21:59 - app.services.database_service - INFO - Found 0 reports within 500m.
2026-07-30 20:21:59 - app.agents.orchestrator - INFO - -> Calling Gemma Reasoning Agent
2026-07-30 20:22:00 - app.api.predict - ERROR - Prediction pipeline failed: Failed to generate response due to HTTP error: (Request ID: Root=1-6a6b6510-53ce4a126dc81a661e0980c6;b18bc3a7-282f-43de-b7dd-a48e03bbcf93)

403 Forbidden: This authentication method does not have sufficient permissions to call Inference Providers on behalf of user Monalisa2810.
Cannot access content at: https://router.huggingface.co/v1/chat/completions.
Make sure your token has the correct permissions.
2026-07-30 20:23:54 - app.models.loaders - INFO - Initialized ModelLoader singleton.
2026-07-30 20:23:54 - app.agents.vision_agent - INFO - VisionAgent initialized.
2026-07-30 20:23:54 - app.database.firebase - INFO - Initializing Firebase with credentials from C:\Users\MONALISA DAS\RoadGuardianAI\firebase-credentials.json
2026-07-30 20:23:54 - app.database.firebase - INFO - Successfully initialized Firebase Admin SDK.
2026-07-30 20:23:54 - app.database.firebase - INFO - Firestore client created.
2026-07-30 20:26:54 - app.api.predict - INFO - Received prediction request from user anonymous at (12.841600282230687, 80.15748567729857)
2026-07-30 20:26:54 - app.agents.orchestrator - INFO - Starting orchestration pipeline for report 46f980fb-1f8a-46f1-b6cb-39ea65596ff5 by user anonymous
2026-07-30 20:26:54 - app.agents.orchestrator - INFO - -> Calling Vision Agent
2026-07-30 20:26:54 - app.agents.vision_agent - INFO - VisionAgent starting analysis.
2026-07-30 20:26:54 - app.models.loaders - INFO - Loading YOLOv8 pothole model from C:\Users\MONALISA DAS\RoadGuardianAI\backend\app\models\pothole\best.pt...
2026-07-30 20:26:54 - app.models.loaders - INFO - Successfully loaded YOLOv8 pothole model.
2026-07-30 20:26:54 - app.services.yolo_service - INFO - Running YOLO inference...
2026-07-30 20:26:59 - app.services.yolo_service - INFO - Detected 1 pothole(s).
2026-07-30 20:26:59 - app.agents.vision_agent - INFO - VisionAgent analysis complete. Found 1 items.
2026-07-30 20:26:59 - app.agents.orchestrator - INFO - -> Calling Weather Agent
2026-07-30 20:27:01 - app.agents.orchestrator - WARNING - Weather Agent HTTP call failed (All connection attempts failed). Falling back to mock data.
2026-07-30 20:27:01 - app.agents.orchestrator - INFO - -> Calling Memory Agent (Stub)
2026-07-30 20:27:02 - app.services.database_service - INFO - Found 0 reports within 500m.
2026-07-30 20:27:02 - app.agents.orchestrator - INFO - -> Calling Gemma Reasoning Agent
2026-07-30 20:27:02 - app.agents.orchestrator - INFO - -> Calling Planning Agent
2026-07-30 20:27:02 - app.agents.orchestrator - INFO - -> Calling Report Agent
2026-07-30 20:27:02 - app.agents.orchestrator - INFO - -> Saving final report to Firestore
2026-07-30 20:27:04 - app.services.database_service - INFO - Successfully saved report 46f980fb-1f8a-46f1-b6cb-39ea65596ff5
2026-07-30 20:27:04 - app.agents.orchestrator - INFO - Orchestration complete for report 46f980fb-1f8a-46f1-b6cb-39ea65596ff5
2026-07-30 20:38:37 - app.models.loaders - INFO - Initialized ModelLoader singleton.
2026-07-30 20:38:37 - app.agents.vision_agent - INFO - VisionAgent initialized.
2026-07-30 20:38:37 - app.database.firebase - INFO - Initializing Firebase with credentials from C:\Users\MONALISA DAS\RoadGuardianAI\firebase-credentials.json
2026-07-30 20:38:37 - app.database.firebase - INFO - Successfully initialized Firebase Admin SDK.
2026-07-30 20:38:37 - app.database.firebase - INFO - Firestore client created.
2026-07-30 20:38:43 - app.models.loaders - INFO - Initialized ModelLoader singleton.
2026-07-30 20:38:43 - app.agents.vision_agent - INFO - VisionAgent initialized.
2026-07-30 20:38:43 - app.database.firebase - INFO - Initializing Firebase with credentials from C:\Users\MONALISA DAS\RoadGuardianAI\firebase-credentials.json
2026-07-30 20:38:43 - app.database.firebase - INFO - Successfully initialized Firebase Admin SDK.
2026-07-30 20:38:43 - app.database.firebase - INFO - Firestore client created.
2026-07-30 20:42:49 - app.agents.vision_agent - INFO - VisionAgent starting analysis.
2026-07-30 20:42:49 - app.models.loaders - INFO - Loading YOLOv8 pothole model from C:\Users\MONALISA DAS\RoadGuardianAI\backend\app\models\pothole\best.pt...
2026-07-30 20:42:49 - app.models.loaders - INFO - Successfully loaded YOLOv8 pothole model.
2026-07-30 20:42:49 - app.services.yolo_service - INFO - Running YOLO inference...
2026-07-30 20:42:55 - app.services.yolo_service - INFO - Detected 1 pothole(s).
2026-07-30 20:42:55 - app.agents.vision_agent - INFO - VisionAgent analysis complete. Found 1 items.
2026-07-30 20:44:52 - app.agents.vision_agent - INFO - VisionAgent starting analysis.
2026-07-30 20:44:52 - app.services.yolo_service - INFO - Running YOLO inference...
2026-07-30 20:44:52 - app.services.yolo_service - INFO - No potholes detected in the image.
2026-07-30 20:44:52 - app.agents.vision_agent - INFO - VisionAgent analysis complete. Found 0 items.
2026-07-30 20:44:53 - app.agents.vision_agent - INFO - VisionAgent starting analysis.
2026-07-30 20:44:53 - app.services.yolo_service - INFO - Running YOLO inference...
2026-07-30 20:44:53 - app.services.yolo_service - INFO - No potholes detected in the image.
2026-07-30 20:44:53 - app.agents.vision_agent - INFO - VisionAgent analysis complete. Found 0 items.
2026-07-30 20:44:54 - app.agents.vision_agent - INFO - VisionAgent starting analysis.
2026-07-30 20:44:54 - app.services.yolo_service - INFO - Running YOLO inference...
2026-07-30 20:44:54 - app.services.yolo_service - INFO - No potholes detected in the image.
2026-07-30 20:44:54 - app.agents.vision_agent - INFO - VisionAgent analysis complete. Found 0 items.
2026-07-30 20:44:55 - app.agents.vision_agent - INFO - VisionAgent starting analysis.
2026-07-30 20:44:55 - app.services.yolo_service - INFO - Running YOLO inference...
2026-07-30 20:44:55 - app.services.yolo_service - INFO - No potholes detected in the image.
2026-07-30 20:44:55 - app.agents.vision_agent - INFO - VisionAgent analysis complete. Found 0 items.
2026-07-30 20:44:56 - app.agents.vision_agent - INFO - VisionAgent starting analysis.
2026-07-30 20:44:56 - app.services.yolo_service - INFO - Running YOLO inference...
2026-07-30 20:44:56 - app.services.yolo_service - INFO - Detected 1 pothole(s).
2026-07-30 20:44:56 - app.agents.vision_agent - INFO - VisionAgent analysis complete. Found 1 items.
2026-07-30 20:44:57 - app.agents.vision_agent - INFO - VisionAgent starting analysis.
2026-07-30 20:44:57 - app.services.yolo_service - INFO - Running YOLO inference...
2026-07-30 20:44:57 - app.services.yolo_service - INFO - Detected 1 pothole(s).
2026-07-30 20:44:57 - app.agents.vision_agent - INFO - VisionAgent analysis complete. Found 1 items.
2026-07-30 20:44:58 - app.agents.vision_agent - INFO - VisionAgent starting analysis.
2026-07-30 20:44:58 - app.services.yolo_service - INFO - Running YOLO inference...
2026-07-30 20:44:58 - app.services.yolo_service - INFO - No potholes detected in the image.
2026-07-30 20:44:58 - app.agents.vision_agent - INFO - VisionAgent analysis complete. Found 0 items.
2026-07-30 20:44:59 - app.agents.vision_agent - INFO - VisionAgent starting analysis.
2026-07-30 20:44:59 - app.services.yolo_service - INFO - Running YOLO inference...
2026-07-30 20:44:59 - app.services.yolo_service - INFO - No potholes detected in the image.
2026-07-30 20:44:59 - app.agents.vision_agent - INFO - VisionAgent analysis complete. Found 0 items.
2026-07-30 20:45:00 - app.agents.vision_agent - INFO - VisionAgent starting analysis.
2026-07-30 20:45:00 - app.services.yolo_service - INFO - Running YOLO inference...
2026-07-30 20:45:00 - app.services.yolo_service - INFO - No potholes detected in the image.
2026-07-30 20:45:00 - app.agents.vision_agent - INFO - VisionAgent analysis complete. Found 0 items.
2026-07-30 20:45:01 - app.agents.vision_agent - INFO - VisionAgent starting analysis.
2026-07-30 20:45:01 - app.services.yolo_service - INFO - Running YOLO inference...
2026-07-30 20:45:01 - app.services.yolo_service - INFO - No potholes detected in the image.
2026-07-30 20:45:01 - app.agents.vision_agent - INFO - VisionAgent analysis complete. Found 0 items.
2026-07-30 20:45:02 - app.agents.vision_agent - INFO - VisionAgent starting analysis.
2026-07-30 20:45:02 - app.services.yolo_service - INFO - Running YOLO inference...
2026-07-30 20:45:02 - app.services.yolo_service - INFO - No potholes detected in the image.
2026-07-30 20:45:02 - app.agents.vision_agent - INFO - VisionAgent analysis complete. Found 0 items.
2026-07-30 20:45:03 - app.agents.vision_agent - INFO - VisionAgent starting analysis.
2026-07-30 20:45:03 - app.services.yolo_service - INFO - Running YOLO inference...
2026-07-30 20:45:03 - app.services.yolo_service - INFO - No potholes detected in the image.
2026-07-30 20:45:03 - app.agents.vision_agent - INFO - VisionAgent analysis complete. Found 0 items.
2026-07-30 20:45:04 - app.agents.vision_agent - INFO - VisionAgent starting analysis.
2026-07-30 20:45:04 - app.services.yolo_service - INFO - Running YOLO inference...
2026-07-30 20:45:04 - app.services.yolo_service - INFO - No potholes detected in the image.
2026-07-30 20:45:04 - app.agents.vision_agent - INFO - VisionAgent analysis complete. Found 0 items.
2026-07-30 20:45:05 - app.agents.vision_agent - INFO - VisionAgent starting analysis.
2026-07-30 20:45:05 - app.services.yolo_service - INFO - Running YOLO inference...
2026-07-30 20:45:06 - app.services.yolo_service - INFO - No potholes detected in the image.
2026-07-30 20:45:06 - app.agents.vision_agent - INFO - VisionAgent analysis complete. Found 0 items.
2026-07-30 20:45:06 - app.agents.vision_agent - INFO - VisionAgent starting analysis.
2026-07-30 20:45:06 - app.services.yolo_service - INFO - Running YOLO inference...
2026-07-30 20:45:07 - app.services.yolo_service - INFO - No potholes detected in the image.
2026-07-30 20:45:07 - app.agents.vision_agent - INFO - VisionAgent analysis complete. Found 0 items.
2026-07-30 20:45:08 - app.agents.vision_agent - INFO - VisionAgent starting analysis.
2026-07-30 20:45:08 - app.services.yolo_service - INFO - Running YOLO inference...
2026-07-30 20:45:08 - app.services.yolo_service - INFO - No potholes detected in the image.
2026-07-30 20:45:08 - app.agents.vision_agent - INFO - VisionAgent analysis complete. Found 0 items.
2026-07-30 20:45:09 - app.agents.vision_agent - INFO - VisionAgent starting analysis.
2026-07-30 20:45:09 - app.services.yolo_service - INFO - Running YOLO inference...
2026-07-30 20:45:09 - app.services.yolo_service - INFO - No potholes detected in the image.
2026-07-30 20:45:09 - app.agents.vision_agent - INFO - VisionAgent analysis complete. Found 0 items.
2026-07-30 20:45:10 - app.agents.vision_agent - INFO - VisionAgent starting analysis.
2026-07-30 20:45:10 - app.services.yolo_service - INFO - Running YOLO inference...
2026-07-30 20:45:10 - app.services.yolo_service - INFO - No potholes detected in the image.
2026-07-30 20:45:10 - app.agents.vision_agent - INFO - VisionAgent analysis complete. Found 0 items.
2026-07-30 20:45:11 - app.agents.vision_agent - INFO - VisionAgent starting analysis.
2026-07-30 20:45:11 - app.services.yolo_service - INFO - Running YOLO inference...
2026-07-30 20:45:11 - app.services.yolo_service - INFO - No potholes detected in the image.
2026-07-30 20:45:11 - app.agents.vision_agent - INFO - VisionAgent analysis complete. Found 0 items.
2026-07-30 20:45:12 - app.agents.vision_agent - INFO - VisionAgent starting analysis.
2026-07-30 20:45:12 - app.services.yolo_service - INFO - Running YOLO inference...
2026-07-30 20:45:12 - app.services.yolo_service - INFO - No potholes detected in the image.
2026-07-30 20:45:12 - app.agents.vision_agent - INFO - VisionAgent analysis complete. Found 0 items.
2026-07-30 20:45:13 - app.agents.vision_agent - INFO - VisionAgent starting analysis.
2026-07-30 20:45:13 - app.services.yolo_service - INFO - Running YOLO inference...
2026-07-30 20:45:13 - app.services.yolo_service - INFO - No potholes detected in the image.
2026-07-30 20:45:13 - app.agents.vision_agent - INFO - VisionAgent analysis complete. Found 0 items.
2026-07-30 20:45:14 - app.agents.vision_agent - INFO - VisionAgent starting analysis.
2026-07-30 20:45:14 - app.services.yolo_service - INFO - Running YOLO inference...
2026-07-30 20:45:14 - app.services.yolo_service - INFO - No potholes detected in the image.
2026-07-30 20:45:14 - app.agents.vision_agent - INFO - VisionAgent analysis complete. Found 0 items.
2026-07-30 20:45:15 - app.agents.vision_agent - INFO - VisionAgent starting analysis.
2026-07-30 20:45:15 - app.services.yolo_service - INFO - Running YOLO inference...
2026-07-30 20:45:15 - app.services.yolo_service - INFO - No potholes detected in the image.
2026-07-30 20:45:15 - app.agents.vision_agent - INFO - VisionAgent analysis complete. Found 0 items.
2026-07-30 20:45:16 - app.agents.vision_agent - INFO - VisionAgent starting analysis.
2026-07-30 20:45:16 - app.services.yolo_service - INFO - Running YOLO inference...
2026-07-30 20:45:16 - app.services.yolo_service - INFO - No potholes detected in the image.
2026-07-30 20:45:16 - app.agents.vision_agent - INFO - VisionAgent analysis complete. Found 0 items.
2026-07-30 20:45:17 - app.agents.vision_agent - INFO - VisionAgent starting analysis.
2026-07-30 20:45:17 - app.services.yolo_service - INFO - Running YOLO inference...
2026-07-30 20:45:17 - app.services.yolo_service - INFO - No potholes detected in the image.
2026-07-30 20:45:17 - app.agents.vision_agent - INFO - VisionAgent analysis complete. Found 0 items.
2026-07-30 20:45:18 - app.agents.vision_agent - INFO - VisionAgent starting analysis.
2026-07-30 20:45:18 - app.services.yolo_service - INFO - Running YOLO inference...
2026-07-30 20:45:18 - app.services.yolo_service - INFO - No potholes detected in the image.
2026-07-30 20:45:18 - app.agents.vision_agent - INFO - VisionAgent analysis complete. Found 0 items.
2026-07-30 20:45:19 - app.agents.vision_agent - INFO - VisionAgent starting analysis.
2026-07-30 20:45:19 - app.services.yolo_service - INFO - Running YOLO inference...
2026-07-30 20:45:19 - app.services.yolo_service - INFO - No potholes detected in the image.
2026-07-30 20:45:19 - app.agents.vision_agent - INFO - VisionAgent analysis complete. Found 0 items.
2026-07-30 20:45:20 - app.agents.vision_agent - INFO - VisionAgent starting analysis.
2026-07-30 20:45:20 - app.services.yolo_service - INFO - Running YOLO inference...
2026-07-30 20:45:21 - app.services.yolo_service - INFO - Detected 1 pothole(s).
2026-07-30 20:45:21 - app.agents.vision_agent - INFO - VisionAgent analysis complete. Found 1 items.
2026-07-30 20:45:21 - app.agents.vision_agent - INFO - VisionAgent starting analysis.
2026-07-30 20:45:21 - app.services.yolo_service - INFO - Running YOLO inference...
2026-07-30 20:45:22 - app.services.yolo_service - INFO - Detected 1 pothole(s).
2026-07-30 20:45:22 - app.agents.vision_agent - INFO - VisionAgent analysis complete. Found 1 items.
2026-07-30 20:45:23 - app.agents.vision_agent - INFO - VisionAgent starting analysis.
2026-07-30 20:45:23 - app.services.yolo_service - INFO - Running YOLO inference...
2026-07-30 20:45:23 - app.services.yolo_service - INFO - No potholes detected in the image.
2026-07-30 20:45:23 - app.agents.vision_agent - INFO - VisionAgent analysis complete. Found 0 items.
2026-07-30 20:45:24 - app.agents.vision_agent - INFO - VisionAgent starting analysis.
2026-07-30 20:45:24 - app.services.yolo_service - INFO - Running YOLO inference...
2026-07-30 20:45:24 - app.services.yolo_service - INFO - No potholes detected in the image.
2026-07-30 20:45:24 - app.agents.vision_agent - INFO - VisionAgent analysis complete. Found 0 items.
2026-07-30 20:45:25 - app.agents.vision_agent - INFO - VisionAgent starting analysis.
2026-07-30 20:45:25 - app.services.yolo_service - INFO - Running YOLO inference...
2026-07-30 20:45:25 - app.services.yolo_service - INFO - No potholes detected in the image.
2026-07-30 20:45:25 - app.agents.vision_agent - INFO - VisionAgent analysis complete. Found 0 items.
2026-07-30 20:45:26 - app.agents.vision_agent - INFO - VisionAgent starting analysis.
2026-07-30 20:45:26 - app.services.yolo_service - INFO - Running YOLO inference...
2026-07-30 20:45:26 - app.services.yolo_service - INFO - No potholes detected in the image.
2026-07-30 20:45:26 - app.agents.vision_agent - INFO - VisionAgent analysis complete. Found 0 items.
2026-07-30 20:45:27 - app.agents.vision_agent - INFO - VisionAgent starting analysis.
2026-07-30 20:45:27 - app.services.yolo_service - INFO - Running YOLO inference...
2026-07-30 20:45:27 - app.services.yolo_service - INFO - No potholes detected in the image.
2026-07-30 20:45:27 - app.agents.vision_agent - INFO - VisionAgent analysis complete. Found 0 items.
2026-07-30 20:45:28 - app.agents.vision_agent - INFO - VisionAgent starting analysis.
2026-07-30 20:45:28 - app.services.yolo_service - INFO - Running YOLO inference...
2026-07-30 20:45:28 - app.services.yolo_service - INFO - No potholes detected in the image.
2026-07-30 20:45:28 - app.agents.vision_agent - INFO - VisionAgent analysis complete. Found 0 items.
2026-07-30 20:45:29 - app.agents.vision_agent - INFO - VisionAgent starting analysis.
2026-07-30 20:45:29 - app.services.yolo_service - INFO - Running YOLO inference...
2026-07-30 20:45:29 - app.services.yolo_service - INFO - No potholes detected in the image.
2026-07-30 20:45:29 - app.agents.vision_agent - INFO - VisionAgent analysis complete. Found 0 items.
2026-07-30 20:45:30 - app.agents.vision_agent - INFO - VisionAgent starting analysis.
2026-07-30 20:45:30 - app.services.yolo_service - INFO - Running YOLO inference...
2026-07-30 20:45:30 - app.services.yolo_service - INFO - No potholes detected in the image.
2026-07-30 20:45:30 - app.agents.vision_agent - INFO - VisionAgent analysis complete. Found 0 items.
2026-07-30 20:45:31 - app.agents.vision_agent - INFO - VisionAgent starting analysis.
2026-07-30 20:45:31 - app.services.yolo_service - INFO - Running YOLO inference...
2026-07-30 20:45:31 - app.services.yolo_service - INFO - No potholes detected in the image.
2026-07-30 20:45:31 - app.agents.vision_agent - INFO - VisionAgent analysis complete. Found 0 items.
2026-07-30 20:45:32 - app.agents.vision_agent - INFO - VisionAgent starting analysis.
2026-07-30 20:45:32 - app.services.yolo_service - INFO - Running YOLO inference...
2026-07-30 20:45:32 - app.services.yolo_service - INFO - No potholes detected in the image.
2026-07-30 20:45:32 - app.agents.vision_agent - INFO - VisionAgent analysis complete. Found 0 items.
2026-07-30 20:45:33 - app.agents.vision_agent - INFO - VisionAgent starting analysis.
2026-07-30 20:45:33 - app.services.yolo_service - INFO - Running YOLO inference...
2026-07-30 20:45:33 - app.services.yolo_service - INFO - No potholes detected in the image.
2026-07-30 20:45:33 - app.agents.vision_agent - INFO - VisionAgent analysis complete. Found 0 items.
2026-07-30 20:45:34 - app.agents.vision_agent - INFO - VisionAgent starting analysis.
2026-07-30 20:45:34 - app.services.yolo_service - INFO - Running YOLO inference...
2026-07-30 20:45:34 - app.services.yolo_service - INFO - No potholes detected in the image.
2026-07-30 20:45:34 - app.agents.vision_agent - INFO - VisionAgent analysis complete. Found 0 items.
2026-07-30 20:45:35 - app.agents.vision_agent - INFO - VisionAgent starting analysis.
2026-07-30 20:45:35 - app.services.yolo_service - INFO - Running YOLO inference...
2026-07-30 20:45:35 - app.services.yolo_service - INFO - No potholes detected in the image.
2026-07-30 20:45:35 - app.agents.vision_agent - INFO - VisionAgent analysis complete. Found 0 items.
2026-07-30 20:45:36 - app.agents.vision_agent - INFO - VisionAgent starting analysis.
2026-07-30 20:45:36 - app.services.yolo_service - INFO - Running YOLO inference...
2026-07-30 20:45:37 - app.services.yolo_service - INFO - No potholes detected in the image.
2026-07-30 20:45:37 - app.agents.vision_agent - INFO - VisionAgent analysis complete. Found 0 items.
2026-07-30 20:45:37 - app.agents.vision_agent - INFO - VisionAgent starting analysis.
2026-07-30 20:45:37 - app.services.yolo_service - INFO - Running YOLO inference...
2026-07-30 20:45:38 - app.services.yolo_service - INFO - No potholes detected in the image.
2026-07-30 20:45:38 - app.agents.vision_agent - INFO - VisionAgent analysis complete. Found 0 items.
2026-07-30 20:45:39 - app.agents.vision_agent - INFO - VisionAgent starting analysis.
2026-07-30 20:45:39 - app.services.yolo_service - INFO - Running YOLO inference...
2026-07-30 20:45:39 - app.services.yolo_service - INFO - No potholes detected in the image.
2026-07-30 20:45:39 - app.agents.vision_agent - INFO - VisionAgent analysis complete. Found 0 items.
2026-07-30 20:45:40 - app.agents.vision_agent - INFO - VisionAgent starting analysis.
2026-07-30 20:45:40 - app.services.yolo_service - INFO - Running YOLO inference...
2026-07-30 20:45:40 - app.services.yolo_service - INFO - No potholes detected in the image.
2026-07-30 20:45:40 - app.agents.vision_agent - INFO - VisionAgent analysis complete. Found 0 items.
2026-07-30 20:45:41 - app.agents.vision_agent - INFO - VisionAgent starting analysis.
2026-07-30 20:45:41 - app.services.yolo_service - INFO - Running YOLO inference...
2026-07-30 20:45:41 - app.services.yolo_service - INFO - No potholes detected in the image.
2026-07-30 20:45:41 - app.agents.vision_agent - INFO - VisionAgent analysis complete. Found 0 items.
2026-07-30 20:45:42 - app.agents.vision_agent - INFO - VisionAgent starting analysis.
2026-07-30 20:45:42 - app.services.yolo_service - INFO - Running YOLO inference...
2026-07-30 20:45:42 - app.services.yolo_service - INFO - No potholes detected in the image.
2026-07-30 20:45:42 - app.agents.vision_agent - INFO - VisionAgent analysis complete. Found 0 items.
2026-07-30 20:45:43 - app.agents.vision_agent - INFO - VisionAgent starting analysis.
2026-07-30 20:45:43 - app.services.yolo_service - INFO - Running YOLO inference...
2026-07-30 20:45:43 - app.services.yolo_service - INFO - No potholes detected in the image.
2026-07-30 20:45:43 - app.agents.vision_agent - INFO - VisionAgent analysis complete. Found 0 items.
2026-07-30 20:45:45 - app.agents.vision_agent - INFO - VisionAgent starting analysis.
2026-07-30 20:45:45 - app.services.yolo_service - INFO - Running YOLO inference...
2026-07-30 20:45:45 - app.services.yolo_service - INFO - No potholes detected in the image.
2026-07-30 20:45:45 - app.agents.vision_agent - INFO - VisionAgent analysis complete. Found 0 items.
2026-07-30 20:45:46 - app.agents.vision_agent - INFO - VisionAgent starting analysis.
2026-07-30 20:45:46 - app.services.yolo_service - INFO - Running YOLO inference...
2026-07-30 20:45:46 - app.services.yolo_service - INFO - No potholes detected in the image.
2026-07-30 20:45:46 - app.agents.vision_agent - INFO - VisionAgent analysis complete. Found 0 items.
2026-07-30 20:45:47 - app.agents.vision_agent - INFO - VisionAgent starting analysis.
2026-07-30 20:45:47 - app.services.yolo_service - INFO - Running YOLO inference...
2026-07-30 20:45:48 - app.services.yolo_service - INFO - No potholes detected in the image.
2026-07-30 20:45:48 - app.agents.vision_agent - INFO - VisionAgent analysis complete. Found 0 items.
2026-07-30 20:45:49 - app.agents.vision_agent - INFO - VisionAgent starting analysis.
2026-07-30 20:45:49 - app.services.yolo_service - INFO - Running YOLO inference...
2026-07-30 20:45:49 - app.services.yolo_service - INFO - No potholes detected in the image.
2026-07-30 20:45:49 - app.agents.vision_agent - INFO - VisionAgent analysis complete. Found 0 items.
2026-07-30 20:45:50 - app.agents.vision_agent - INFO - VisionAgent starting analysis.
2026-07-30 20:45:50 - app.services.yolo_service - INFO - Running YOLO inference...
2026-07-30 20:45:50 - app.services.yolo_service - INFO - No potholes detected in the image.
2026-07-30 20:45:50 - app.agents.vision_agent - INFO - VisionAgent analysis complete. Found 0 items.
2026-07-30 20:45:51 - app.agents.vision_agent - INFO - VisionAgent starting analysis.
2026-07-30 20:45:51 - app.services.yolo_service - INFO - Running YOLO inference...
2026-07-30 20:45:52 - app.services.yolo_service - INFO - No potholes detected in the image.
2026-07-30 20:45:52 - app.agents.vision_agent - INFO - VisionAgent analysis complete. Found 0 items.
2026-07-30 20:45:53 - app.agents.vision_agent - INFO - VisionAgent starting analysis.
2026-07-30 20:45:53 - app.services.yolo_service - INFO - Running YOLO inference...
2026-07-30 20:45:53 - app.services.yolo_service - INFO - No potholes detected in the image.
2026-07-30 20:45:53 - app.agents.vision_agent - INFO - VisionAgent analysis complete. Found 0 items.
2026-07-30 20:45:54 - app.agents.vision_agent - INFO - VisionAgent starting analysis.
2026-07-30 20:45:54 - app.services.yolo_service - INFO - Running YOLO inference...
2026-07-30 20:45:54 - app.services.yolo_service - INFO - No potholes detected in the image.
2026-07-30 20:45:54 - app.agents.vision_agent - INFO - VisionAgent analysis complete. Found 0 items.
2026-07-30 20:45:55 - app.agents.vision_agent - INFO - VisionAgent starting analysis.
2026-07-30 20:45:55 - app.services.yolo_service - INFO - Running YOLO inference...
2026-07-30 20:45:56 - app.services.yolo_service - INFO - No potholes detected in the image.
2026-07-30 20:45:56 - app.agents.vision_agent - INFO - VisionAgent analysis complete. Found 0 items.
2026-07-30 20:45:57 - app.agents.vision_agent - INFO - VisionAgent starting analysis.
2026-07-30 20:45:57 - app.services.yolo_service - INFO - Running YOLO inference...
2026-07-30 20:45:57 - app.services.yolo_service - INFO - No potholes detected in the image.
2026-07-30 20:45:57 - app.agents.vision_agent - INFO - VisionAgent analysis complete. Found 0 items.
2026-07-30 20:45:58 - app.agents.vision_agent - INFO - VisionAgent starting analysis.
2026-07-30 20:45:58 - app.services.yolo_service - INFO - Running YOLO inference...
2026-07-30 20:45:58 - app.services.yolo_service - INFO - No potholes detected in the image.
2026-07-30 20:45:58 - app.agents.vision_agent - INFO - VisionAgent analysis complete. Found 0 items.
2026-07-30 20:45:59 - app.agents.vision_agent - INFO - VisionAgent starting analysis.
2026-07-30 20:45:59 - app.services.yolo_service - INFO - Running YOLO inference...
2026-07-30 20:46:00 - app.services.yolo_service - INFO - No potholes detected in the image.
2026-07-30 20:46:00 - app.agents.vision_agent - INFO - VisionAgent analysis complete. Found 0 items.
2026-07-30 20:46:01 - app.agents.vision_agent - INFO - VisionAgent starting analysis.
2026-07-30 20:46:01 - app.services.yolo_service - INFO - Running YOLO inference...
2026-07-30 20:46:01 - app.services.yolo_service - INFO - No potholes detected in the image.
2026-07-30 20:46:01 - app.agents.vision_agent - INFO - VisionAgent analysis complete. Found 0 items.
2026-07-30 20:46:02 - app.agents.vision_agent - INFO - VisionAgent starting analysis.
2026-07-30 20:46:02 - app.services.yolo_service - INFO - Running YOLO inference...
2026-07-30 20:46:03 - app.services.yolo_service - INFO - No potholes detected in the image.
2026-07-30 20:46:03 - app.agents.vision_agent - INFO - VisionAgent analysis complete. Found 0 items.
2026-07-30 20:46:04 - app.agents.vision_agent - INFO - VisionAgent starting analysis.
2026-07-30 20:46:04 - app.services.yolo_service - INFO - Running YOLO inference...
2026-07-30 20:46:04 - app.services.yolo_service - INFO - No potholes detected in the image.
2026-07-30 20:46:04 - app.agents.vision_agent - INFO - VisionAgent analysis complete. Found 0 items.
2026-07-30 20:46:05 - app.agents.vision_agent - INFO - VisionAgent starting analysis.
2026-07-30 20:46:05 - app.services.yolo_service - INFO - Running YOLO inference...
2026-07-30 20:46:05 - app.services.yolo_service - INFO - No potholes detected in the image.
2026-07-30 20:46:05 - app.agents.vision_agent - INFO - VisionAgent analysis complete. Found 0 items.
2026-07-30 20:46:06 - app.agents.vision_agent - INFO - VisionAgent starting analysis.
2026-07-30 20:46:06 - app.services.yolo_service - INFO - Running YOLO inference...
2026-07-30 20:46:06 - app.services.yolo_service - INFO - No potholes detected in the image.
2026-07-30 20:46:06 - app.agents.vision_agent - INFO - VisionAgent analysis complete. Found 0 items.
2026-07-30 20:46:08 - app.agents.vision_agent - INFO - VisionAgent starting analysis.
2026-07-30 20:46:08 - app.services.yolo_service - INFO - Running YOLO inference...
2026-07-30 20:46:08 - app.services.yolo_service - INFO - No potholes detected in the image.
2026-07-30 20:46:08 - app.agents.vision_agent - INFO - VisionAgent analysis complete. Found 0 items.
2026-07-30 20:46:09 - app.agents.vision_agent - INFO - VisionAgent starting analysis.
2026-07-30 20:46:09 - app.services.yolo_service - INFO - Running YOLO inference...
2026-07-30 20:46:09 - app.services.yolo_service - INFO - No potholes detected in the image.
2026-07-30 20:46:09 - app.agents.vision_agent - INFO - VisionAgent analysis complete. Found 0 items.
2026-07-30 20:46:10 - app.agents.vision_agent - INFO - VisionAgent starting analysis.
2026-07-30 20:46:10 - app.services.yolo_service - INFO - Running YOLO inference...
2026-07-30 20:46:12 - app.services.yolo_service - INFO - Detected 1 pothole(s).
2026-07-30 20:46:12 - app.agents.vision_agent - INFO - VisionAgent analysis complete. Found 1 items.
2026-07-30 20:46:13 - app.agents.vision_agent - INFO - VisionAgent starting analysis.
2026-07-30 20:46:13 - app.services.yolo_service - INFO - Running YOLO inference...
2026-07-30 20:46:14 - app.services.yolo_service - INFO - No potholes detected in the image.
2026-07-30 20:46:14 - app.agents.vision_agent - INFO - VisionAgent analysis complete. Found 0 items.
2026-07-30 20:46:15 - app.agents.vision_agent - INFO - VisionAgent starting analysis.
2026-07-30 20:46:15 - app.services.yolo_service - INFO - Running YOLO inference...
2026-07-30 20:46:15 - app.services.yolo_service - INFO - No potholes detected in the image.
2026-07-30 20:46:15 - app.agents.vision_agent - INFO - VisionAgent analysis complete. Found 0 items.
2026-07-30 20:46:16 - app.agents.vision_agent - INFO - VisionAgent starting analysis.
2026-07-30 20:46:16 - app.services.yolo_service - INFO - Running YOLO inference...
2026-07-30 20:46:16 - app.services.yolo_service - INFO - No potholes detected in the image.
2026-07-30 20:46:16 - app.agents.vision_agent - INFO - VisionAgent analysis complete. Found 0 items.
2026-07-30 20:46:16 - app.agents.vision_agent - INFO - VisionAgent starting analysis.
2026-07-30 20:46:16 - app.services.yolo_service - INFO - Running YOLO inference...
2026-07-30 20:46:16 - app.services.yolo_service - INFO - No potholes detected in the image.
2026-07-30 20:46:16 - app.agents.vision_agent - INFO - VisionAgent analysis complete. Found 0 items.
2026-07-30 20:46:17 - app.agents.vision_agent - INFO - VisionAgent starting analysis.
2026-07-30 20:46:17 - app.services.yolo_service - INFO - Running YOLO inference...
2026-07-30 20:46:18 - app.services.yolo_service - INFO - No potholes detected in the image.
2026-07-30 20:46:18 - app.agents.vision_agent - INFO - VisionAgent analysis complete. Found 0 items.
2026-07-30 20:46:18 - app.agents.vision_agent - INFO - VisionAgent starting analysis.
2026-07-30 20:46:18 - app.services.yolo_service - INFO - Running YOLO inference...
2026-07-30 20:46:19 - app.services.yolo_service - INFO - No potholes detected in the image.
2026-07-30 20:46:19 - app.agents.vision_agent - INFO - VisionAgent analysis complete. Found 0 items.
2026-07-30 20:46:20 - app.agents.vision_agent - INFO - VisionAgent starting analysis.
2026-07-30 20:46:20 - app.services.yolo_service - INFO - Running YOLO inference...
2026-07-30 20:46:20 - app.services.yolo_service - INFO - No potholes detected in the image.
2026-07-30 20:46:20 - app.agents.vision_agent - INFO - VisionAgent analysis complete. Found 0 items.
2026-07-30 20:46:21 - app.agents.vision_agent - INFO - VisionAgent starting analysis.
2026-07-30 20:46:21 - app.services.yolo_service - INFO - Running YOLO inference...
2026-07-30 20:46:21 - app.services.yolo_service - INFO - No potholes detected in the image.
2026-07-30 20:46:21 - app.agents.vision_agent - INFO - VisionAgent analysis complete. Found 0 items.
2026-07-30 20:46:22 - app.agents.vision_agent - INFO - VisionAgent starting analysis.
2026-07-30 20:46:22 - app.services.yolo_service - INFO - Running YOLO inference...
2026-07-30 20:46:22 - app.services.yolo_service - INFO - No potholes detected in the image.
2026-07-30 20:46:22 - app.agents.vision_agent - INFO - VisionAgent analysis complete. Found 0 items.
2026-07-30 20:46:23 - app.agents.vision_agent - INFO - VisionAgent starting analysis.
2026-07-30 20:46:23 - app.services.yolo_service - INFO - Running YOLO inference...
2026-07-30 20:46:23 - app.services.yolo_service - INFO - No potholes detected in the image.
2026-07-30 20:46:23 - app.agents.vision_agent - INFO - VisionAgent analysis complete. Found 0 items.
2026-07-30 20:46:24 - app.agents.vision_agent - INFO - VisionAgent starting analysis.
2026-07-30 20:46:24 - app.services.yolo_service - INFO - Running YOLO inference...
2026-07-30 20:46:24 - app.services.yolo_service - INFO - No potholes detected in the image.
2026-07-30 20:46:24 - app.agents.vision_agent - INFO - VisionAgent analysis complete. Found 0 items.
2026-07-30 20:46:25 - app.agents.vision_agent - INFO - VisionAgent starting analysis.
2026-07-30 20:46:25 - app.services.yolo_service - INFO - Running YOLO inference...
2026-07-30 20:46:25 - app.services.yolo_service - INFO - No potholes detected in the image.
2026-07-30 20:46:25 - app.agents.vision_agent - INFO - VisionAgent analysis complete. Found 0 items.
2026-07-30 20:46:26 - app.agents.vision_agent - INFO - VisionAgent starting analysis.
2026-07-30 20:46:26 - app.services.yolo_service - INFO - Running YOLO inference...
2026-07-30 20:46:26 - app.services.yolo_service - INFO - No potholes detected in the image.
2026-07-30 20:46:26 - app.agents.vision_agent - INFO - VisionAgent analysis complete. Found 0 items.
2026-07-30 20:46:27 - app.agents.vision_agent - INFO - VisionAgent starting analysis.
2026-07-30 20:46:27 - app.services.yolo_service - INFO - Running YOLO inference...
2026-07-30 20:46:27 - app.services.yolo_service - INFO - No potholes detected in the image.
2026-07-30 20:46:27 - app.agents.vision_agent - INFO - VisionAgent analysis complete. Found 0 items.
2026-07-30 20:46:28 - app.agents.vision_agent - INFO - VisionAgent starting analysis.
2026-07-30 20:46:28 - app.services.yolo_service - INFO - Running YOLO inference...
2026-07-30 20:46:28 - app.services.yolo_service - INFO - No potholes detected in the image.
2026-07-30 20:46:28 - app.agents.vision_agent - INFO - VisionAgent analysis complete. Found 0 items.
2026-07-30 20:46:29 - app.agents.vision_agent - INFO - VisionAgent starting analysis.
2026-07-30 20:46:29 - app.services.yolo_service - INFO - Running YOLO inference...
2026-07-30 20:46:29 - app.services.yolo_service - INFO - Detected 14 pothole(s).
2026-07-30 20:46:29 - app.agents.vision_agent - INFO - VisionAgent analysis complete. Found 14 items.
2026-07-30 20:49:13 - app.models.loaders - INFO - Initialized ModelLoader singleton.
2026-07-30 20:49:13 - app.agents.vision_agent - INFO - VisionAgent initialized.
2026-07-30 20:49:13 - app.database.firebase - INFO - Initializing Firebase with credentials from C:\Users\MONALISA DAS\RoadGuardianAI\firebase-credentials.json
2026-07-30 20:49:13 - app.database.firebase - INFO - Successfully initialized Firebase Admin SDK.
2026-07-30 20:49:13 - app.database.firebase - INFO - Firestore client created.
2026-07-30 20:50:31 - app.agents.vision_agent - INFO - VisionAgent starting analysis.
2026-07-30 20:50:31 - app.models.loaders - INFO - Loading YOLOv8 pothole model from C:\Users\MONALISA DAS\RoadGuardianAI\backend\app\models\pothole\best.pt...
2026-07-30 20:50:32 - app.models.loaders - INFO - Successfully loaded YOLOv8 pothole model.
2026-07-30 20:50:32 - app.services.yolo_service - INFO - Running YOLO inference...
2026-07-30 20:50:37 - app.services.yolo_service - INFO - Detected 1 pothole(s).
2026-07-30 20:50:37 - app.agents.vision_agent - INFO - VisionAgent analysis complete. Found 1 items.
2026-07-30 20:50:51 - app.agents.vision_agent - INFO - VisionAgent starting analysis.
2026-07-30 20:50:51 - app.services.yolo_service - INFO - Running YOLO inference...
2026-07-30 20:50:51 - app.services.yolo_service - INFO - No potholes detected in the image.
2026-07-30 20:50:51 - app.agents.vision_agent - INFO - VisionAgent analysis complete. Found 0 items.
2026-07-30 20:50:51 - app.agents.vision_agent - INFO - VisionAgent starting analysis.
2026-07-30 20:50:51 - app.services.yolo_service - INFO - Running YOLO inference...
2026-07-30 20:50:51 - app.services.yolo_service - INFO - No potholes detected in the image.
2026-07-30 20:50:51 - app.agents.vision_agent - INFO - VisionAgent analysis complete. Found 0 items.
2026-07-30 20:50:52 - app.agents.vision_agent - INFO - VisionAgent starting analysis.
2026-07-30 20:50:52 - app.services.yolo_service - INFO - Running YOLO inference...
2026-07-30 20:50:52 - app.services.yolo_service - INFO - No potholes detected in the image.
2026-07-30 20:50:52 - app.agents.vision_agent - INFO - VisionAgent analysis complete. Found 0 items.
2026-07-30 20:50:53 - app.agents.vision_agent - INFO - VisionAgent starting analysis.
2026-07-30 20:50:53 - app.services.yolo_service - INFO - Running YOLO inference...
2026-07-30 20:50:54 - app.services.yolo_service - INFO - No potholes detected in the image.
2026-07-30 20:50:54 - app.agents.vision_agent - INFO - VisionAgent analysis complete. Found 0 items.
2026-07-30 20:50:55 - app.agents.vision_agent - INFO - VisionAgent starting analysis.
2026-07-30 20:50:55 - app.services.yolo_service - INFO - Running YOLO inference...
2026-07-30 20:50:55 - app.services.yolo_service - INFO - Detected 1 pothole(s).
2026-07-30 20:50:55 - app.agents.vision_agent - INFO - VisionAgent analysis complete. Found 1 items.
2026-07-30 20:50:56 - app.agents.vision_agent - INFO - VisionAgent starting analysis.
2026-07-30 20:50:56 - app.services.yolo_service - INFO - Running YOLO inference...
2026-07-30 20:50:56 - app.services.yolo_service - INFO - Detected 1 pothole(s).
2026-07-30 20:50:56 - app.agents.vision_agent - INFO - VisionAgent analysis complete. Found 1 items.
2026-07-30 20:50:57 - app.agents.vision_agent - INFO - VisionAgent starting analysis.
2026-07-30 20:50:57 - app.services.yolo_service - INFO - Running YOLO inference...
2026-07-30 20:50:57 - app.services.yolo_service - INFO - No potholes detected in the image.
2026-07-30 20:50:57 - app.agents.vision_agent - INFO - VisionAgent analysis complete. Found 0 items.
2026-07-30 20:50:58 - app.agents.vision_agent - INFO - VisionAgent starting analysis.
2026-07-30 20:50:58 - app.services.yolo_service - INFO - Running YOLO inference...
2026-07-30 20:50:58 - app.services.yolo_service - INFO - No potholes detected in the image.
2026-07-30 20:50:58 - app.agents.vision_agent - INFO - VisionAgent analysis complete. Found 0 items.
2026-07-30 20:50:59 - app.agents.vision_agent - INFO - VisionAgent starting analysis.
2026-07-30 20:50:59 - app.services.yolo_service - INFO - Running YOLO inference...
2026-07-30 20:50:59 - app.services.yolo_service - INFO - No potholes detected in the image.
2026-07-30 20:50:59 - app.agents.vision_agent - INFO - VisionAgent analysis complete. Found 0 items.
2026-07-30 20:51:00 - app.agents.vision_agent - INFO - VisionAgent starting analysis.
2026-07-30 20:51:00 - app.services.yolo_service - INFO - Running YOLO inference...
2026-07-30 20:51:00 - app.services.yolo_service - INFO - No potholes detected in the image.
2026-07-30 20:51:00 - app.agents.vision_agent - INFO - VisionAgent analysis complete. Found 0 items.
2026-07-30 20:51:01 - app.agents.vision_agent - INFO - VisionAgent starting analysis.
2026-07-30 20:51:01 - app.services.yolo_service - INFO - Running YOLO inference...
2026-07-30 20:51:01 - app.services.yolo_service - INFO - No potholes detected in the image.
2026-07-30 20:51:01 - app.agents.vision_agent - INFO - VisionAgent analysis complete. Found 0 items.
2026-07-30 20:51:02 - app.agents.vision_agent - INFO - VisionAgent starting analysis.
2026-07-30 20:51:02 - app.services.yolo_service - INFO - Running YOLO inference...
2026-07-30 20:51:02 - app.services.yolo_service - INFO - No potholes detected in the image.
2026-07-30 20:51:02 - app.agents.vision_agent - INFO - VisionAgent analysis complete. Found 0 items.
2026-07-30 20:51:03 - app.agents.vision_agent - INFO - VisionAgent starting analysis.
2026-07-30 20:51:03 - app.services.yolo_service - INFO - Running YOLO inference...
2026-07-30 20:51:03 - app.services.yolo_service - INFO - No potholes detected in the image.
2026-07-30 20:51:03 - app.agents.vision_agent - INFO - VisionAgent analysis complete. Found 0 items.
2026-07-30 20:51:04 - app.agents.vision_agent - INFO - VisionAgent starting analysis.
2026-07-30 20:51:04 - app.services.yolo_service - INFO - Running YOLO inference...
2026-07-30 20:51:04 - app.services.yolo_service - INFO - No potholes detected in the image.
2026-07-30 20:51:04 - app.agents.vision_agent - INFO - VisionAgent analysis complete. Found 0 items.
2026-07-30 20:51:05 - app.agents.vision_agent - INFO - VisionAgent starting analysis.
2026-07-30 20:51:05 - app.services.yolo_service - INFO - Running YOLO inference...
2026-07-30 20:51:05 - app.services.yolo_service - INFO - No potholes detected in the image.
2026-07-30 20:51:05 - app.agents.vision_agent - INFO - VisionAgent analysis complete. Found 0 items.
2026-07-30 20:51:06 - app.agents.vision_agent - INFO - VisionAgent starting analysis.
2026-07-30 20:51:06 - app.services.yolo_service - INFO - Running YOLO inference...
2026-07-30 20:51:06 - app.services.yolo_service - INFO - No potholes detected in the image.
2026-07-30 20:51:06 - app.agents.vision_agent - INFO - VisionAgent analysis complete. Found 0 items.
2026-07-30 20:51:07 - app.agents.vision_agent - INFO - VisionAgent starting analysis.
2026-07-30 20:51:07 - app.services.yolo_service - INFO - Running YOLO inference...
2026-07-30 20:51:07 - app.services.yolo_service - INFO - No potholes detected in the image.
2026-07-30 20:51:07 - app.agents.vision_agent - INFO - VisionAgent analysis complete. Found 0 items.
2026-07-30 20:51:08 - app.agents.vision_agent - INFO - VisionAgent starting analysis.
2026-07-30 20:51:08 - app.services.yolo_service - INFO - Running YOLO inference...
2026-07-30 20:51:08 - app.services.yolo_service - INFO - No potholes detected in the image.
2026-07-30 20:51:08 - app.agents.vision_agent - INFO - VisionAgent analysis complete. Found 0 items.
2026-07-30 20:51:09 - app.agents.vision_agent - INFO - VisionAgent starting analysis.
2026-07-30 20:51:09 - app.services.yolo_service - INFO - Running YOLO inference...
2026-07-30 20:51:09 - app.services.yolo_service - INFO - No potholes detected in the image.
2026-07-30 20:51:09 - app.agents.vision_agent - INFO - VisionAgent analysis complete. Found 0 items.
2026-07-30 20:51:10 - app.agents.vision_agent - INFO - VisionAgent starting analysis.
2026-07-30 20:51:10 - app.services.yolo_service - INFO - Running YOLO inference...
2026-07-30 20:51:10 - app.services.yolo_service - INFO - No potholes detected in the image.
2026-07-30 20:51:10 - app.agents.vision_agent - INFO - VisionAgent analysis complete. Found 0 items.
2026-07-30 20:51:11 - app.agents.vision_agent - INFO - VisionAgent starting analysis.
2026-07-30 20:51:11 - app.services.yolo_service - INFO - Running YOLO inference...
2026-07-30 20:51:12 - app.services.yolo_service - INFO - No potholes detected in the image.
2026-07-30 20:51:12 - app.agents.vision_agent - INFO - VisionAgent analysis complete. Found 0 items.
2026-07-30 20:51:13 - app.agents.vision_agent - INFO - VisionAgent starting analysis.
2026-07-30 20:51:13 - app.services.yolo_service - INFO - Running YOLO inference...
2026-07-30 20:51:13 - app.services.yolo_service - INFO - No potholes detected in the image.
2026-07-30 20:51:13 - app.agents.vision_agent - INFO - VisionAgent analysis complete. Found 0 items.
2026-07-30 20:51:14 - app.agents.vision_agent - INFO - VisionAgent starting analysis.
2026-07-30 20:51:14 - app.services.yolo_service - INFO - Running YOLO inference...
2026-07-30 20:51:14 - app.services.yolo_service - INFO - No potholes detected in the image.
2026-07-30 20:51:14 - app.agents.vision_agent - INFO - VisionAgent analysis complete. Found 0 items.
2026-07-30 20:51:15 - app.agents.vision_agent - INFO - VisionAgent starting analysis.
2026-07-30 20:51:15 - app.services.yolo_service - INFO - Running YOLO inference...
2026-07-30 20:51:15 - app.services.yolo_service - INFO - No potholes detected in the image.
2026-07-30 20:51:15 - app.agents.vision_agent - INFO - VisionAgent analysis complete. Found 0 items.
2026-07-30 20:51:16 - app.agents.vision_agent - INFO - VisionAgent starting analysis.
2026-07-30 20:51:16 - app.services.yolo_service - INFO - Running YOLO inference...
2026-07-30 20:51:16 - app.services.yolo_service - INFO - No potholes detected in the image.
2026-07-30 20:51:16 - app.agents.vision_agent - INFO - VisionAgent analysis complete. Found 0 items.
2026-07-30 20:51:17 - app.agents.vision_agent - INFO - VisionAgent starting analysis.
2026-07-30 20:51:17 - app.services.yolo_service - INFO - Running YOLO inference...
2026-07-30 20:51:17 - app.services.yolo_service - INFO - No potholes detected in the image.
2026-07-30 20:51:17 - app.agents.vision_agent - INFO - VisionAgent analysis complete. Found 0 items.
2026-07-30 20:51:18 - app.agents.vision_agent - INFO - VisionAgent starting analysis.
2026-07-30 20:51:18 - app.services.yolo_service - INFO - Running YOLO inference...
2026-07-30 20:51:18 - app.services.yolo_service - INFO - No potholes detected in the image.
2026-07-30 20:51:18 - app.agents.vision_agent - INFO - VisionAgent analysis complete. Found 0 items.
2026-07-30 20:51:19 - app.agents.vision_agent - INFO - VisionAgent starting analysis.
2026-07-30 20:51:19 - app.services.yolo_service - INFO - Running YOLO inference...
2026-07-30 20:51:19 - app.services.yolo_service - INFO - Detected 1 pothole(s).
2026-07-30 20:51:19 - app.agents.vision_agent - INFO - VisionAgent analysis complete. Found 1 items.
2026-07-30 20:51:20 - app.agents.vision_agent - INFO - VisionAgent starting analysis.
2026-07-30 20:51:20 - app.services.yolo_service - INFO - Running YOLO inference...
2026-07-30 20:51:20 - app.services.yolo_service - INFO - Detected 1 pothole(s).
2026-07-30 20:51:20 - app.agents.vision_agent - INFO - VisionAgent analysis complete. Found 1 items.
2026-07-30 20:51:21 - app.agents.vision_agent - INFO - VisionAgent starting analysis.
2026-07-30 20:51:21 - app.services.yolo_service - INFO - Running YOLO inference...
2026-07-30 20:51:21 - app.services.yolo_service - INFO - No potholes detected in the image.
2026-07-30 20:51:21 - app.agents.vision_agent - INFO - VisionAgent analysis complete. Found 0 items.
2026-07-30 20:51:22 - app.agents.vision_agent - INFO - VisionAgent starting analysis.
2026-07-30 20:51:22 - app.services.yolo_service - INFO - Running YOLO inference...
2026-07-30 20:51:22 - app.services.yolo_service - INFO - No potholes detected in the image.
2026-07-30 20:51:22 - app.agents.vision_agent - INFO - VisionAgent analysis complete. Found 0 items.
2026-07-30 20:51:23 - app.agents.vision_agent - INFO - VisionAgent starting analysis.
2026-07-30 20:51:23 - app.services.yolo_service - INFO - Running YOLO inference...
2026-07-30 20:51:23 - app.services.yolo_service - INFO - No potholes detected in the image.
2026-07-30 20:51:23 - app.agents.vision_agent - INFO - VisionAgent analysis complete. Found 0 items.
2026-07-30 20:51:24 - app.agents.vision_agent - INFO - VisionAgent starting analysis.
2026-07-30 20:51:24 - app.services.yolo_service - INFO - Running YOLO inference...
2026-07-30 20:51:24 - app.services.yolo_service - INFO - No potholes detected in the image.
2026-07-30 20:51:24 - app.agents.vision_agent - INFO - VisionAgent analysis complete. Found 0 items.
2026-07-30 20:51:25 - app.agents.vision_agent - INFO - VisionAgent starting analysis.
2026-07-30 20:51:25 - app.services.yolo_service - INFO - Running YOLO inference...
2026-07-30 20:51:26 - app.services.yolo_service - INFO - No potholes detected in the image.
2026-07-30 20:51:26 - app.agents.vision_agent - INFO - VisionAgent analysis complete. Found 0 items.
2026-07-30 20:51:26 - app.agents.vision_agent - INFO - VisionAgent starting analysis.
2026-07-30 20:51:26 - app.services.yolo_service - INFO - Running YOLO inference...
2026-07-30 20:51:27 - app.services.yolo_service - INFO - No potholes detected in the image.
2026-07-30 20:51:27 - app.agents.vision_agent - INFO - VisionAgent analysis complete. Found 0 items.
2026-07-30 20:51:28 - app.agents.vision_agent - INFO - VisionAgent starting analysis.
2026-07-30 20:51:28 - app.services.yolo_service - INFO - Running YOLO inference...
2026-07-30 20:51:28 - app.services.yolo_service - INFO - No potholes detected in the image.
2026-07-30 20:51:28 - app.agents.vision_agent - INFO - VisionAgent analysis complete. Found 0 items.
2026-07-30 20:51:29 - app.agents.vision_agent - INFO - VisionAgent starting analysis.
2026-07-30 20:51:29 - app.services.yolo_service - INFO - Running YOLO inference...
2026-07-30 20:51:29 - app.services.yolo_service - INFO - No potholes detected in the image.
2026-07-30 20:51:29 - app.agents.vision_agent - INFO - VisionAgent analysis complete. Found 0 items.
2026-07-30 20:51:30 - app.agents.vision_agent - INFO - VisionAgent starting analysis.
2026-07-30 20:51:30 - app.services.yolo_service - INFO - Running YOLO inference...
2026-07-30 20:51:30 - app.services.yolo_service - INFO - No potholes detected in the image.
2026-07-30 20:51:30 - app.agents.vision_agent - INFO - VisionAgent analysis complete. Found 0 items.
2026-07-30 20:51:31 - app.agents.vision_agent - INFO - VisionAgent starting analysis.
2026-07-30 20:51:31 - app.services.yolo_service - INFO - Running YOLO inference...
2026-07-30 20:51:31 - app.services.yolo_service - INFO - No potholes detected in the image.
2026-07-30 20:51:31 - app.agents.vision_agent - INFO - VisionAgent analysis complete. Found 0 items.
2026-07-30 20:51:32 - app.agents.vision_agent - INFO - VisionAgent starting analysis.
2026-07-30 20:51:32 - app.services.yolo_service - INFO - Running YOLO inference...
2026-07-30 20:51:32 - app.services.yolo_service - INFO - No potholes detected in the image.
2026-07-30 20:51:32 - app.agents.vision_agent - INFO - VisionAgent analysis complete. Found 0 items.
2026-07-30 20:51:33 - app.agents.vision_agent - INFO - VisionAgent starting analysis.
2026-07-30 20:51:33 - app.services.yolo_service - INFO - Running YOLO inference...
2026-07-30 20:51:33 - app.services.yolo_service - INFO - No potholes detected in the image.
2026-07-30 20:51:33 - app.agents.vision_agent - INFO - VisionAgent analysis complete. Found 0 items.
2026-07-30 20:51:34 - app.agents.vision_agent - INFO - VisionAgent starting analysis.
2026-07-30 20:51:34 - app.services.yolo_service - INFO - Running YOLO inference...
2026-07-30 20:51:34 - app.services.yolo_service - INFO - No potholes detected in the image.
2026-07-30 20:51:34 - app.agents.vision_agent - INFO - VisionAgent analysis complete. Found 0 items.
2026-07-30 20:51:35 - app.agents.vision_agent - INFO - VisionAgent starting analysis.
2026-07-30 20:51:35 - app.services.yolo_service - INFO - Running YOLO inference...
2026-07-30 20:51:35 - app.services.yolo_service - INFO - No potholes detected in the image.
2026-07-30 20:51:35 - app.agents.vision_agent - INFO - VisionAgent analysis complete. Found 0 items.
2026-07-30 20:51:36 - app.agents.vision_agent - INFO - VisionAgent starting analysis.
2026-07-30 20:51:36 - app.services.yolo_service - INFO - Running YOLO inference...
2026-07-30 20:51:36 - app.services.yolo_service - INFO - No potholes detected in the image.
2026-07-30 20:51:36 - app.agents.vision_agent - INFO - VisionAgent analysis complete. Found 0 items.
2026-07-30 20:51:37 - app.agents.vision_agent - INFO - VisionAgent starting analysis.
2026-07-30 20:51:37 - app.services.yolo_service - INFO - Running YOLO inference...
2026-07-30 20:51:37 - app.services.yolo_service - INFO - No potholes detected in the image.
2026-07-30 20:51:37 - app.agents.vision_agent - INFO - VisionAgent analysis complete. Found 0 items.
2026-07-30 20:51:38 - app.agents.vision_agent - INFO - VisionAgent starting analysis.
2026-07-30 20:51:38 - app.services.yolo_service - INFO - Running YOLO inference...
2026-07-30 20:51:38 - app.services.yolo_service - INFO - No potholes detected in the image.
2026-07-30 20:51:38 - app.agents.vision_agent - INFO - VisionAgent analysis complete. Found 0 items.
2026-07-30 20:51:39 - app.agents.vision_agent - INFO - VisionAgent starting analysis.
2026-07-30 20:51:39 - app.services.yolo_service - INFO - Running YOLO inference...
2026-07-30 20:51:40 - app.services.yolo_service - INFO - No potholes detected in the image.
2026-07-30 20:51:40 - app.agents.vision_agent - INFO - VisionAgent analysis complete. Found 0 items.
2026-07-30 20:51:40 - app.agents.vision_agent - INFO - VisionAgent starting analysis.
2026-07-30 20:51:40 - app.services.yolo_service - INFO - Running YOLO inference...
2026-07-30 20:51:41 - app.services.yolo_service - INFO - No potholes detected in the image.
2026-07-30 20:51:41 - app.agents.vision_agent - INFO - VisionAgent analysis complete. Found 0 items.
2026-07-30 20:51:42 - app.agents.vision_agent - INFO - VisionAgent starting analysis.
2026-07-30 20:51:42 - app.services.yolo_service - INFO - Running YOLO inference...
2026-07-30 20:51:42 - app.services.yolo_service - INFO - No potholes detected in the image.
2026-07-30 20:51:42 - app.agents.vision_agent - INFO - VisionAgent analysis complete. Found 0 items.
2026-07-30 20:51:43 - app.agents.vision_agent - INFO - VisionAgent starting analysis.
2026-07-30 20:51:43 - app.services.yolo_service - INFO - Running YOLO inference...
2026-07-30 20:51:43 - app.services.yolo_service - INFO - No potholes detected in the image.
2026-07-30 20:51:43 - app.agents.vision_agent - INFO - VisionAgent analysis complete. Found 0 items.
2026-07-30 20:51:44 - app.agents.vision_agent - INFO - VisionAgent starting analysis.
2026-07-30 20:51:44 - app.services.yolo_service - INFO - Running YOLO inference...
2026-07-30 20:51:44 - app.services.yolo_service - INFO - No potholes detected in the image.
2026-07-30 20:51:44 - app.agents.vision_agent - INFO - VisionAgent analysis complete. Found 0 items.
2026-07-30 20:51:45 - app.agents.vision_agent - INFO - VisionAgent starting analysis.
2026-07-30 20:51:45 - app.services.yolo_service - INFO - Running YOLO inference...
2026-07-30 20:51:45 - app.services.yolo_service - INFO - No potholes detected in the image.
2026-07-30 20:51:45 - app.agents.vision_agent - INFO - VisionAgent analysis complete. Found 0 items.
2026-07-30 20:51:46 - app.agents.vision_agent - INFO - VisionAgent starting analysis.
2026-07-30 20:51:46 - app.services.yolo_service - INFO - Running YOLO inference...
2026-07-30 20:51:46 - app.services.yolo_service - INFO - No potholes detected in the image.
2026-07-30 20:51:46 - app.agents.vision_agent - INFO - VisionAgent analysis complete. Found 0 items.
2026-07-30 20:51:47 - app.agents.vision_agent - INFO - VisionAgent starting analysis.
2026-07-30 20:51:47 - app.services.yolo_service - INFO - Running YOLO inference...
2026-07-30 20:51:47 - app.services.yolo_service - INFO - No potholes detected in the image.
2026-07-30 20:51:47 - app.agents.vision_agent - INFO - VisionAgent analysis complete. Found 0 items.
2026-07-30 20:51:48 - app.agents.vision_agent - INFO - VisionAgent starting analysis.
2026-07-30 20:51:48 - app.services.yolo_service - INFO - Running YOLO inference...
2026-07-30 20:51:48 - app.services.yolo_service - INFO - No potholes detected in the image.
2026-07-30 20:51:48 - app.agents.vision_agent - INFO - VisionAgent analysis complete. Found 0 items.
2026-07-30 20:51:49 - app.agents.vision_agent - INFO - VisionAgent starting analysis.
2026-07-30 20:51:49 - app.services.yolo_service - INFO - Running YOLO inference...
2026-07-30 20:51:49 - app.services.yolo_service - INFO - No potholes detected in the image.
2026-07-30 20:51:49 - app.agents.vision_agent - INFO - VisionAgent analysis complete. Found 0 items.
2026-07-30 20:51:50 - app.agents.vision_agent - INFO - VisionAgent starting analysis.
2026-07-30 20:51:50 - app.services.yolo_service - INFO - Running YOLO inference...
2026-07-30 20:51:50 - app.services.yolo_service - INFO - No potholes detected in the image.
2026-07-30 20:51:50 - app.agents.vision_agent - INFO - VisionAgent analysis complete. Found 0 items.
2026-07-30 20:51:51 - app.agents.vision_agent - INFO - VisionAgent starting analysis.
2026-07-30 20:51:51 - app.services.yolo_service - INFO - Running YOLO inference...
2026-07-30 20:51:51 - app.services.yolo_service - INFO - No potholes detected in the image.
2026-07-30 20:51:51 - app.agents.vision_agent - INFO - VisionAgent analysis complete. Found 0 items.
2026-07-30 20:51:52 - app.agents.vision_agent - INFO - VisionAgent starting analysis.
2026-07-30 20:51:52 - app.services.yolo_service - INFO - Running YOLO inference...
2026-07-30 20:51:52 - app.services.yolo_service - INFO - No potholes detected in the image.
2026-07-30 20:51:52 - app.agents.vision_agent - INFO - VisionAgent analysis complete. Found 0 items.
2026-07-30 20:51:53 - app.agents.vision_agent - INFO - VisionAgent starting analysis.
2026-07-30 20:51:53 - app.services.yolo_service - INFO - Running YOLO inference...
2026-07-30 20:51:53 - app.services.yolo_service - INFO - No potholes detected in the image.
2026-07-30 20:51:53 - app.agents.vision_agent - INFO - VisionAgent analysis complete. Found 0 items.
2026-07-30 20:51:54 - app.agents.vision_agent - INFO - VisionAgent starting analysis.
2026-07-30 20:51:54 - app.services.yolo_service - INFO - Running YOLO inference...
2026-07-30 20:51:54 - app.services.yolo_service - INFO - No potholes detected in the image.
2026-07-30 20:51:54 - app.agents.vision_agent - INFO - VisionAgent analysis complete. Found 0 items.
2026-07-30 20:51:55 - app.agents.vision_agent - INFO - VisionAgent starting analysis.
2026-07-30 20:51:55 - app.services.yolo_service - INFO - Running YOLO inference...
2026-07-30 20:51:55 - app.services.yolo_service - INFO - No potholes detected in the image.
2026-07-30 20:51:55 - app.agents.vision_agent - INFO - VisionAgent analysis complete. Found 0 items.
2026-07-30 20:51:56 - app.agents.vision_agent - INFO - VisionAgent starting analysis.
2026-07-30 20:51:56 - app.services.yolo_service - INFO - Running YOLO inference...
2026-07-30 20:51:57 - app.services.yolo_service - INFO - No potholes detected in the image.
2026-07-30 20:51:57 - app.agents.vision_agent - INFO - VisionAgent analysis complete. Found 0 items.
2026-07-30 20:51:57 - app.agents.vision_agent - INFO - VisionAgent starting analysis.
2026-07-30 20:51:57 - app.services.yolo_service - INFO - Running YOLO inference...
2026-07-30 20:51:58 - app.services.yolo_service - INFO - No potholes detected in the image.
2026-07-30 20:51:58 - app.agents.vision_agent - INFO - VisionAgent analysis complete. Found 0 items.
2026-07-30 20:51:59 - app.agents.vision_agent - INFO - VisionAgent starting analysis.
2026-07-30 20:51:59 - app.services.yolo_service - INFO - Running YOLO inference...
2026-07-30 20:51:59 - app.services.yolo_service - INFO - No potholes detected in the image.
2026-07-30 20:51:59 - app.agents.vision_agent - INFO - VisionAgent analysis complete. Found 0 items.
2026-07-30 20:52:00 - app.agents.vision_agent - INFO - VisionAgent starting analysis.
2026-07-30 20:52:00 - app.services.yolo_service - INFO - Running YOLO inference...
2026-07-30 20:52:00 - app.services.yolo_service - INFO - No potholes detected in the image.
2026-07-30 20:52:00 - app.agents.vision_agent - INFO - VisionAgent analysis complete. Found 0 items.
2026-07-30 20:52:01 - app.agents.vision_agent - INFO - VisionAgent starting analysis.
2026-07-30 20:52:01 - app.services.yolo_service - INFO - Running YOLO inference...
2026-07-30 20:52:01 - app.services.yolo_service - INFO - No potholes detected in the image.
2026-07-30 20:52:01 - app.agents.vision_agent - INFO - VisionAgent analysis complete. Found 0 items.
2026-07-30 20:52:02 - app.agents.vision_agent - INFO - VisionAgent starting analysis.
2026-07-30 20:52:02 - app.services.yolo_service - INFO - Running YOLO inference...
2026-07-30 20:52:02 - app.services.yolo_service - INFO - No potholes detected in the image.
2026-07-30 20:52:02 - app.agents.vision_agent - INFO - VisionAgent analysis complete. Found 0 items.
2026-07-30 20:52:03 - app.agents.vision_agent - INFO - VisionAgent starting analysis.
2026-07-30 20:52:03 - app.services.yolo_service - INFO - Running YOLO inference...
2026-07-30 20:52:03 - app.services.yolo_service - INFO - No potholes detected in the image.
2026-07-30 20:52:03 - app.agents.vision_agent - INFO - VisionAgent analysis complete. Found 0 items.
2026-07-30 20:52:04 - app.agents.vision_agent - INFO - VisionAgent starting analysis.
2026-07-30 20:52:04 - app.services.yolo_service - INFO - Running YOLO inference...
2026-07-30 20:52:04 - app.services.yolo_service - INFO - No potholes detected in the image.
2026-07-30 20:52:04 - app.agents.vision_agent - INFO - VisionAgent analysis complete. Found 0 items.
2026-07-30 20:52:05 - app.agents.vision_agent - INFO - VisionAgent starting analysis.
2026-07-30 20:52:05 - app.services.yolo_service - INFO - Running YOLO inference...
2026-07-30 20:52:05 - app.services.yolo_service - INFO - No potholes detected in the image.
2026-07-30 20:52:05 - app.agents.vision_agent - INFO - VisionAgent analysis complete. Found 0 items.
2026-07-30 20:52:06 - app.agents.vision_agent - INFO - VisionAgent starting analysis.
2026-07-30 20:52:06 - app.services.yolo_service - INFO - Running YOLO inference...
2026-07-30 20:52:06 - app.services.yolo_service - INFO - No potholes detected in the image.
2026-07-30 20:52:06 - app.agents.vision_agent - INFO - VisionAgent analysis complete. Found 0 items.
2026-07-30 20:52:07 - app.agents.vision_agent - INFO - VisionAgent starting analysis.
2026-07-30 20:52:07 - app.services.yolo_service - INFO - Running YOLO inference...
2026-07-30 20:52:07 - app.services.yolo_service - INFO - No potholes detected in the image.
2026-07-30 20:52:07 - app.agents.vision_agent - INFO - VisionAgent analysis complete. Found 0 items.
2026-07-30 20:52:08 - app.agents.vision_agent - INFO - VisionAgent starting analysis.
2026-07-30 20:52:08 - app.services.yolo_service - INFO - Running YOLO inference...
2026-07-30 20:52:08 - app.services.yolo_service - INFO - Detected 1 pothole(s).
2026-07-30 20:52:08 - app.agents.vision_agent - INFO - VisionAgent analysis complete. Found 1 items.
2026-07-30 20:52:09 - app.agents.vision_agent - INFO - VisionAgent starting analysis.
2026-07-30 20:52:09 - app.services.yolo_service - INFO - Running YOLO inference...
2026-07-30 20:52:09 - app.services.yolo_service - INFO - No potholes detected in the image.
2026-07-30 20:52:09 - app.agents.vision_agent - INFO - VisionAgent analysis complete. Found 0 items.
2026-07-30 20:52:10 - app.agents.vision_agent - INFO - VisionAgent starting analysis.
2026-07-30 20:52:10 - app.services.yolo_service - INFO - Running YOLO inference...
2026-07-30 20:52:11 - app.services.yolo_service - INFO - Detected 1 pothole(s).
2026-07-30 20:52:11 - app.agents.vision_agent - INFO - VisionAgent analysis complete. Found 1 items.
2026-07-30 20:52:11 - app.agents.vision_agent - INFO - VisionAgent starting analysis.
2026-07-30 20:52:11 - app.services.yolo_service - INFO - Running YOLO inference...
2026-07-30 20:52:12 - app.services.yolo_service - INFO - No potholes detected in the image.
2026-07-30 20:52:12 - app.agents.vision_agent - INFO - VisionAgent analysis complete. Found 0 items.
2026-07-30 20:52:13 - app.agents.vision_agent - INFO - VisionAgent starting analysis.
2026-07-30 20:52:13 - app.services.yolo_service - INFO - Running YOLO inference...
2026-07-30 20:52:13 - app.services.yolo_service - INFO - No potholes detected in the image.
2026-07-30 20:52:13 - app.agents.vision_agent - INFO - VisionAgent analysis complete. Found 0 items.
2026-07-30 20:52:14 - app.agents.vision_agent - INFO - VisionAgent starting analysis.
2026-07-30 20:52:14 - app.services.yolo_service - INFO - Running YOLO inference...
2026-07-30 20:52:14 - app.services.yolo_service - INFO - No potholes detected in the image.
2026-07-30 20:52:14 - app.agents.vision_agent - INFO - VisionAgent analysis complete. Found 0 items.
2026-07-30 20:52:15 - app.agents.vision_agent - INFO - VisionAgent starting analysis.
2026-07-30 20:52:15 - app.services.yolo_service - INFO - Running YOLO inference...
2026-07-30 20:52:15 - app.services.yolo_service - INFO - No potholes detected in the image.
2026-07-30 20:52:15 - app.agents.vision_agent - INFO - VisionAgent analysis complete. Found 0 items.
2026-07-30 20:52:16 - app.agents.vision_agent - INFO - VisionAgent starting analysis.
2026-07-30 20:52:16 - app.services.yolo_service - INFO - Running YOLO inference...
2026-07-30 20:52:16 - app.services.yolo_service - INFO - No potholes detected in the image.
2026-07-30 20:52:16 - app.agents.vision_agent - INFO - VisionAgent analysis complete. Found 0 items.
2026-07-30 20:52:17 - app.agents.vision_agent - INFO - VisionAgent starting analysis.
2026-07-30 20:52:17 - app.services.yolo_service - INFO - Running YOLO inference...
2026-07-30 20:52:17 - app.services.yolo_service - INFO - No potholes detected in the image.
2026-07-30 20:52:17 - app.agents.vision_agent - INFO - VisionAgent analysis complete. Found 0 items.
2026-07-30 20:52:18 - app.agents.vision_agent - INFO - VisionAgent starting analysis.
2026-07-30 20:52:18 - app.services.yolo_service - INFO - Running YOLO inference...
2026-07-30 20:52:18 - app.services.yolo_service - INFO - No potholes detected in the image.
2026-07-30 20:52:18 - app.agents.vision_agent - INFO - VisionAgent analysis complete. Found 0 items.
2026-07-30 20:52:19 - app.agents.vision_agent - INFO - VisionAgent starting analysis.
2026-07-30 20:52:19 - app.services.yolo_service - INFO - Running YOLO inference...
2026-07-30 20:52:19 - app.services.yolo_service - INFO - No potholes detected in the image.
2026-07-30 20:52:19 - app.agents.vision_agent - INFO - VisionAgent analysis complete. Found 0 items.
2026-07-30 20:52:20 - app.agents.vision_agent - INFO - VisionAgent starting analysis.
2026-07-30 20:52:20 - app.services.yolo_service - INFO - Running YOLO inference...
2026-07-30 20:52:20 - app.services.yolo_service - INFO - No potholes detected in the image.
2026-07-30 20:52:20 - app.agents.vision_agent - INFO - VisionAgent analysis complete. Found 0 items.
2026-07-30 20:52:21 - app.agents.vision_agent - INFO - VisionAgent starting analysis.
2026-07-30 20:52:21 - app.services.yolo_service - INFO - Running YOLO inference...
2026-07-30 20:52:21 - app.services.yolo_service - INFO - No potholes detected in the image.
2026-07-30 20:52:21 - app.agents.vision_agent - INFO - VisionAgent analysis complete. Found 0 items.
2026-07-30 20:52:22 - app.agents.vision_agent - INFO - VisionAgent starting analysis.
2026-07-30 20:52:22 - app.services.yolo_service - INFO - Running YOLO inference...
2026-07-30 20:52:22 - app.services.yolo_service - INFO - No potholes detected in the image.
2026-07-30 20:52:22 - app.agents.vision_agent - INFO - VisionAgent analysis complete. Found 0 items.
2026-07-30 20:52:23 - app.agents.vision_agent - INFO - VisionAgent starting analysis.
2026-07-30 20:52:23 - app.services.yolo_service - INFO - Running YOLO inference...
2026-07-30 20:52:23 - app.services.yolo_service - INFO - No potholes detected in the image.
2026-07-30 20:52:23 - app.agents.vision_agent - INFO - VisionAgent analysis complete. Found 0 items.
2026-07-30 20:52:24 - app.agents.vision_agent - INFO - VisionAgent starting analysis.
2026-07-30 20:52:24 - app.services.yolo_service - INFO - Running YOLO inference...
2026-07-30 20:52:24 - app.services.yolo_service - INFO - No potholes detected in the image.
2026-07-30 20:52:24 - app.agents.vision_agent - INFO - VisionAgent analysis complete. Found 0 items.
2026-07-30 20:52:25 - app.agents.vision_agent - INFO - VisionAgent starting analysis.
2026-07-30 20:52:25 - app.services.yolo_service - INFO - Running YOLO inference...
2026-07-30 20:52:25 - app.services.yolo_service - INFO - No potholes detected in the image.
2026-07-30 20:52:25 - app.agents.vision_agent - INFO - VisionAgent analysis complete. Found 0 items.
2026-07-30 20:52:26 - app.agents.vision_agent - INFO - VisionAgent starting analysis.
2026-07-30 20:52:26 - app.services.yolo_service - INFO - Running YOLO inference...
2026-07-30 20:52:26 - app.services.yolo_service - INFO - No potholes detected in the image.
2026-07-30 20:52:26 - app.agents.vision_agent - INFO - VisionAgent analysis complete. Found 0 items.
2026-07-30 20:52:28 - app.agents.vision_agent - INFO - VisionAgent starting analysis.
2026-07-30 20:52:28 - app.services.yolo_service - INFO - Running YOLO inference...
2026-07-30 20:52:28 - app.services.yolo_service - INFO - No potholes detected in the image.
2026-07-30 20:52:28 - app.agents.vision_agent - INFO - VisionAgent analysis complete. Found 0 items.
2026-07-30 20:52:29 - app.agents.vision_agent - INFO - VisionAgent starting analysis.
2026-07-30 20:52:29 - app.services.yolo_service - INFO - Running YOLO inference...
2026-07-30 20:52:29 - app.services.yolo_service - INFO - No potholes detected in the image.
2026-07-30 20:52:29 - app.agents.vision_agent - INFO - VisionAgent analysis complete. Found 0 items.
2026-07-30 20:52:30 - app.agents.vision_agent - INFO - VisionAgent starting analysis.
2026-07-30 20:52:30 - app.services.yolo_service - INFO - Running YOLO inference...
2026-07-30 20:52:30 - app.services.yolo_service - INFO - No potholes detected in the image.
2026-07-30 20:52:30 - app.agents.vision_agent - INFO - VisionAgent analysis complete. Found 0 items.
2026-07-30 20:52:31 - app.agents.vision_agent - INFO - VisionAgent starting analysis.
2026-07-30 20:52:31 - app.services.yolo_service - INFO - Running YOLO inference...
2026-07-30 20:52:31 - app.services.yolo_service - INFO - No potholes detected in the image.
2026-07-30 20:52:31 - app.agents.vision_agent - INFO - VisionAgent analysis complete. Found 0 items.
2026-07-30 20:52:32 - app.agents.vision_agent - INFO - VisionAgent starting analysis.
2026-07-30 20:52:32 - app.services.yolo_service - INFO - Running YOLO inference...
2026-07-30 20:52:32 - app.services.yolo_service - INFO - Detected 1 pothole(s).
2026-07-30 20:52:32 - app.agents.vision_agent - INFO - VisionAgent analysis complete. Found 1 items.
2026-07-30 20:52:33 - app.agents.vision_agent - INFO - VisionAgent starting analysis.
2026-07-30 20:52:33 - app.services.yolo_service - INFO - Running YOLO inference...
2026-07-30 20:52:33 - app.services.yolo_service - INFO - Detected 1 pothole(s).
2026-07-30 20:52:33 - app.agents.vision_agent - INFO - VisionAgent analysis complete. Found 1 items.
2026-07-30 20:52:34 - app.agents.vision_agent - INFO - VisionAgent starting analysis.
2026-07-30 20:52:34 - app.services.yolo_service - INFO - Running YOLO inference...
2026-07-30 20:52:34 - app.services.yolo_service - INFO - No potholes detected in the image.
2026-07-30 20:52:34 - app.agents.vision_agent - INFO - VisionAgent analysis complete. Found 0 items.
2026-07-30 20:52:35 - app.agents.vision_agent - INFO - VisionAgent starting analysis.
2026-07-30 20:52:35 - app.services.yolo_service - INFO - Running YOLO inference...
2026-07-30 20:52:35 - app.services.yolo_service - INFO - No potholes detected in the image.
2026-07-30 20:52:35 - app.agents.vision_agent - INFO - VisionAgent analysis complete. Found 0 items.
2026-07-30 20:52:36 - app.agents.vision_agent - INFO - VisionAgent starting analysis.
2026-07-30 20:52:36 - app.services.yolo_service - INFO - Running YOLO inference...
2026-07-30 20:52:36 - app.services.yolo_service - INFO - No potholes detected in the image.
2026-07-30 20:52:36 - app.agents.vision_agent - INFO - VisionAgent analysis complete. Found 0 items.
2026-07-30 20:52:37 - app.agents.vision_agent - INFO - VisionAgent starting analysis.
2026-07-30 20:52:37 - app.services.yolo_service - INFO - Running YOLO inference...
2026-07-30 20:52:37 - app.services.yolo_service - INFO - No potholes detected in the image.
2026-07-30 20:52:37 - app.agents.vision_agent - INFO - VisionAgent analysis complete. Found 0 items.
2026-07-30 20:52:38 - app.agents.vision_agent - INFO - VisionAgent starting analysis.
2026-07-30 20:52:38 - app.services.yolo_service - INFO - Running YOLO inference...
2026-07-30 20:52:38 - app.services.yolo_service - INFO - No potholes detected in the image.
2026-07-30 20:52:38 - app.agents.vision_agent - INFO - VisionAgent analysis complete. Found 0 items.
2026-07-30 20:52:39 - app.agents.vision_agent - INFO - VisionAgent starting analysis.
2026-07-30 20:52:39 - app.services.yolo_service - INFO - Running YOLO inference...
2026-07-30 20:52:39 - app.services.yolo_service - INFO - No potholes detected in the image.
2026-07-30 20:52:39 - app.agents.vision_agent - INFO - VisionAgent analysis complete. Found 0 items.
2026-07-30 20:52:40 - app.agents.vision_agent - INFO - VisionAgent starting analysis.
2026-07-30 20:52:40 - app.services.yolo_service - INFO - Running YOLO inference...
2026-07-30 20:52:40 - app.services.yolo_service - INFO - No potholes detected in the image.
2026-07-30 20:52:40 - app.agents.vision_agent - INFO - VisionAgent analysis complete. Found 0 items.
2026-07-30 20:52:41 - app.agents.vision_agent - INFO - VisionAgent starting analysis.
2026-07-30 20:52:41 - app.services.yolo_service - INFO - Running YOLO inference...
2026-07-30 20:52:41 - app.services.yolo_service - INFO - No potholes detected in the image.
2026-07-30 20:52:41 - app.agents.vision_agent - INFO - VisionAgent analysis complete. Found 0 items.
2026-07-30 20:52:42 - app.agents.vision_agent - INFO - VisionAgent starting analysis.
2026-07-30 20:52:42 - app.services.yolo_service - INFO - Running YOLO inference...
2026-07-30 20:52:43 - app.services.yolo_service - INFO - No potholes detected in the image.
2026-07-30 20:52:43 - app.agents.vision_agent - INFO - VisionAgent analysis complete. Found 0 items.
2026-07-30 20:52:43 - app.agents.vision_agent - INFO - VisionAgent starting analysis.
2026-07-30 20:52:43 - app.services.yolo_service - INFO - Running YOLO inference...
2026-07-30 20:52:44 - app.services.yolo_service - INFO - No potholes detected in the image.
2026-07-30 20:52:44 - app.agents.vision_agent - INFO - VisionAgent analysis complete. Found 0 items.
2026-07-30 20:52:45 - app.agents.vision_agent - INFO - VisionAgent starting analysis.
2026-07-30 20:52:45 - app.services.yolo_service - INFO - Running YOLO inference...
2026-07-30 20:52:45 - app.services.yolo_service - INFO - No potholes detected in the image.
2026-07-30 20:52:45 - app.agents.vision_agent - INFO - VisionAgent analysis complete. Found 0 items.
2026-07-30 20:52:46 - app.agents.vision_agent - INFO - VisionAgent starting analysis.
2026-07-30 20:52:46 - app.services.yolo_service - INFO - Running YOLO inference...
2026-07-30 20:52:46 - app.services.yolo_service - INFO - No potholes detected in the image.
2026-07-30 20:52:46 - app.agents.vision_agent - INFO - VisionAgent analysis complete. Found 0 items.
2026-07-30 20:52:47 - app.agents.vision_agent - INFO - VisionAgent starting analysis.
2026-07-30 20:52:47 - app.services.yolo_service - INFO - Running YOLO inference...
2026-07-30 20:52:47 - app.services.yolo_service - INFO - No potholes detected in the image.
2026-07-30 20:52:47 - app.agents.vision_agent - INFO - VisionAgent analysis complete. Found 0 items.
2026-07-30 20:52:48 - app.agents.vision_agent - INFO - VisionAgent starting analysis.
2026-07-30 20:52:48 - app.services.yolo_service - INFO - Running YOLO inference...
2026-07-30 20:52:48 - app.services.yolo_service - INFO - No potholes detected in the image.
2026-07-30 20:52:48 - app.agents.vision_agent - INFO - VisionAgent analysis complete. Found 0 items.
2026-07-30 20:52:49 - app.agents.vision_agent - INFO - VisionAgent starting analysis.
2026-07-30 20:52:49 - app.services.yolo_service - INFO - Running YOLO inference...
2026-07-30 20:52:49 - app.services.yolo_service - INFO - No potholes detected in the image.
2026-07-30 20:52:49 - app.agents.vision_agent - INFO - VisionAgent analysis complete. Found 0 items.
2026-07-30 20:52:50 - app.agents.vision_agent - INFO - VisionAgent starting analysis.
2026-07-30 20:52:50 - app.services.yolo_service - INFO - Running YOLO inference...
2026-07-30 20:52:50 - app.services.yolo_service - INFO - No potholes detected in the image.
2026-07-30 20:52:50 - app.agents.vision_agent - INFO - VisionAgent analysis complete. Found 0 items.
2026-07-30 20:52:51 - app.agents.vision_agent - INFO - VisionAgent starting analysis.
2026-07-30 20:52:51 - app.services.yolo_service - INFO - Running YOLO inference...
2026-07-30 20:52:51 - app.services.yolo_service - INFO - No potholes detected in the image.
2026-07-30 20:52:51 - app.agents.vision_agent - INFO - VisionAgent analysis complete. Found 0 items.
2026-07-30 20:52:52 - app.agents.vision_agent - INFO - VisionAgent starting analysis.
2026-07-30 20:52:52 - app.services.yolo_service - INFO - Running YOLO inference...
2026-07-30 20:52:52 - app.services.yolo_service - INFO - No potholes detected in the image.
2026-07-30 20:52:52 - app.agents.vision_agent - INFO - VisionAgent analysis complete. Found 0 items.
2026-07-30 20:52:53 - app.agents.vision_agent - INFO - VisionAgent starting analysis.
2026-07-30 20:52:53 - app.services.yolo_service - INFO - Running YOLO inference...
2026-07-30 20:52:53 - app.services.yolo_service - INFO - No potholes detected in the image.
2026-07-30 20:52:53 - app.agents.vision_agent - INFO - VisionAgent analysis complete. Found 0 items.
2026-07-30 20:52:54 - app.agents.vision_agent - INFO - VisionAgent starting analysis.
2026-07-30 20:52:54 - app.services.yolo_service - INFO - Running YOLO inference...
2026-07-30 20:52:54 - app.services.yolo_service - INFO - No potholes detected in the image.
2026-07-30 20:52:54 - app.agents.vision_agent - INFO - VisionAgent analysis complete. Found 0 items.
2026-07-30 20:52:55 - app.agents.vision_agent - INFO - VisionAgent starting analysis.
2026-07-30 20:52:55 - app.services.yolo_service - INFO - Running YOLO inference...
2026-07-30 20:52:55 - app.services.yolo_service - INFO - No potholes detected in the image.
2026-07-30 20:52:55 - app.agents.vision_agent - INFO - VisionAgent analysis complete. Found 0 items.
2026-07-30 20:52:56 - app.agents.vision_agent - INFO - VisionAgent starting analysis.
2026-07-30 20:52:56 - app.services.yolo_service - INFO - Running YOLO inference...
2026-07-30 20:52:56 - app.services.yolo_service - INFO - Detected 1 pothole(s).
2026-07-30 20:52:56 - app.agents.vision_agent - INFO - VisionAgent analysis complete. Found 1 items.
2026-07-30 20:52:57 - app.agents.vision_agent - INFO - VisionAgent starting analysis.
2026-07-30 20:52:57 - app.services.yolo_service - INFO - Running YOLO inference...
2026-07-30 20:52:58 - app.services.yolo_service - INFO - Detected 1 pothole(s).
2026-07-30 20:52:58 - app.agents.vision_agent - INFO - VisionAgent analysis complete. Found 1 items.
2026-07-30 20:52:59 - app.agents.vision_agent - INFO - VisionAgent starting analysis.
2026-07-30 20:52:59 - app.services.yolo_service - INFO - Running YOLO inference...
2026-07-30 20:52:59 - app.services.yolo_service - INFO - No potholes detected in the image.
2026-07-30 20:52:59 - app.agents.vision_agent - INFO - VisionAgent analysis complete. Found 0 items.
2026-07-30 20:53:00 - app.agents.vision_agent - INFO - VisionAgent starting analysis.
2026-07-30 20:53:00 - app.services.yolo_service - INFO - Running YOLO inference...
2026-07-30 20:53:00 - app.services.yolo_service - INFO - No potholes detected in the image.
2026-07-30 20:53:00 - app.agents.vision_agent - INFO - VisionAgent analysis complete. Found 0 items.
2026-07-30 20:53:01 - app.agents.vision_agent - INFO - VisionAgent starting analysis.
2026-07-30 20:53:01 - app.services.yolo_service - INFO - Running YOLO inference...
2026-07-30 20:53:01 - app.services.yolo_service - INFO - No potholes detected in the image.
2026-07-30 20:53:01 - app.agents.vision_agent - INFO - VisionAgent analysis complete. Found 0 items.
2026-07-30 20:53:02 - app.agents.vision_agent - INFO - VisionAgent starting analysis.
2026-07-30 20:53:02 - app.services.yolo_service - INFO - Running YOLO inference...
2026-07-30 20:53:02 - app.services.yolo_service - INFO - No potholes detected in the image.
2026-07-30 20:53:02 - app.agents.vision_agent - INFO - VisionAgent analysis complete. Found 0 items.
2026-07-30 20:53:03 - app.agents.vision_agent - INFO - VisionAgent starting analysis.
2026-07-30 20:53:03 - app.services.yolo_service - INFO - Running YOLO inference...
2026-07-30 20:53:03 - app.services.yolo_service - INFO - No potholes detected in the image.
2026-07-30 20:53:03 - app.agents.vision_agent - INFO - VisionAgent analysis complete. Found 0 items.
2026-07-30 20:53:04 - app.agents.vision_agent - INFO - VisionAgent starting analysis.
2026-07-30 20:53:04 - app.services.yolo_service - INFO - Running YOLO inference...
2026-07-30 20:53:04 - app.services.yolo_service - INFO - No potholes detected in the image.
2026-07-30 20:53:04 - app.agents.vision_agent - INFO - VisionAgent analysis complete. Found 0 items.
2026-07-30 20:53:05 - app.agents.vision_agent - INFO - VisionAgent starting analysis.
2026-07-30 20:53:05 - app.services.yolo_service - INFO - Running YOLO inference...
2026-07-30 20:53:05 - app.services.yolo_service - INFO - No potholes detected in the image.
2026-07-30 20:53:05 - app.agents.vision_agent - INFO - VisionAgent analysis complete. Found 0 items.
2026-07-30 20:53:06 - app.agents.vision_agent - INFO - VisionAgent starting analysis.
2026-07-30 20:53:06 - app.services.yolo_service - INFO - Running YOLO inference...
2026-07-30 20:53:06 - app.services.yolo_service - INFO - No potholes detected in the image.
2026-07-30 20:53:06 - app.agents.vision_agent - INFO - VisionAgent analysis complete. Found 0 items.
2026-07-30 20:53:07 - app.agents.vision_agent - INFO - VisionAgent starting analysis.
2026-07-30 20:53:07 - app.services.yolo_service - INFO - Running YOLO inference...
2026-07-30 20:53:07 - app.services.yolo_service - INFO - No potholes detected in the image.
2026-07-30 20:53:07 - app.agents.vision_agent - INFO - VisionAgent analysis complete. Found 0 items.
2026-07-30 20:53:08 - app.agents.vision_agent - INFO - VisionAgent starting analysis.
2026-07-30 20:53:08 - app.services.yolo_service - INFO - Running YOLO inference...
2026-07-30 20:53:08 - app.services.yolo_service - INFO - No potholes detected in the image.
2026-07-30 20:53:08 - app.agents.vision_agent - INFO - VisionAgent analysis complete. Found 0 items.
2026-07-30 20:53:09 - app.agents.vision_agent - INFO - VisionAgent starting analysis.
2026-07-30 20:53:09 - app.services.yolo_service - INFO - Running YOLO inference...
2026-07-30 20:53:09 - app.services.yolo_service - INFO - No potholes detected in the image.
2026-07-30 20:53:09 - app.agents.vision_agent - INFO - VisionAgent analysis complete. Found 0 items.
2026-07-30 20:53:10 - app.agents.vision_agent - INFO - VisionAgent starting analysis.
2026-07-30 20:53:10 - app.services.yolo_service - INFO - Running YOLO inference...
2026-07-30 20:53:10 - app.services.yolo_service - INFO - No potholes detected in the image.
2026-07-30 20:53:10 - app.agents.vision_agent - INFO - VisionAgent analysis complete. Found 0 items.
2026-07-30 20:53:11 - app.agents.vision_agent - INFO - VisionAgent starting analysis.
2026-07-30 20:53:11 - app.services.yolo_service - INFO - Running YOLO inference...
2026-07-30 20:53:11 - app.services.yolo_service - INFO - No potholes detected in the image.
2026-07-30 20:53:11 - app.agents.vision_agent - INFO - VisionAgent analysis complete. Found 0 items.
2026-07-30 20:53:12 - app.agents.vision_agent - INFO - VisionAgent starting analysis.
2026-07-30 20:53:12 - app.services.yolo_service - INFO - Running YOLO inference...
2026-07-30 20:53:12 - app.services.yolo_service - INFO - No potholes detected in the image.
2026-07-30 20:53:12 - app.agents.vision_agent - INFO - VisionAgent analysis complete. Found 0 items.
2026-07-30 20:53:13 - app.agents.vision_agent - INFO - VisionAgent starting analysis.
2026-07-30 20:53:13 - app.services.yolo_service - INFO - Running YOLO inference...
2026-07-30 20:53:13 - app.services.yolo_service - INFO - No potholes detected in the image.
2026-07-30 20:53:13 - app.agents.vision_agent - INFO - VisionAgent analysis complete. Found 0 items.
2026-07-30 20:53:14 - app.agents.vision_agent - INFO - VisionAgent starting analysis.
2026-07-30 20:53:14 - app.services.yolo_service - INFO - Running YOLO inference...
2026-07-30 20:53:15 - app.services.yolo_service - INFO - No potholes detected in the image.
2026-07-30 20:53:15 - app.agents.vision_agent - INFO - VisionAgent analysis complete. Found 0 items.
2026-07-30 20:53:16 - app.agents.vision_agent - INFO - VisionAgent starting analysis.
2026-07-30 20:53:16 - app.services.yolo_service - INFO - Running YOLO inference...
2026-07-30 20:53:16 - app.services.yolo_service - INFO - No potholes detected in the image.
2026-07-30 20:53:16 - app.agents.vision_agent - INFO - VisionAgent analysis complete. Found 0 items.
2026-07-30 20:53:17 - app.agents.vision_agent - INFO - VisionAgent starting analysis.
2026-07-30 20:53:17 - app.services.yolo_service - INFO - Running YOLO inference...
2026-07-30 20:53:17 - app.services.yolo_service - INFO - No potholes detected in the image.
2026-07-30 20:53:17 - app.agents.vision_agent - INFO - VisionAgent analysis complete. Found 0 items.
2026-07-30 20:53:18 - app.agents.vision_agent - INFO - VisionAgent starting analysis.
2026-07-30 20:53:18 - app.services.yolo_service - INFO - Running YOLO inference...
2026-07-30 20:53:18 - app.services.yolo_service - INFO - No potholes detected in the image.
2026-07-30 20:53:18 - app.agents.vision_agent - INFO - VisionAgent analysis complete. Found 0 items.
2026-07-30 20:53:19 - app.agents.vision_agent - INFO - VisionAgent starting analysis.
2026-07-30 20:53:19 - app.services.yolo_service - INFO - Running YOLO inference...
2026-07-30 20:53:19 - app.services.yolo_service - INFO - No potholes detected in the image.
2026-07-30 20:53:19 - app.agents.vision_agent - INFO - VisionAgent analysis complete. Found 0 items.
2026-07-30 20:53:20 - app.agents.vision_agent - INFO - VisionAgent starting analysis.
2026-07-30 20:53:20 - app.services.yolo_service - INFO - Running YOLO inference...
2026-07-30 20:53:20 - app.services.yolo_service - INFO - No potholes detected in the image.
2026-07-30 20:53:20 - app.agents.vision_agent - INFO - VisionAgent analysis complete. Found 0 items.
2026-07-30 20:53:21 - app.agents.vision_agent - INFO - VisionAgent starting analysis.
2026-07-30 20:53:21 - app.services.yolo_service - INFO - Running YOLO inference...
2026-07-30 20:53:21 - app.services.yolo_service - INFO - No potholes detected in the image.
2026-07-30 20:53:21 - app.agents.vision_agent - INFO - VisionAgent analysis complete. Found 0 items.
2026-07-30 20:53:22 - app.agents.vision_agent - INFO - VisionAgent starting analysis.
2026-07-30 20:53:22 - app.services.yolo_service - INFO - Running YOLO inference...
2026-07-30 20:53:22 - app.services.yolo_service - INFO - No potholes detected in the image.
2026-07-30 20:53:22 - app.agents.vision_agent - INFO - VisionAgent analysis complete. Found 0 items.
2026-07-30 20:53:23 - app.agents.vision_agent - INFO - VisionAgent starting analysis.
2026-07-30 20:53:23 - app.services.yolo_service - INFO - Running YOLO inference...
2026-07-30 20:53:23 - app.services.yolo_service - INFO - No potholes detected in the image.
2026-07-30 20:53:23 - app.agents.vision_agent - INFO - VisionAgent analysis complete. Found 0 items.
2026-07-30 20:53:24 - app.agents.vision_agent - INFO - VisionAgent starting analysis.
2026-07-30 20:53:24 - app.services.yolo_service - INFO - Running YOLO inference...
2026-07-30 20:53:24 - app.services.yolo_service - INFO - No potholes detected in the image.
2026-07-30 20:53:24 - app.agents.vision_agent - INFO - VisionAgent analysis complete. Found 0 items.
2026-07-30 20:53:25 - app.agents.vision_agent - INFO - VisionAgent starting analysis.
2026-07-30 20:53:25 - app.services.yolo_service - INFO - Running YOLO inference...
2026-07-30 20:53:25 - app.services.yolo_service - INFO - No potholes detected in the image.
2026-07-30 20:53:25 - app.agents.vision_agent - INFO - VisionAgent analysis complete. Found 0 items.
2026-07-30 20:53:26 - app.agents.vision_agent - INFO - VisionAgent starting analysis.
2026-07-30 20:53:26 - app.services.yolo_service - INFO - Running YOLO inference...
2026-07-30 20:53:26 - app.services.yolo_service - INFO - No potholes detected in the image.
2026-07-30 20:53:26 - app.agents.vision_agent - INFO - VisionAgent analysis complete. Found 0 items.
2026-07-30 20:53:27 - app.agents.vision_agent - INFO - VisionAgent starting analysis.
2026-07-30 20:53:27 - app.services.yolo_service - INFO - Running YOLO inference...
2026-07-30 20:53:27 - app.services.yolo_service - INFO - No potholes detected in the image.
2026-07-30 20:53:27 - app.agents.vision_agent - INFO - VisionAgent analysis complete. Found 0 items.
2026-07-30 20:53:28 - app.agents.vision_agent - INFO - VisionAgent starting analysis.
2026-07-30 20:53:28 - app.services.yolo_service - INFO - Running YOLO inference...
2026-07-30 20:53:29 - app.services.yolo_service - INFO - No potholes detected in the image.
2026-07-30 20:53:29 - app.agents.vision_agent - INFO - VisionAgent analysis complete. Found 0 items.
2026-07-30 20:53:29 - app.agents.vision_agent - INFO - VisionAgent starting analysis.
2026-07-30 20:53:29 - app.services.yolo_service - INFO - Running YOLO inference...
2026-07-30 20:53:30 - app.services.yolo_service - INFO - No potholes detected in the image.
2026-07-30 20:53:30 - app.agents.vision_agent - INFO - VisionAgent analysis complete. Found 0 items.
2026-07-30 20:53:31 - app.agents.vision_agent - INFO - VisionAgent starting analysis.
2026-07-30 20:53:31 - app.services.yolo_service - INFO - Running YOLO inference...
2026-07-30 20:53:31 - app.services.yolo_service - INFO - No potholes detected in the image.
2026-07-30 20:53:31 - app.agents.vision_agent - INFO - VisionAgent analysis complete. Found 0 items.
2026-07-30 20:53:32 - app.agents.vision_agent - INFO - VisionAgent starting analysis.
2026-07-30 20:53:32 - app.services.yolo_service - INFO - Running YOLO inference...
2026-07-30 20:53:32 - app.services.yolo_service - INFO - No potholes detected in the image.
2026-07-30 20:53:32 - app.agents.vision_agent - INFO - VisionAgent analysis complete. Found 0 items.
2026-07-30 20:53:33 - app.agents.vision_agent - INFO - VisionAgent starting analysis.
2026-07-30 20:53:33 - app.services.yolo_service - INFO - Running YOLO inference...
2026-07-30 20:53:33 - app.services.yolo_service - INFO - No potholes detected in the image.
2026-07-30 20:53:33 - app.agents.vision_agent - INFO - VisionAgent analysis complete. Found 0 items.
2026-07-30 20:53:34 - app.agents.vision_agent - INFO - VisionAgent starting analysis.
2026-07-30 20:53:34 - app.services.yolo_service - INFO - Running YOLO inference...
2026-07-30 20:53:34 - app.services.yolo_service - INFO - No potholes detected in the image.
2026-07-30 20:53:34 - app.agents.vision_agent - INFO - VisionAgent analysis complete. Found 0 items.
2026-07-30 20:53:35 - app.agents.vision_agent - INFO - VisionAgent starting analysis.
2026-07-30 20:53:35 - app.services.yolo_service - INFO - Running YOLO inference...
2026-07-30 20:53:35 - app.services.yolo_service - INFO - Detected 1 pothole(s).
2026-07-30 20:53:35 - app.agents.vision_agent - INFO - VisionAgent analysis complete. Found 1 items.
2026-07-30 20:53:36 - app.agents.vision_agent - INFO - VisionAgent starting analysis.
2026-07-30 20:53:36 - app.services.yolo_service - INFO - Running YOLO inference...
2026-07-30 20:53:36 - app.services.yolo_service - INFO - No potholes detected in the image.
2026-07-30 20:53:36 - app.agents.vision_agent - INFO - VisionAgent analysis complete. Found 0 items.
2026-07-30 20:53:37 - app.agents.vision_agent - INFO - VisionAgent starting analysis.
2026-07-30 20:53:37 - app.services.yolo_service - INFO - Running YOLO inference...
2026-07-30 20:53:37 - app.services.yolo_service - INFO - No potholes detected in the image.
2026-07-30 20:53:37 - app.agents.vision_agent - INFO - VisionAgent analysis complete. Found 0 items.
2026-07-30 20:53:38 - app.agents.vision_agent - INFO - VisionAgent starting analysis.
2026-07-30 20:53:38 - app.services.yolo_service - INFO - Running YOLO inference...
2026-07-30 20:53:38 - app.services.yolo_service - INFO - No potholes detected in the image.
2026-07-30 20:53:38 - app.agents.vision_agent - INFO - VisionAgent analysis complete. Found 0 items.
2026-07-30 20:53:39 - app.agents.vision_agent - INFO - VisionAgent starting analysis.
2026-07-30 20:53:39 - app.services.yolo_service - INFO - Running YOLO inference...
2026-07-30 20:53:39 - app.services.yolo_service - INFO - No potholes detected in the image.
2026-07-30 20:53:39 - app.agents.vision_agent - INFO - VisionAgent analysis complete. Found 0 items.
2026-07-30 20:53:40 - app.agents.vision_agent - INFO - VisionAgent starting analysis.
2026-07-30 20:53:40 - app.services.yolo_service - INFO - Running YOLO inference...
2026-07-30 20:53:40 - app.services.yolo_service - INFO - No potholes detected in the image.
2026-07-30 20:53:40 - app.agents.vision_agent - INFO - VisionAgent analysis complete. Found 0 items.
2026-07-30 20:53:41 - app.agents.vision_agent - INFO - VisionAgent starting analysis.
2026-07-30 20:53:41 - app.services.yolo_service - INFO - Running YOLO inference...
2026-07-30 20:53:41 - app.services.yolo_service - INFO - No potholes detected in the image.
2026-07-30 20:53:41 - app.agents.vision_agent - INFO - VisionAgent analysis complete. Found 0 items.
2026-07-30 20:53:42 - app.agents.vision_agent - INFO - VisionAgent starting analysis.
2026-07-30 20:53:42 - app.services.yolo_service - INFO - Running YOLO inference...
2026-07-30 20:53:42 - app.services.yolo_service - INFO - No potholes detected in the image.
2026-07-30 20:53:42 - app.agents.vision_agent - INFO - VisionAgent analysis complete. Found 0 items.
2026-07-30 20:53:43 - app.agents.vision_agent - INFO - VisionAgent starting analysis.
2026-07-30 20:53:43 - app.services.yolo_service - INFO - Running YOLO inference...
2026-07-30 20:53:43 - app.services.yolo_service - INFO - No potholes detected in the image.
2026-07-30 20:53:43 - app.agents.vision_agent - INFO - VisionAgent analysis complete. Found 0 items.
2026-07-30 20:53:44 - app.agents.vision_agent - INFO - VisionAgent starting analysis.
2026-07-30 20:53:44 - app.services.yolo_service - INFO - Running YOLO inference...
2026-07-30 20:53:44 - app.services.yolo_service - INFO - No potholes detected in the image.
2026-07-30 20:53:44 - app.agents.vision_agent - INFO - VisionAgent analysis complete. Found 0 items.
2026-07-30 20:53:45 - app.agents.vision_agent - INFO - VisionAgent starting analysis.
2026-07-30 20:53:45 - app.services.yolo_service - INFO - Running YOLO inference...
2026-07-30 20:53:45 - app.services.yolo_service - INFO - No potholes detected in the image.
2026-07-30 20:53:45 - app.agents.vision_agent - INFO - VisionAgent analysis complete. Found 0 items.
2026-07-30 20:53:46 - app.agents.vision_agent - INFO - VisionAgent starting analysis.
2026-07-30 20:53:46 - app.services.yolo_service - INFO - Running YOLO inference...
2026-07-30 20:53:47 - app.services.yolo_service - INFO - No potholes detected in the image.
2026-07-30 20:53:47 - app.agents.vision_agent - INFO - VisionAgent analysis complete. Found 0 items.
2026-07-30 20:53:47 - app.agents.vision_agent - INFO - VisionAgent starting analysis.
2026-07-30 20:53:47 - app.services.yolo_service - INFO - Running YOLO inference...
2026-07-30 20:53:48 - app.services.yolo_service - INFO - No potholes detected in the image.
2026-07-30 20:53:48 - app.agents.vision_agent - INFO - VisionAgent analysis complete. Found 0 items.
2026-07-30 20:53:49 - app.agents.vision_agent - INFO - VisionAgent starting analysis.
2026-07-30 20:53:49 - app.services.yolo_service - INFO - Running YOLO inference...
2026-07-30 20:53:49 - app.services.yolo_service - INFO - No potholes detected in the image.
2026-07-30 20:53:49 - app.agents.vision_agent - INFO - VisionAgent analysis complete. Found 0 items.
2026-07-30 20:53:50 - app.agents.vision_agent - INFO - VisionAgent starting analysis.
2026-07-30 20:53:50 - app.services.yolo_service - INFO - Running YOLO inference...
2026-07-30 20:53:50 - app.services.yolo_service - INFO - No potholes detected in the image.
2026-07-30 20:53:50 - app.agents.vision_agent - INFO - VisionAgent analysis complete. Found 0 items.
2026-07-30 20:53:51 - app.agents.vision_agent - INFO - VisionAgent starting analysis.
2026-07-30 20:53:51 - app.services.yolo_service - INFO - Running YOLO inference...
2026-07-30 20:53:51 - app.services.yolo_service - INFO - No potholes detected in the image.
2026-07-30 20:53:51 - app.agents.vision_agent - INFO - VisionAgent analysis complete. Found 0 items.
2026-07-30 20:53:52 - app.agents.vision_agent - INFO - VisionAgent starting analysis.
2026-07-30 20:53:52 - app.services.yolo_service - INFO - Running YOLO inference...
2026-07-30 20:53:52 - app.services.yolo_service - INFO - No potholes detected in the image.
2026-07-30 20:53:52 - app.agents.vision_agent - INFO - VisionAgent analysis complete. Found 0 items.
2026-07-30 20:53:53 - app.agents.vision_agent - INFO - VisionAgent starting analysis.
2026-07-30 20:53:53 - app.services.yolo_service - INFO - Running YOLO inference...
2026-07-30 20:53:53 - app.services.yolo_service - INFO - No potholes detected in the image.
2026-07-30 20:53:53 - app.agents.vision_agent - INFO - VisionAgent analysis complete. Found 0 items.
2026-07-30 20:53:54 - app.agents.vision_agent - INFO - VisionAgent starting analysis.
2026-07-30 20:53:54 - app.services.yolo_service - INFO - Running YOLO inference...
2026-07-30 20:53:54 - app.services.yolo_service - INFO - No potholes detected in the image.
2026-07-30 20:53:54 - app.agents.vision_agent - INFO - VisionAgent analysis complete. Found 0 items.
2026-07-30 20:53:55 - app.agents.vision_agent - INFO - VisionAgent starting analysis.
2026-07-30 20:53:55 - app.services.yolo_service - INFO - Running YOLO inference...
2026-07-30 20:53:55 - app.services.yolo_service - INFO - No potholes detected in the image.
2026-07-30 20:53:55 - app.agents.vision_agent - INFO - VisionAgent analysis complete. Found 0 items.
2026-07-30 20:53:56 - app.agents.vision_agent - INFO - VisionAgent starting analysis.
2026-07-30 20:53:56 - app.services.yolo_service - INFO - Running YOLO inference...
2026-07-30 20:53:56 - app.services.yolo_service - INFO - No potholes detected in the image.
2026-07-30 20:53:56 - app.agents.vision_agent - INFO - VisionAgent analysis complete. Found 0 items.
2026-07-30 20:53:57 - app.agents.vision_agent - INFO - VisionAgent starting analysis.
2026-07-30 20:53:57 - app.services.yolo_service - INFO - Running YOLO inference...
2026-07-30 20:53:57 - app.services.yolo_service - INFO - No potholes detected in the image.
2026-07-30 20:53:57 - app.agents.vision_agent - INFO - VisionAgent analysis complete. Found 0 items.
2026-07-30 20:53:58 - app.agents.vision_agent - INFO - VisionAgent starting analysis.
2026-07-30 20:53:58 - app.services.yolo_service - INFO - Running YOLO inference...
2026-07-30 20:53:58 - app.services.yolo_service - INFO - No potholes detected in the image.
2026-07-30 20:53:58 - app.agents.vision_agent - INFO - VisionAgent analysis complete. Found 0 items.
2026-07-30 20:53:59 - app.agents.vision_agent - INFO - VisionAgent starting analysis.
2026-07-30 20:53:59 - app.services.yolo_service - INFO - Running YOLO inference...
2026-07-30 20:53:59 - app.services.yolo_service - INFO - Detected 1 pothole(s).
2026-07-30 20:53:59 - app.agents.vision_agent - INFO - VisionAgent analysis complete. Found 1 items.
2026-07-30 20:54:00 - app.agents.vision_agent - INFO - VisionAgent starting analysis.
2026-07-30 20:54:00 - app.services.yolo_service - INFO - Running YOLO inference...
2026-07-30 20:54:00 - app.services.yolo_service - INFO - No potholes detected in the image.
2026-07-30 20:54:00 - app.agents.vision_agent - INFO - VisionAgent analysis complete. Found 0 items.
2026-07-30 20:54:01 - app.agents.vision_agent - INFO - VisionAgent starting analysis.
2026-07-30 20:54:01 - app.services.yolo_service - INFO - Running YOLO inference...
2026-07-30 20:54:01 - app.services.yolo_service - INFO - No potholes detected in the image.
2026-07-30 20:54:01 - app.agents.vision_agent - INFO - VisionAgent analysis complete. Found 0 items.
2026-07-30 20:54:02 - app.agents.vision_agent - INFO - VisionAgent starting analysis.
2026-07-30 20:54:02 - app.services.yolo_service - INFO - Running YOLO inference...
2026-07-30 20:54:02 - app.services.yolo_service - INFO - No potholes detected in the image.
2026-07-30 20:54:02 - app.agents.vision_agent - INFO - VisionAgent analysis complete. Found 0 items.
2026-07-30 20:54:03 - app.agents.vision_agent - INFO - VisionAgent starting analysis.
2026-07-30 20:54:03 - app.services.yolo_service - INFO - Running YOLO inference...
2026-07-30 20:54:03 - app.services.yolo_service - INFO - No potholes detected in the image.
2026-07-30 20:54:03 - app.agents.vision_agent - INFO - VisionAgent analysis complete. Found 0 items.
2026-07-30 20:54:04 - app.agents.vision_agent - INFO - VisionAgent starting analysis.
2026-07-30 20:54:04 - app.services.yolo_service - INFO - Running YOLO inference...
2026-07-30 20:54:05 - app.services.yolo_service - INFO - No potholes detected in the image.
2026-07-30 20:54:05 - app.agents.vision_agent - INFO - VisionAgent analysis complete. Found 0 items.
2026-07-30 20:54:06 - app.agents.vision_agent - INFO - VisionAgent starting analysis.
2026-07-30 20:54:06 - app.services.yolo_service - INFO - Running YOLO inference...
2026-07-30 20:54:06 - app.services.yolo_service - INFO - No potholes detected in the image.
2026-07-30 20:54:06 - app.agents.vision_agent - INFO - VisionAgent analysis complete. Found 0 items.
2026-07-30 20:54:07 - app.agents.vision_agent - INFO - VisionAgent starting analysis.
2026-07-30 20:54:07 - app.services.yolo_service - INFO - Running YOLO inference...
2026-07-30 20:54:07 - app.services.yolo_service - INFO - No potholes detected in the image.
2026-07-30 20:54:07 - app.agents.vision_agent - INFO - VisionAgent analysis complete. Found 0 items.
2026-07-30 20:54:08 - app.agents.vision_agent - INFO - VisionAgent starting analysis.
2026-07-30 20:54:08 - app.services.yolo_service - INFO - Running YOLO inference...
2026-07-30 20:54:08 - app.services.yolo_service - INFO - No potholes detected in the image.
2026-07-30 20:54:08 - app.agents.vision_agent - INFO - VisionAgent analysis complete. Found 0 items.
2026-07-30 20:54:09 - app.agents.vision_agent - INFO - VisionAgent starting analysis.
2026-07-30 20:54:09 - app.services.yolo_service - INFO - Running YOLO inference...
2026-07-30 20:54:09 - app.services.yolo_service - INFO - No potholes detected in the image.
2026-07-30 20:54:09 - app.agents.vision_agent - INFO - VisionAgent analysis complete. Found 0 items.
2026-07-30 20:54:10 - app.agents.vision_agent - INFO - VisionAgent starting analysis.
2026-07-30 20:54:10 - app.services.yolo_service - INFO - Running YOLO inference...
2026-07-30 20:54:10 - app.services.yolo_service - INFO - Detected 1 pothole(s).
2026-07-30 20:54:10 - app.agents.vision_agent - INFO - VisionAgent analysis complete. Found 1 items.
2026-07-30 20:54:11 - app.agents.vision_agent - INFO - VisionAgent starting analysis.
2026-07-30 20:54:11 - app.services.yolo_service - INFO - Running YOLO inference...
2026-07-30 20:54:11 - app.services.yolo_service - INFO - No potholes detected in the image.
2026-07-30 20:54:11 - app.agents.vision_agent - INFO - VisionAgent analysis complete. Found 0 items.
2026-07-30 20:54:12 - app.agents.vision_agent - INFO - VisionAgent starting analysis.
2026-07-30 20:54:12 - app.services.yolo_service - INFO - Running YOLO inference...
2026-07-30 20:54:12 - app.services.yolo_service - INFO - Detected 1 pothole(s).
2026-07-30 20:54:12 - app.agents.vision_agent - INFO - VisionAgent analysis complete. Found 1 items.
2026-07-30 20:54:13 - app.agents.vision_agent - INFO - VisionAgent starting analysis.
2026-07-30 20:54:13 - app.services.yolo_service - INFO - Running YOLO inference...
2026-07-30 20:54:13 - app.services.yolo_service - INFO - No potholes detected in the image.
2026-07-30 20:54:13 - app.agents.vision_agent - INFO - VisionAgent analysis complete. Found 0 items.
2026-07-30 20:54:14 - app.agents.vision_agent - INFO - VisionAgent starting analysis.
2026-07-30 20:54:14 - app.services.yolo_service - INFO - Running YOLO inference...
2026-07-30 20:54:14 - app.services.yolo_service - INFO - No potholes detected in the image.
2026-07-30 20:54:14 - app.agents.vision_agent - INFO - VisionAgent analysis complete. Found 0 items.
2026-07-30 20:54:15 - app.agents.vision_agent - INFO - VisionAgent starting analysis.
2026-07-30 20:54:15 - app.services.yolo_service - INFO - Running YOLO inference...
2026-07-30 20:54:15 - app.services.yolo_service - INFO - No potholes detected in the image.
2026-07-30 20:54:15 - app.agents.vision_agent - INFO - VisionAgent analysis complete. Found 0 items.
2026-07-30 20:54:16 - app.agents.vision_agent - INFO - VisionAgent starting analysis.
2026-07-30 20:54:16 - app.services.yolo_service - INFO - Running YOLO inference...
2026-07-30 20:54:16 - app.services.yolo_service - INFO - No potholes detected in the image.
2026-07-30 20:54:16 - app.agents.vision_agent - INFO - VisionAgent analysis complete. Found 0 items.
2026-07-30 20:54:17 - app.agents.vision_agent - INFO - VisionAgent starting analysis.
2026-07-30 20:54:17 - app.services.yolo_service - INFO - Running YOLO inference...
2026-07-30 20:54:18 - app.services.yolo_service - INFO - No potholes detected in the image.
2026-07-30 20:54:18 - app.agents.vision_agent - INFO - VisionAgent analysis complete. Found 0 items.
2026-07-30 20:54:18 - app.agents.vision_agent - INFO - VisionAgent starting analysis.
2026-07-30 20:54:18 - app.services.yolo_service - INFO - Running YOLO inference...
2026-07-30 20:54:19 - app.services.yolo_service - INFO - No potholes detected in the image.
2026-07-30 20:54:19 - app.agents.vision_agent - INFO - VisionAgent analysis complete. Found 0 items.
2026-07-30 20:54:19 - app.agents.vision_agent - INFO - VisionAgent starting analysis.
2026-07-30 20:54:19 - app.services.yolo_service - INFO - Running YOLO inference...
2026-07-30 20:54:20 - app.services.yolo_service - INFO - No potholes detected in the image.
2026-07-30 20:54:20 - app.agents.vision_agent - INFO - VisionAgent analysis complete. Found 0 items.
2026-07-30 20:54:21 - app.agents.vision_agent - INFO - VisionAgent starting analysis.
2026-07-30 20:54:21 - app.services.yolo_service - INFO - Running YOLO inference...
2026-07-30 20:54:21 - app.services.yolo_service - INFO - No potholes detected in the image.
2026-07-30 20:54:21 - app.agents.vision_agent - INFO - VisionAgent analysis complete. Found 0 items.
2026-07-30 20:54:22 - app.agents.vision_agent - INFO - VisionAgent starting analysis.
2026-07-30 20:54:22 - app.services.yolo_service - INFO - Running YOLO inference...
2026-07-30 20:54:22 - app.services.yolo_service - INFO - No potholes detected in the image.
2026-07-30 20:54:22 - app.agents.vision_agent - INFO - VisionAgent analysis complete. Found 0 items.
2026-07-30 20:54:23 - app.agents.vision_agent - INFO - VisionAgent starting analysis.
2026-07-30 20:54:23 - app.services.yolo_service - INFO - Running YOLO inference...
2026-07-30 20:54:23 - app.services.yolo_service - INFO - No potholes detected in the image.
2026-07-30 20:54:23 - app.agents.vision_agent - INFO - VisionAgent analysis complete. Found 0 items.
2026-07-30 20:54:24 - app.agents.vision_agent - INFO - VisionAgent starting analysis.
2026-07-30 20:54:24 - app.services.yolo_service - INFO - Running YOLO inference...
2026-07-30 20:54:24 - app.services.yolo_service - INFO - No potholes detected in the image.
2026-07-30 20:54:24 - app.agents.vision_agent - INFO - VisionAgent analysis complete. Found 0 items.
2026-07-30 20:54:25 - app.agents.vision_agent - INFO - VisionAgent starting analysis.
2026-07-30 20:54:25 - app.services.yolo_service - INFO - Running YOLO inference...
2026-07-30 20:54:25 - app.services.yolo_service - INFO - No potholes detected in the image.
2026-07-30 20:54:25 - app.agents.vision_agent - INFO - VisionAgent analysis complete. Found 0 items.
2026-07-30 20:54:26 - app.agents.vision_agent - INFO - VisionAgent starting analysis.
2026-07-30 20:54:26 - app.services.yolo_service - INFO - Running YOLO inference...
2026-07-30 20:54:26 - app.services.yolo_service - INFO - No potholes detected in the image.
2026-07-30 20:54:26 - app.agents.vision_agent - INFO - VisionAgent analysis complete. Found 0 items.
2026-07-30 20:54:27 - app.agents.vision_agent - INFO - VisionAgent starting analysis.
2026-07-30 20:54:27 - app.services.yolo_service - INFO - Running YOLO inference...
2026-07-30 20:54:27 - app.services.yolo_service - INFO - No potholes detected in the image.
2026-07-30 20:54:27 - app.agents.vision_agent - INFO - VisionAgent analysis complete. Found 0 items.
2026-07-30 20:54:28 - app.agents.vision_agent - INFO - VisionAgent starting analysis.
2026-07-30 20:54:28 - app.services.yolo_service - INFO - Running YOLO inference...
2026-07-30 20:54:28 - app.services.yolo_service - INFO - No potholes detected in the image.
2026-07-30 20:54:28 - app.agents.vision_agent - INFO - VisionAgent analysis complete. Found 0 items.
2026-07-30 20:54:29 - app.agents.vision_agent - INFO - VisionAgent starting analysis.
2026-07-30 20:54:29 - app.services.yolo_service - INFO - Running YOLO inference...
2026-07-30 20:54:29 - app.services.yolo_service - INFO - No potholes detected in the image.
2026-07-30 20:54:29 - app.agents.vision_agent - INFO - VisionAgent analysis complete. Found 0 items.
2026-07-30 20:54:30 - app.agents.vision_agent - INFO - VisionAgent starting analysis.
2026-07-30 20:54:30 - app.services.yolo_service - INFO - Running YOLO inference...
2026-07-30 20:54:30 - app.services.yolo_service - INFO - No potholes detected in the image.
2026-07-30 20:54:30 - app.agents.vision_agent - INFO - VisionAgent analysis complete. Found 0 items.
2026-07-30 20:54:31 - app.agents.vision_agent - INFO - VisionAgent starting analysis.
2026-07-30 20:54:31 - app.services.yolo_service - INFO - Running YOLO inference...
2026-07-30 20:54:31 - app.services.yolo_service - INFO - No potholes detected in the image.
2026-07-30 20:54:31 - app.agents.vision_agent - INFO - VisionAgent analysis complete. Found 0 items.
2026-07-30 20:54:32 - app.agents.vision_agent - INFO - VisionAgent starting analysis.
2026-07-30 20:54:32 - app.services.yolo_service - INFO - Running YOLO inference...
2026-07-30 20:54:33 - app.services.yolo_service - INFO - No potholes detected in the image.
2026-07-30 20:54:33 - app.agents.vision_agent - INFO - VisionAgent analysis complete. Found 0 items.
2026-07-30 20:54:33 - app.agents.vision_agent - INFO - VisionAgent starting analysis.
2026-07-30 20:54:33 - app.services.yolo_service - INFO - Running YOLO inference...
2026-07-30 20:54:34 - app.services.yolo_service - INFO - Detected 1 pothole(s).
2026-07-30 20:54:34 - app.agents.vision_agent - INFO - VisionAgent analysis complete. Found 1 items.
2026-07-30 20:54:35 - app.agents.vision_agent - INFO - VisionAgent starting analysis.
2026-07-30 20:54:35 - app.services.yolo_service - INFO - Running YOLO inference...
2026-07-30 20:54:35 - app.services.yolo_service - INFO - Detected 1 pothole(s).
2026-07-30 20:54:35 - app.agents.vision_agent - INFO - VisionAgent analysis complete. Found 1 items.
2026-07-30 20:54:36 - app.agents.vision_agent - INFO - VisionAgent starting analysis.
2026-07-30 20:54:36 - app.services.yolo_service - INFO - Running YOLO inference...
2026-07-30 20:54:36 - app.services.yolo_service - INFO - No potholes detected in the image.
2026-07-30 20:54:36 - app.agents.vision_agent - INFO - VisionAgent analysis complete. Found 0 items.
2026-07-30 20:54:37 - app.agents.vision_agent - INFO - VisionAgent starting analysis.
2026-07-30 20:54:37 - app.services.yolo_service - INFO - Running YOLO inference...
2026-07-30 20:54:37 - app.services.yolo_service - INFO - No potholes detected in the image.
2026-07-30 20:54:37 - app.agents.vision_agent - INFO - VisionAgent analysis complete. Found 0 items.
2026-07-30 20:54:38 - app.agents.vision_agent - INFO - VisionAgent starting analysis.
2026-07-30 20:54:38 - app.services.yolo_service - INFO - Running YOLO inference...
2026-07-30 20:54:38 - app.services.yolo_service - INFO - No potholes detected in the image.
2026-07-30 20:54:38 - app.agents.vision_agent - INFO - VisionAgent analysis complete. Found 0 items.
2026-07-30 20:54:39 - app.agents.vision_agent - INFO - VisionAgent starting analysis.
2026-07-30 20:54:39 - app.services.yolo_service - INFO - Running YOLO inference...
2026-07-30 20:54:39 - app.services.yolo_service - INFO - No potholes detected in the image.
2026-07-30 20:54:39 - app.agents.vision_agent - INFO - VisionAgent analysis complete. Found 0 items.
2026-07-30 20:54:40 - app.agents.vision_agent - INFO - VisionAgent starting analysis.
2026-07-30 20:54:40 - app.services.yolo_service - INFO - Running YOLO inference...
2026-07-30 20:54:40 - app.services.yolo_service - INFO - No potholes detected in the image.
2026-07-30 20:54:40 - app.agents.vision_agent - INFO - VisionAgent analysis complete. Found 0 items.
2026-07-30 20:54:41 - app.agents.vision_agent - INFO - VisionAgent starting analysis.
2026-07-30 20:54:41 - app.services.yolo_service - INFO - Running YOLO inference...
2026-07-30 20:54:41 - app.services.yolo_service - INFO - No potholes detected in the image.
2026-07-30 20:54:41 - app.agents.vision_agent - INFO - VisionAgent analysis complete. Found 0 items.
2026-07-30 20:54:42 - app.agents.vision_agent - INFO - VisionAgent starting analysis.
2026-07-30 20:54:42 - app.services.yolo_service - INFO - Running YOLO inference...
2026-07-30 20:54:42 - app.services.yolo_service - INFO - No potholes detected in the image.
2026-07-30 20:54:42 - app.agents.vision_agent - INFO - VisionAgent analysis complete. Found 0 items.
2026-07-30 20:54:43 - app.agents.vision_agent - INFO - VisionAgent starting analysis.
2026-07-30 20:54:43 - app.services.yolo_service - INFO - Running YOLO inference...
2026-07-30 20:54:43 - app.services.yolo_service - INFO - No potholes detected in the image.
2026-07-30 20:54:43 - app.agents.vision_agent - INFO - VisionAgent analysis complete. Found 0 items.
2026-07-30 20:54:44 - app.agents.vision_agent - INFO - VisionAgent starting analysis.
2026-07-30 20:54:44 - app.services.yolo_service - INFO - Running YOLO inference...
2026-07-30 20:54:44 - app.services.yolo_service - INFO - No potholes detected in the image.
2026-07-30 20:54:44 - app.agents.vision_agent - INFO - VisionAgent analysis complete. Found 0 items.
2026-07-30 20:54:45 - app.agents.vision_agent - INFO - VisionAgent starting analysis.
2026-07-30 20:54:45 - app.services.yolo_service - INFO - Running YOLO inference...
2026-07-30 20:54:45 - app.services.yolo_service - INFO - No potholes detected in the image.
2026-07-30 20:54:45 - app.agents.vision_agent - INFO - VisionAgent analysis complete. Found 0 items.
2026-07-30 20:54:46 - app.agents.vision_agent - INFO - VisionAgent starting analysis.
2026-07-30 20:54:46 - app.services.yolo_service - INFO - Running YOLO inference...
2026-07-30 20:54:46 - app.services.yolo_service - INFO - No potholes detected in the image.
2026-07-30 20:54:46 - app.agents.vision_agent - INFO - VisionAgent analysis complete. Found 0 items.
2026-07-30 20:54:47 - app.agents.vision_agent - INFO - VisionAgent starting analysis.
2026-07-30 20:54:47 - app.services.yolo_service - INFO - Running YOLO inference...
2026-07-30 20:54:47 - app.services.yolo_service - INFO - No potholes detected in the image.
2026-07-30 20:54:47 - app.agents.vision_agent - INFO - VisionAgent analysis complete. Found 0 items.
2026-07-30 20:54:48 - app.agents.vision_agent - INFO - VisionAgent starting analysis.
2026-07-30 20:54:48 - app.services.yolo_service - INFO - Running YOLO inference...
2026-07-30 20:54:48 - app.services.yolo_service - INFO - No potholes detected in the image.
2026-07-30 20:54:48 - app.agents.vision_agent - INFO - VisionAgent analysis complete. Found 0 items.
2026-07-30 20:54:49 - app.agents.vision_agent - INFO - VisionAgent starting analysis.
2026-07-30 20:54:49 - app.services.yolo_service - INFO - Running YOLO inference...
2026-07-30 20:54:50 - app.services.yolo_service - INFO - No potholes detected in the image.
2026-07-30 20:54:50 - app.agents.vision_agent - INFO - VisionAgent analysis complete. Found 0 items.
2026-07-30 20:54:50 - app.agents.vision_agent - INFO - VisionAgent starting analysis.
2026-07-30 20:54:50 - app.services.yolo_service - INFO - Running YOLO inference...
2026-07-30 20:54:51 - app.services.yolo_service - INFO - No potholes detected in the image.
2026-07-30 20:54:51 - app.agents.vision_agent - INFO - VisionAgent analysis complete. Found 0 items.
2026-07-30 20:54:52 - app.agents.vision_agent - INFO - VisionAgent starting analysis.
2026-07-30 20:54:52 - app.services.yolo_service - INFO - Running YOLO inference...
2026-07-30 20:54:52 - app.services.yolo_service - INFO - No potholes detected in the image.
2026-07-30 20:54:52 - app.agents.vision_agent - INFO - VisionAgent analysis complete. Found 0 items.
2026-07-30 20:54:53 - app.agents.vision_agent - INFO - VisionAgent starting analysis.
2026-07-30 20:54:53 - app.services.yolo_service - INFO - Running YOLO inference...
2026-07-30 20:54:53 - app.services.yolo_service - INFO - No potholes detected in the image.
2026-07-30 20:54:53 - app.agents.vision_agent - INFO - VisionAgent analysis complete. Found 0 items.
2026-07-30 20:54:54 - app.agents.vision_agent - INFO - VisionAgent starting analysis.
2026-07-30 20:54:54 - app.services.yolo_service - INFO - Running YOLO inference...
2026-07-30 20:54:54 - app.services.yolo_service - INFO - No potholes detected in the image.
2026-07-30 20:54:54 - app.agents.vision_agent - INFO - VisionAgent analysis complete. Found 0 items.
2026-07-30 20:54:55 - app.agents.vision_agent - INFO - VisionAgent starting analysis.
2026-07-30 20:54:55 - app.services.yolo_service - INFO - Running YOLO inference...
2026-07-30 20:54:55 - app.services.yolo_service - INFO - No potholes detected in the image.
2026-07-30 20:54:55 - app.agents.vision_agent - INFO - VisionAgent analysis complete. Found 0 items.
2026-07-30 20:54:56 - app.agents.vision_agent - INFO - VisionAgent starting analysis.
2026-07-30 20:54:56 - app.services.yolo_service - INFO - Running YOLO inference...
2026-07-30 20:54:56 - app.services.yolo_service - INFO - No potholes detected in the image.
2026-07-30 20:54:56 - app.agents.vision_agent - INFO - VisionAgent analysis complete. Found 0 items.
2026-07-30 20:54:57 - app.agents.vision_agent - INFO - VisionAgent starting analysis.
2026-07-30 20:54:57 - app.services.yolo_service - INFO - Running YOLO inference...
2026-07-30 20:54:57 - app.services.yolo_service - INFO - No potholes detected in the image.
2026-07-30 20:54:57 - app.agents.vision_agent - INFO - VisionAgent analysis complete. Found 0 items.
2026-07-30 20:54:58 - app.agents.vision_agent - INFO - VisionAgent starting analysis.
2026-07-30 20:54:58 - app.services.yolo_service - INFO - Running YOLO inference...
2026-07-30 20:54:58 - app.services.yolo_service - INFO - Detected 1 pothole(s).
2026-07-30 20:54:58 - app.agents.vision_agent - INFO - VisionAgent analysis complete. Found 1 items.
2026-07-30 20:54:59 - app.agents.vision_agent - INFO - VisionAgent starting analysis.
2026-07-30 20:54:59 - app.services.yolo_service - INFO - Running YOLO inference...
2026-07-30 20:54:59 - app.services.yolo_service - INFO - Detected 1 pothole(s).
2026-07-30 20:54:59 - app.agents.vision_agent - INFO - VisionAgent analysis complete. Found 1 items.
2026-07-30 20:55:00 - app.agents.vision_agent - INFO - VisionAgent starting analysis.
2026-07-30 20:55:00 - app.services.yolo_service - INFO - Running YOLO inference...
2026-07-30 20:55:00 - app.services.yolo_service - INFO - No potholes detected in the image.
2026-07-30 20:55:00 - app.agents.vision_agent - INFO - VisionAgent analysis complete. Found 0 items.
2026-07-30 20:55:01 - app.agents.vision_agent - INFO - VisionAgent starting analysis.
2026-07-30 20:55:01 - app.services.yolo_service - INFO - Running YOLO inference...
2026-07-30 20:55:01 - app.services.yolo_service - INFO - No potholes detected in the image.
2026-07-30 20:55:01 - app.agents.vision_agent - INFO - VisionAgent analysis complete. Found 0 items.
2026-07-30 20:55:02 - app.agents.vision_agent - INFO - VisionAgent starting analysis.
2026-07-30 20:55:02 - app.services.yolo_service - INFO - Running YOLO inference...
2026-07-30 20:55:02 - app.services.yolo_service - INFO - No potholes detected in the image.
2026-07-30 20:55:02 - app.agents.vision_agent - INFO - VisionAgent analysis complete. Found 0 items.
2026-07-30 20:55:03 - app.agents.vision_agent - INFO - VisionAgent starting analysis.
2026-07-30 20:55:03 - app.services.yolo_service - INFO - Running YOLO inference...
2026-07-30 20:55:03 - app.services.yolo_service - INFO - No potholes detected in the image.
2026-07-30 20:55:03 - app.agents.vision_agent - INFO - VisionAgent analysis complete. Found 0 items.
2026-07-30 20:55:04 - app.agents.vision_agent - INFO - VisionAgent starting analysis.
2026-07-30 20:55:04 - app.services.yolo_service - INFO - Running YOLO inference...
2026-07-30 20:55:05 - app.services.yolo_service - INFO - No potholes detected in the image.
2026-07-30 20:55:05 - app.agents.vision_agent - INFO - VisionAgent analysis complete. Found 0 items.
2026-07-30 20:55:05 - app.agents.vision_agent - INFO - VisionAgent starting analysis.
2026-07-30 20:55:05 - app.services.yolo_service - INFO - Running YOLO inference...
2026-07-30 20:55:06 - app.services.yolo_service - INFO - No potholes detected in the image.
2026-07-30 20:55:06 - app.agents.vision_agent - INFO - VisionAgent analysis complete. Found 0 items.
2026-07-30 20:55:07 - app.agents.vision_agent - INFO - VisionAgent starting analysis.
2026-07-30 20:55:07 - app.services.yolo_service - INFO - Running YOLO inference...
2026-07-30 20:55:07 - app.services.yolo_service - INFO - No potholes detected in the image.
2026-07-30 20:55:07 - app.agents.vision_agent - INFO - VisionAgent analysis complete. Found 0 items.
2026-07-30 20:55:08 - app.agents.vision_agent - INFO - VisionAgent starting analysis.
2026-07-30 20:55:08 - app.services.yolo_service - INFO - Running YOLO inference...
2026-07-30 20:55:08 - app.services.yolo_service - INFO - No potholes detected in the image.
2026-07-30 20:55:08 - app.agents.vision_agent - INFO - VisionAgent analysis complete. Found 0 items.
2026-07-30 20:55:09 - app.agents.vision_agent - INFO - VisionAgent starting analysis.
2026-07-30 20:55:09 - app.services.yolo_service - INFO - Running YOLO inference...
2026-07-30 20:55:09 - app.services.yolo_service - INFO - No potholes detected in the image.
2026-07-30 20:55:09 - app.agents.vision_agent - INFO - VisionAgent analysis complete. Found 0 items.
2026-07-30 20:55:10 - app.agents.vision_agent - INFO - VisionAgent starting analysis.
2026-07-30 20:55:10 - app.services.yolo_service - INFO - Running YOLO inference...
2026-07-30 20:55:10 - app.services.yolo_service - INFO - No potholes detected in the image.
2026-07-30 20:55:10 - app.agents.vision_agent - INFO - VisionAgent analysis complete. Found 0 items.
2026-07-30 20:55:11 - app.agents.vision_agent - INFO - VisionAgent starting analysis.
2026-07-30 20:55:11 - app.services.yolo_service - INFO - Running YOLO inference...
2026-07-30 20:55:11 - app.services.yolo_service - INFO - No potholes detected in the image.
2026-07-30 20:55:11 - app.agents.vision_agent - INFO - VisionAgent analysis complete. Found 0 items.
2026-07-30 20:55:12 - app.agents.vision_agent - INFO - VisionAgent starting analysis.
2026-07-30 20:55:12 - app.services.yolo_service - INFO - Running YOLO inference...
2026-07-30 20:55:12 - app.services.yolo_service - INFO - No potholes detected in the image.
2026-07-30 20:55:12 - app.agents.vision_agent - INFO - VisionAgent analysis complete. Found 0 items.
2026-07-30 20:55:13 - app.agents.vision_agent - INFO - VisionAgent starting analysis.
2026-07-30 20:55:13 - app.services.yolo_service - INFO - Running YOLO inference...
2026-07-30 20:55:13 - app.services.yolo_service - INFO - No potholes detected in the image.
2026-07-30 20:55:13 - app.agents.vision_agent - INFO - VisionAgent analysis complete. Found 0 items.
2026-07-30 20:55:14 - app.agents.vision_agent - INFO - VisionAgent starting analysis.
2026-07-30 20:55:14 - app.services.yolo_service - INFO - Running YOLO inference...
2026-07-30 20:55:14 - app.services.yolo_service - INFO - No potholes detected in the image.
2026-07-30 20:55:14 - app.agents.vision_agent - INFO - VisionAgent analysis complete. Found 0 items.
2026-07-30 20:55:15 - app.agents.vision_agent - INFO - VisionAgent starting analysis.
2026-07-30 20:55:15 - app.services.yolo_service - INFO - Running YOLO inference...
2026-07-30 20:55:15 - app.services.yolo_service - INFO - No potholes detected in the image.
2026-07-30 20:55:15 - app.agents.vision_agent - INFO - VisionAgent analysis complete. Found 0 items.
2026-07-30 20:55:16 - app.agents.vision_agent - INFO - VisionAgent starting analysis.
2026-07-30 20:55:16 - app.services.yolo_service - INFO - Running YOLO inference...
2026-07-30 20:55:16 - app.services.yolo_service - INFO - No potholes detected in the image.
2026-07-30 20:55:16 - app.agents.vision_agent - INFO - VisionAgent analysis complete. Found 0 items.
2026-07-30 20:55:17 - app.agents.vision_agent - INFO - VisionAgent starting analysis.
2026-07-30 20:55:17 - app.services.yolo_service - INFO - Running YOLO inference...
2026-07-30 20:55:17 - app.services.yolo_service - INFO - No potholes detected in the image.
2026-07-30 20:55:17 - app.agents.vision_agent - INFO - VisionAgent analysis complete. Found 0 items.
2026-07-30 20:55:18 - app.agents.vision_agent - INFO - VisionAgent starting analysis.
2026-07-30 20:55:18 - app.services.yolo_service - INFO - Running YOLO inference...
2026-07-30 20:55:19 - app.services.yolo_service - INFO - No potholes detected in the image.
2026-07-30 20:55:19 - app.agents.vision_agent - INFO - VisionAgent analysis complete. Found 0 items.
2026-07-30 20:55:19 - app.agents.vision_agent - INFO - VisionAgent starting analysis.
2026-07-30 20:55:19 - app.services.yolo_service - INFO - Running YOLO inference...
2026-07-30 20:55:20 - app.services.yolo_service - INFO - No potholes detected in the image.
2026-07-30 20:55:20 - app.agents.vision_agent - INFO - VisionAgent analysis complete. Found 0 items.
2026-07-30 20:55:21 - app.agents.vision_agent - INFO - VisionAgent starting analysis.
2026-07-30 20:55:21 - app.services.yolo_service - INFO - Running YOLO inference...
2026-07-30 20:55:21 - app.services.yolo_service - INFO - No potholes detected in the image.
2026-07-30 20:55:21 - app.agents.vision_agent - INFO - VisionAgent analysis complete. Found 0 items.
2026-07-30 20:55:22 - app.agents.vision_agent - INFO - VisionAgent starting analysis.
2026-07-30 20:55:22 - app.services.yolo_service - INFO - Running YOLO inference...
2026-07-30 20:55:22 - app.services.yolo_service - INFO - No potholes detected in the image.
2026-07-30 20:55:22 - app.agents.vision_agent - INFO - VisionAgent analysis complete. Found 0 items.
2026-07-30 20:55:23 - app.agents.vision_agent - INFO - VisionAgent starting analysis.
2026-07-30 20:55:23 - app.services.yolo_service - INFO - Running YOLO inference...
2026-07-30 20:55:23 - app.services.yolo_service - INFO - No potholes detected in the image.
2026-07-30 20:55:23 - app.agents.vision_agent - INFO - VisionAgent analysis complete. Found 0 items.
2026-07-30 20:55:24 - app.agents.vision_agent - INFO - VisionAgent starting analysis.
2026-07-30 20:55:24 - app.services.yolo_service - INFO - Running YOLO inference...
2026-07-30 20:55:24 - app.services.yolo_service - INFO - No potholes detected in the image.
2026-07-30 20:55:24 - app.agents.vision_agent - INFO - VisionAgent analysis complete. Found 0 items.
2026-07-30 20:55:25 - app.agents.vision_agent - INFO - VisionAgent starting analysis.
2026-07-30 20:55:25 - app.services.yolo_service - INFO - Running YOLO inference...
2026-07-30 20:55:25 - app.services.yolo_service - INFO - No potholes detected in the image.
2026-07-30 20:55:25 - app.agents.vision_agent - INFO - VisionAgent analysis complete. Found 0 items.
2026-07-30 20:55:26 - app.agents.vision_agent - INFO - VisionAgent starting analysis.
2026-07-30 20:55:26 - app.services.yolo_service - INFO - Running YOLO inference...
2026-07-30 20:55:26 - app.services.yolo_service - INFO - No potholes detected in the image.
2026-07-30 20:55:26 - app.agents.vision_agent - INFO - VisionAgent analysis complete. Found 0 items.
2026-07-30 20:55:27 - app.agents.vision_agent - INFO - VisionAgent starting analysis.
2026-07-30 20:55:27 - app.services.yolo_service - INFO - Running YOLO inference...
2026-07-30 20:55:27 - app.services.yolo_service - INFO - No potholes detected in the image.
2026-07-30 20:55:27 - app.agents.vision_agent - INFO - VisionAgent analysis complete. Found 0 items.
2026-07-30 20:55:28 - app.agents.vision_agent - INFO - VisionAgent starting analysis.
2026-07-30 20:55:28 - app.services.yolo_service - INFO - Running YOLO inference...
2026-07-30 20:55:28 - app.services.yolo_service - INFO - No potholes detected in the image.
2026-07-30 20:55:28 - app.agents.vision_agent - INFO - VisionAgent analysis complete. Found 0 items.
2026-07-30 20:55:29 - app.agents.vision_agent - INFO - VisionAgent starting analysis.
2026-07-30 20:55:29 - app.services.yolo_service - INFO - Running YOLO inference...
2026-07-30 20:55:29 - app.services.yolo_service - INFO - No potholes detected in the image.
2026-07-30 20:55:29 - app.agents.vision_agent - INFO - VisionAgent analysis complete. Found 0 items.
2026-07-30 20:55:30 - app.agents.vision_agent - INFO - VisionAgent starting analysis.
2026-07-30 20:55:30 - app.services.yolo_service - INFO - Running YOLO inference...
2026-07-30 20:55:30 - app.services.yolo_service - INFO - No potholes detected in the image.
2026-07-30 20:55:30 - app.agents.vision_agent - INFO - VisionAgent analysis complete. Found 0 items.
2026-07-30 20:55:31 - app.agents.vision_agent - INFO - VisionAgent starting analysis.
2026-07-30 20:55:31 - app.services.yolo_service - INFO - Running YOLO inference...
2026-07-30 20:55:31 - app.services.yolo_service - INFO - No potholes detected in the image.
2026-07-30 20:55:31 - app.agents.vision_agent - INFO - VisionAgent analysis complete. Found 0 items.
2026-07-30 20:55:32 - app.agents.vision_agent - INFO - VisionAgent starting analysis.
2026-07-30 20:55:32 - app.services.yolo_service - INFO - Running YOLO inference...
2026-07-30 20:55:32 - app.services.yolo_service - INFO - No potholes detected in the image.
2026-07-30 20:55:32 - app.agents.vision_agent - INFO - VisionAgent analysis complete. Found 0 items.
2026-07-30 20:55:33 - app.agents.vision_agent - INFO - VisionAgent starting analysis.
2026-07-30 20:55:33 - app.services.yolo_service - INFO - Running YOLO inference...
2026-07-30 20:55:33 - app.services.yolo_service - INFO - No potholes detected in the image.
2026-07-30 20:55:33 - app.agents.vision_agent - INFO - VisionAgent analysis complete. Found 0 items.
2026-07-30 20:55:34 - app.agents.vision_agent - INFO - VisionAgent starting analysis.
2026-07-30 20:55:34 - app.services.yolo_service - INFO - Running YOLO inference...
2026-07-30 20:55:34 - app.services.yolo_service - INFO - No potholes detected in the image.
2026-07-30 20:55:34 - app.agents.vision_agent - INFO - VisionAgent analysis complete. Found 0 items.
2026-07-30 20:55:35 - app.agents.vision_agent - INFO - VisionAgent starting analysis.
2026-07-30 20:55:35 - app.services.yolo_service - INFO - Running YOLO inference...
2026-07-30 20:55:36 - app.services.yolo_service - INFO - No potholes detected in the image.
2026-07-30 20:55:36 - app.agents.vision_agent - INFO - VisionAgent analysis complete. Found 0 items.
2026-07-30 20:55:36 - app.agents.vision_agent - INFO - VisionAgent starting analysis.
2026-07-30 20:55:36 - app.services.yolo_service - INFO - Running YOLO inference...
2026-07-30 20:55:37 - app.services.yolo_service - INFO - Detected 1 pothole(s).
2026-07-30 20:55:37 - app.agents.vision_agent - INFO - VisionAgent analysis complete. Found 1 items.
2026-07-30 20:55:38 - app.agents.vision_agent - INFO - VisionAgent starting analysis.
2026-07-30 20:55:38 - app.services.yolo_service - INFO - Running YOLO inference...
2026-07-30 20:55:38 - app.services.yolo_service - INFO - No potholes detected in the image.
2026-07-30 20:55:38 - app.agents.vision_agent - INFO - VisionAgent analysis complete. Found 0 items.
2026-07-30 20:55:39 - app.agents.vision_agent - INFO - VisionAgent starting analysis.
2026-07-30 20:55:39 - app.services.yolo_service - INFO - Running YOLO inference...
2026-07-30 20:55:39 - app.services.yolo_service - INFO - No potholes detected in the image.
2026-07-30 20:55:39 - app.agents.vision_agent - INFO - VisionAgent analysis complete. Found 0 items.
2026-07-30 20:55:40 - app.agents.vision_agent - INFO - VisionAgent starting analysis.
2026-07-30 20:55:40 - app.services.yolo_service - INFO - Running YOLO inference...
2026-07-30 20:55:40 - app.services.yolo_service - INFO - No potholes detected in the image.
2026-07-30 20:55:40 - app.agents.vision_agent - INFO - VisionAgent analysis complete. Found 0 items.
2026-07-30 20:55:41 - app.agents.vision_agent - INFO - VisionAgent starting analysis.
2026-07-30 20:55:41 - app.services.yolo_service - INFO - Running YOLO inference...
2026-07-30 20:55:41 - app.services.yolo_service - INFO - No potholes detected in the image.
2026-07-30 20:55:41 - app.agents.vision_agent - INFO - VisionAgent analysis complete. Found 0 items.
2026-07-30 20:55:42 - app.agents.vision_agent - INFO - VisionAgent starting analysis.
2026-07-30 20:55:42 - app.services.yolo_service - INFO - Running YOLO inference...
2026-07-30 20:55:42 - app.services.yolo_service - INFO - No potholes detected in the image.
2026-07-30 20:55:42 - app.agents.vision_agent - INFO - VisionAgent analysis complete. Found 0 items.
2026-07-30 20:55:43 - app.agents.vision_agent - INFO - VisionAgent starting analysis.
2026-07-30 20:55:43 - app.services.yolo_service - INFO - Running YOLO inference...
2026-07-30 20:55:43 - app.services.yolo_service - INFO - No potholes detected in the image.
2026-07-30 20:55:43 - app.agents.vision_agent - INFO - VisionAgent analysis complete. Found 0 items.
2026-07-30 20:55:44 - app.agents.vision_agent - INFO - VisionAgent starting analysis.
2026-07-30 20:55:44 - app.services.yolo_service - INFO - Running YOLO inference...
2026-07-30 20:55:44 - app.services.yolo_service - INFO - No potholes detected in the image.
2026-07-30 20:55:44 - app.agents.vision_agent - INFO - VisionAgent analysis complete. Found 0 items.
2026-07-30 20:55:45 - app.agents.vision_agent - INFO - VisionAgent starting analysis.
2026-07-30 20:55:45 - app.services.yolo_service - INFO - Running YOLO inference...
2026-07-30 20:55:45 - app.services.yolo_service - INFO - No potholes detected in the image.
2026-07-30 20:55:45 - app.agents.vision_agent - INFO - VisionAgent analysis complete. Found 0 items.
2026-07-30 20:55:46 - app.agents.vision_agent - INFO - VisionAgent starting analysis.
2026-07-30 20:55:46 - app.services.yolo_service - INFO - Running YOLO inference...
2026-07-30 20:55:46 - app.services.yolo_service - INFO - No potholes detected in the image.
2026-07-30 20:55:46 - app.agents.vision_agent - INFO - VisionAgent analysis complete. Found 0 items.
2026-07-30 20:55:47 - app.agents.vision_agent - INFO - VisionAgent starting analysis.
2026-07-30 20:55:47 - app.services.yolo_service - INFO - Running YOLO inference...
2026-07-30 20:55:47 - app.services.yolo_service - INFO - Detected 1 pothole(s).
2026-07-30 20:55:47 - app.agents.vision_agent - INFO - VisionAgent analysis complete. Found 1 items.
2026-07-30 20:55:48 - app.agents.vision_agent - INFO - VisionAgent starting analysis.
2026-07-30 20:55:48 - app.services.yolo_service - INFO - Running YOLO inference...
2026-07-30 20:55:48 - app.services.yolo_service - INFO - Detected 1 pothole(s).
2026-07-30 20:55:48 - app.agents.vision_agent - INFO - VisionAgent analysis complete. Found 1 items.
2026-07-30 20:55:49 - app.agents.vision_agent - INFO - VisionAgent starting analysis.
2026-07-30 20:55:49 - app.services.yolo_service - INFO - Running YOLO inference...
2026-07-30 20:55:50 - app.services.yolo_service - INFO - Detected 1 pothole(s).
2026-07-30 20:55:50 - app.agents.vision_agent - INFO - VisionAgent analysis complete. Found 1 items.
2026-07-30 20:55:50 - app.agents.vision_agent - INFO - VisionAgent starting analysis.
2026-07-30 20:55:50 - app.services.yolo_service - INFO - Running YOLO inference...
2026-07-30 20:55:51 - app.services.yolo_service - INFO - No potholes detected in the image.
2026-07-30 20:55:51 - app.agents.vision_agent - INFO - VisionAgent analysis complete. Found 0 items.
2026-07-30 20:55:51 - app.agents.vision_agent - INFO - VisionAgent starting analysis.
2026-07-30 20:55:51 - app.services.yolo_service - INFO - Running YOLO inference...
2026-07-30 20:55:52 - app.services.yolo_service - INFO - No potholes detected in the image.
2026-07-30 20:55:52 - app.agents.vision_agent - INFO - VisionAgent analysis complete. Found 0 items.
2026-07-30 20:55:53 - app.agents.vision_agent - INFO - VisionAgent starting analysis.
2026-07-30 20:55:53 - app.services.yolo_service - INFO - Running YOLO inference...
2026-07-30 20:55:53 - app.services.yolo_service - INFO - No potholes detected in the image.
2026-07-30 20:55:53 - app.agents.vision_agent - INFO - VisionAgent analysis complete. Found 0 items.
2026-07-30 20:55:54 - app.agents.vision_agent - INFO - VisionAgent starting analysis.
2026-07-30 20:55:54 - app.services.yolo_service - INFO - Running YOLO inference...
2026-07-30 20:55:54 - app.services.yolo_service - INFO - No potholes detected in the image.
2026-07-30 20:55:54 - app.agents.vision_agent - INFO - VisionAgent analysis complete. Found 0 items.
2026-07-30 20:55:55 - app.agents.vision_agent - INFO - VisionAgent starting analysis.
2026-07-30 20:55:55 - app.services.yolo_service - INFO - Running YOLO inference...
2026-07-30 20:55:55 - app.services.yolo_service - INFO - No potholes detected in the image.
2026-07-30 20:55:55 - app.agents.vision_agent - INFO - VisionAgent analysis complete. Found 0 items.
2026-07-30 20:55:56 - app.agents.vision_agent - INFO - VisionAgent starting analysis.
2026-07-30 20:55:56 - app.services.yolo_service - INFO - Running YOLO inference...
2026-07-30 20:55:56 - app.services.yolo_service - INFO - No potholes detected in the image.
2026-07-30 20:55:56 - app.agents.vision_agent - INFO - VisionAgent analysis complete. Found 0 items.
2026-07-30 20:55:57 - app.agents.vision_agent - INFO - VisionAgent starting analysis.
2026-07-30 20:55:57 - app.services.yolo_service - INFO - Running YOLO inference...
2026-07-30 20:55:57 - app.services.yolo_service - INFO - No potholes detected in the image.
2026-07-30 20:55:57 - app.agents.vision_agent - INFO - VisionAgent analysis complete. Found 0 items.
2026-07-30 20:55:58 - app.agents.vision_agent - INFO - VisionAgent starting analysis.
2026-07-30 20:55:58 - app.services.yolo_service - INFO - Running YOLO inference...
2026-07-30 20:55:58 - app.services.yolo_service - INFO - No potholes detected in the image.
2026-07-30 20:55:58 - app.agents.vision_agent - INFO - VisionAgent analysis complete. Found 0 items.
2026-07-30 20:55:59 - app.agents.vision_agent - INFO - VisionAgent starting analysis.
2026-07-30 20:55:59 - app.services.yolo_service - INFO - Running YOLO inference...
2026-07-30 20:55:59 - app.services.yolo_service - INFO - No potholes detected in the image.
2026-07-30 20:55:59 - app.agents.vision_agent - INFO - VisionAgent analysis complete. Found 0 items.
2026-07-30 20:56:00 - app.agents.vision_agent - INFO - VisionAgent starting analysis.
2026-07-30 20:56:00 - app.services.yolo_service - INFO - Running YOLO inference...
2026-07-30 20:56:00 - app.services.yolo_service - INFO - No potholes detected in the image.
2026-07-30 20:56:00 - app.agents.vision_agent - INFO - VisionAgent analysis complete. Found 0 items.
2026-07-30 20:56:01 - app.agents.vision_agent - INFO - VisionAgent starting analysis.
2026-07-30 20:56:01 - app.services.yolo_service - INFO - Running YOLO inference...
2026-07-30 20:56:01 - app.services.yolo_service - INFO - No potholes detected in the image.
2026-07-30 20:56:01 - app.agents.vision_agent - INFO - VisionAgent analysis complete. Found 0 items.
2026-07-30 20:56:02 - app.agents.vision_agent - INFO - VisionAgent starting analysis.
2026-07-30 20:56:02 - app.services.yolo_service - INFO - Running YOLO inference...
2026-07-30 20:56:02 - app.services.yolo_service - INFO - No potholes detected in the image.
2026-07-30 20:56:02 - app.agents.vision_agent - INFO - VisionAgent analysis complete. Found 0 items.
2026-07-30 20:56:03 - app.agents.vision_agent - INFO - VisionAgent starting analysis.
2026-07-30 20:56:03 - app.services.yolo_service - INFO - Running YOLO inference...
2026-07-30 20:56:03 - app.services.yolo_service - INFO - No potholes detected in the image.
2026-07-30 20:56:03 - app.agents.vision_agent - INFO - VisionAgent analysis complete. Found 0 items.
2026-07-30 20:56:04 - app.agents.vision_agent - INFO - VisionAgent starting analysis.
2026-07-30 20:56:04 - app.services.yolo_service - INFO - Running YOLO inference...
2026-07-30 20:56:04 - app.services.yolo_service - INFO - No potholes detected in the image.
2026-07-30 20:56:04 - app.agents.vision_agent - INFO - VisionAgent analysis complete. Found 0 items.
2026-07-30 20:56:05 - app.agents.vision_agent - INFO - VisionAgent starting analysis.
2026-07-30 20:56:05 - app.services.yolo_service - INFO - Running YOLO inference...
2026-07-30 20:56:05 - app.services.yolo_service - INFO - No potholes detected in the image.
2026-07-30 20:56:05 - app.agents.vision_agent - INFO - VisionAgent analysis complete. Found 0 items.
2026-07-30 20:56:07 - app.agents.vision_agent - INFO - VisionAgent starting analysis.
2026-07-30 20:56:07 - app.services.yolo_service - INFO - Running YOLO inference...
2026-07-30 20:56:07 - app.services.yolo_service - INFO - No potholes detected in the image.
2026-07-30 20:56:07 - app.agents.vision_agent - INFO - VisionAgent analysis complete. Found 0 items.
2026-07-30 20:56:08 - app.agents.vision_agent - INFO - VisionAgent starting analysis.
2026-07-30 20:56:08 - app.services.yolo_service - INFO - Running YOLO inference...
2026-07-30 20:56:08 - app.services.yolo_service - INFO - No potholes detected in the image.
2026-07-30 20:56:08 - app.agents.vision_agent - INFO - VisionAgent analysis complete. Found 0 items.
2026-07-30 20:56:09 - app.agents.vision_agent - INFO - VisionAgent starting analysis.
2026-07-30 20:56:09 - app.services.yolo_service - INFO - Running YOLO inference...
2026-07-30 20:56:09 - app.services.yolo_service - INFO - No potholes detected in the image.
2026-07-30 20:56:09 - app.agents.vision_agent - INFO - VisionAgent analysis complete. Found 0 items.
2026-07-30 20:56:10 - app.agents.vision_agent - INFO - VisionAgent starting analysis.
2026-07-30 20:56:10 - app.services.yolo_service - INFO - Running YOLO inference...
2026-07-30 20:56:10 - app.services.yolo_service - INFO - No potholes detected in the image.
2026-07-30 20:56:10 - app.agents.vision_agent - INFO - VisionAgent analysis complete. Found 0 items.
2026-07-30 20:56:11 - app.agents.vision_agent - INFO - VisionAgent starting analysis.
2026-07-30 20:56:11 - app.services.yolo_service - INFO - Running YOLO inference...
2026-07-30 20:56:11 - app.services.yolo_service - INFO - Detected 1 pothole(s).
2026-07-30 20:56:11 - app.agents.vision_agent - INFO - VisionAgent analysis complete. Found 1 items.
2026-07-30 20:56:12 - app.agents.vision_agent - INFO - VisionAgent starting analysis.
2026-07-30 20:56:12 - app.services.yolo_service - INFO - Running YOLO inference...
2026-07-30 20:56:12 - app.services.yolo_service - INFO - Detected 1 pothole(s).
2026-07-30 20:56:12 - app.agents.vision_agent - INFO - VisionAgent analysis complete. Found 1 items.
2026-07-30 20:56:13 - app.agents.vision_agent - INFO - VisionAgent starting analysis.
2026-07-30 20:56:13 - app.services.yolo_service - INFO - Running YOLO inference...
2026-07-30 20:56:13 - app.services.yolo_service - INFO - No potholes detected in the image.
2026-07-30 20:56:13 - app.agents.vision_agent - INFO - VisionAgent analysis complete. Found 0 items.
2026-07-30 20:56:14 - app.agents.vision_agent - INFO - VisionAgent starting analysis.
2026-07-30 20:56:14 - app.services.yolo_service - INFO - Running YOLO inference...
2026-07-30 20:56:14 - app.services.yolo_service - INFO - No potholes detected in the image.
2026-07-30 20:56:14 - app.agents.vision_agent - INFO - VisionAgent analysis complete. Found 0 items.
2026-07-30 20:56:15 - app.agents.vision_agent - INFO - VisionAgent starting analysis.
2026-07-30 20:56:15 - app.services.yolo_service - INFO - Running YOLO inference...
2026-07-30 20:56:15 - app.services.yolo_service - INFO - No potholes detected in the image.
2026-07-30 20:56:15 - app.agents.vision_agent - INFO - VisionAgent analysis complete. Found 0 items.
2026-07-30 20:56:16 - app.agents.vision_agent - INFO - VisionAgent starting analysis.
2026-07-30 20:56:16 - app.services.yolo_service - INFO - Running YOLO inference...
2026-07-30 20:56:16 - app.services.yolo_service - INFO - No potholes detected in the image.
2026-07-30 20:56:16 - app.agents.vision_agent - INFO - VisionAgent analysis complete. Found 0 items.
2026-07-30 20:56:17 - app.agents.vision_agent - INFO - VisionAgent starting analysis.
2026-07-30 20:56:17 - app.services.yolo_service - INFO - Running YOLO inference...
2026-07-30 20:56:17 - app.services.yolo_service - INFO - No potholes detected in the image.
2026-07-30 20:56:17 - app.agents.vision_agent - INFO - VisionAgent analysis complete. Found 0 items.
2026-07-30 20:56:18 - app.agents.vision_agent - INFO - VisionAgent starting analysis.
2026-07-30 20:56:18 - app.services.yolo_service - INFO - Running YOLO inference...
2026-07-30 20:56:18 - app.services.yolo_service - INFO - No potholes detected in the image.
2026-07-30 20:56:18 - app.agents.vision_agent - INFO - VisionAgent analysis complete. Found 0 items.
2026-07-30 20:56:19 - app.agents.vision_agent - INFO - VisionAgent starting analysis.
2026-07-30 20:56:19 - app.services.yolo_service - INFO - Running YOLO inference...
2026-07-30 20:56:19 - app.services.yolo_service - INFO - No potholes detected in the image.
2026-07-30 20:56:19 - app.agents.vision_agent - INFO - VisionAgent analysis complete. Found 0 items.
2026-07-30 20:56:20 - app.agents.vision_agent - INFO - VisionAgent starting analysis.
2026-07-30 20:56:20 - app.services.yolo_service - INFO - Running YOLO inference...
2026-07-30 20:56:20 - app.services.yolo_service - INFO - No potholes detected in the image.
2026-07-30 20:56:20 - app.agents.vision_agent - INFO - VisionAgent analysis complete. Found 0 items.
2026-07-30 20:56:21 - app.agents.vision_agent - INFO - VisionAgent starting analysis.
2026-07-30 20:56:21 - app.services.yolo_service - INFO - Running YOLO inference...
2026-07-30 20:56:22 - app.services.yolo_service - INFO - No potholes detected in the image.
2026-07-30 20:56:22 - app.agents.vision_agent - INFO - VisionAgent analysis complete. Found 0 items.
2026-07-30 20:56:22 - app.agents.vision_agent - INFO - VisionAgent starting analysis.
2026-07-30 20:56:22 - app.services.yolo_service - INFO - Running YOLO inference...
2026-07-30 20:56:23 - app.services.yolo_service - INFO - No potholes detected in the image.
2026-07-30 20:56:23 - app.agents.vision_agent - INFO - VisionAgent analysis complete. Found 0 items.
2026-07-30 20:56:24 - app.agents.vision_agent - INFO - VisionAgent starting analysis.
2026-07-30 20:56:24 - app.services.yolo_service - INFO - Running YOLO inference...
2026-07-30 20:56:24 - app.services.yolo_service - INFO - No potholes detected in the image.
2026-07-30 20:56:24 - app.agents.vision_agent - INFO - VisionAgent analysis complete. Found 0 items.
2026-07-30 20:56:25 - app.agents.vision_agent - INFO - VisionAgent starting analysis.
2026-07-30 20:56:25 - app.services.yolo_service - INFO - Running YOLO inference...
2026-07-30 20:56:25 - app.services.yolo_service - INFO - No potholes detected in the image.
2026-07-30 20:56:25 - app.agents.vision_agent - INFO - VisionAgent analysis complete. Found 0 items.
2026-07-30 20:56:26 - app.agents.vision_agent - INFO - VisionAgent starting analysis.
2026-07-30 20:56:26 - app.services.yolo_service - INFO - Running YOLO inference...
2026-07-30 20:56:26 - app.services.yolo_service - INFO - No potholes detected in the image.
2026-07-30 20:56:26 - app.agents.vision_agent - INFO - VisionAgent analysis complete. Found 0 items.
2026-07-30 20:56:27 - app.agents.vision_agent - INFO - VisionAgent starting analysis.
2026-07-30 20:56:27 - app.services.yolo_service - INFO - Running YOLO inference...
2026-07-30 20:56:27 - app.services.yolo_service - INFO - No potholes detected in the image.
2026-07-30 20:56:27 - app.agents.vision_agent - INFO - VisionAgent analysis complete. Found 0 items.
2026-07-30 20:56:28 - app.agents.vision_agent - INFO - VisionAgent starting analysis.
2026-07-30 20:56:28 - app.services.yolo_service - INFO - Running YOLO inference...
2026-07-30 20:56:28 - app.services.yolo_service - INFO - No potholes detected in the image.
2026-07-30 20:56:28 - app.agents.vision_agent - INFO - VisionAgent analysis complete. Found 0 items.
2026-07-30 20:56:29 - app.agents.vision_agent - INFO - VisionAgent starting analysis.
2026-07-30 20:56:29 - app.services.yolo_service - INFO - Running YOLO inference...
2026-07-30 20:56:29 - app.services.yolo_service - INFO - No potholes detected in the image.
2026-07-30 20:56:29 - app.agents.vision_agent - INFO - VisionAgent analysis complete. Found 0 items.
2026-07-30 20:56:30 - app.agents.vision_agent - INFO - VisionAgent starting analysis.
2026-07-30 20:56:30 - app.services.yolo_service - INFO - Running YOLO inference...
2026-07-30 20:56:30 - app.services.yolo_service - INFO - No potholes detected in the image.
2026-07-30 20:56:30 - app.agents.vision_agent - INFO - VisionAgent analysis complete. Found 0 items.
2026-07-30 20:56:31 - app.agents.vision_agent - INFO - VisionAgent starting analysis.
2026-07-30 20:56:31 - app.services.yolo_service - INFO - Running YOLO inference...
2026-07-30 20:56:31 - app.services.yolo_service - INFO - No potholes detected in the image.
2026-07-30 20:56:31 - app.agents.vision_agent - INFO - VisionAgent analysis complete. Found 0 items.
2026-07-30 20:56:32 - app.agents.vision_agent - INFO - VisionAgent starting analysis.
2026-07-30 20:56:32 - app.services.yolo_service - INFO - Running YOLO inference...
2026-07-30 20:56:32 - app.services.yolo_service - INFO - No potholes detected in the image.
2026-07-30 20:56:32 - app.agents.vision_agent - INFO - VisionAgent analysis complete. Found 0 items.
2026-07-30 20:56:33 - app.agents.vision_agent - INFO - VisionAgent starting analysis.
2026-07-30 20:56:33 - app.services.yolo_service - INFO - Running YOLO inference...
2026-07-30 20:56:33 - app.services.yolo_service - INFO - No potholes detected in the image.
2026-07-30 20:56:33 - app.agents.vision_agent - INFO - VisionAgent analysis complete. Found 0 items.
2026-07-30 20:56:34 - app.agents.vision_agent - INFO - VisionAgent starting analysis.
2026-07-30 20:56:34 - app.services.yolo_service - INFO - Running YOLO inference...
2026-07-30 20:56:34 - app.services.yolo_service - INFO - No potholes detected in the image.
2026-07-30 20:56:34 - app.agents.vision_agent - INFO - VisionAgent analysis complete. Found 0 items.
2026-07-30 20:56:35 - app.agents.vision_agent - INFO - VisionAgent starting analysis.
2026-07-30 20:56:35 - app.services.yolo_service - INFO - Running YOLO inference...
2026-07-30 20:56:35 - app.services.yolo_service - INFO - Detected 1 pothole(s).
2026-07-30 20:56:35 - app.agents.vision_agent - INFO - VisionAgent analysis complete. Found 1 items.
2026-07-30 20:56:36 - app.agents.vision_agent - INFO - VisionAgent starting analysis.
2026-07-30 20:56:36 - app.services.yolo_service - INFO - Running YOLO inference...
2026-07-30 20:56:37 - app.services.yolo_service - INFO - Detected 1 pothole(s).
2026-07-30 20:56:37 - app.agents.vision_agent - INFO - VisionAgent analysis complete. Found 1 items.
2026-07-30 20:56:38 - app.agents.vision_agent - INFO - VisionAgent starting analysis.
2026-07-30 20:56:38 - app.services.yolo_service - INFO - Running YOLO inference...
2026-07-30 20:56:38 - app.services.yolo_service - INFO - No potholes detected in the image.
2026-07-30 20:56:38 - app.agents.vision_agent - INFO - VisionAgent analysis complete. Found 0 items.
2026-07-30 20:56:39 - app.agents.vision_agent - INFO - VisionAgent starting analysis.
2026-07-30 20:56:39 - app.services.yolo_service - INFO - Running YOLO inference...
2026-07-30 20:56:39 - app.services.yolo_service - INFO - No potholes detected in the image.
2026-07-30 20:56:39 - app.agents.vision_agent - INFO - VisionAgent analysis complete. Found 0 items.
2026-07-30 20:56:40 - app.agents.vision_agent - INFO - VisionAgent starting analysis.
2026-07-30 20:56:40 - app.services.yolo_service - INFO - Running YOLO inference...
2026-07-30 20:56:40 - app.services.yolo_service - INFO - No potholes detected in the image.
2026-07-30 20:56:40 - app.agents.vision_agent - INFO - VisionAgent analysis complete. Found 0 items.
2026-07-30 20:56:41 - app.agents.vision_agent - INFO - VisionAgent starting analysis.
2026-07-30 20:56:41 - app.services.yolo_service - INFO - Running YOLO inference...
2026-07-30 20:56:41 - app.services.yolo_service - INFO - No potholes detected in the image.
2026-07-30 20:56:41 - app.agents.vision_agent - INFO - VisionAgent analysis complete. Found 0 items.
2026-07-30 20:56:42 - app.agents.vision_agent - INFO - VisionAgent starting analysis.
2026-07-30 20:56:42 - app.services.yolo_service - INFO - Running YOLO inference...
2026-07-30 20:56:42 - app.services.yolo_service - INFO - No potholes detected in the image.
2026-07-30 20:56:42 - app.agents.vision_agent - INFO - VisionAgent analysis complete. Found 0 items.
2026-07-30 20:56:43 - app.agents.vision_agent - INFO - VisionAgent starting analysis.
2026-07-30 20:56:43 - app.services.yolo_service - INFO - Running YOLO inference...
2026-07-30 20:56:43 - app.services.yolo_service - INFO - No potholes detected in the image.
2026-07-30 20:56:43 - app.agents.vision_agent - INFO - VisionAgent analysis complete. Found 0 items.
2026-07-30 20:56:44 - app.agents.vision_agent - INFO - VisionAgent starting analysis.
2026-07-30 20:56:44 - app.services.yolo_service - INFO - Running YOLO inference...
2026-07-30 20:56:44 - app.services.yolo_service - INFO - No potholes detected in the image.
2026-07-30 20:56:44 - app.agents.vision_agent - INFO - VisionAgent analysis complete. Found 0 items.
2026-07-30 20:56:45 - app.agents.vision_agent - INFO - VisionAgent starting analysis.
2026-07-30 20:56:45 - app.services.yolo_service - INFO - Running YOLO inference...
2026-07-30 20:56:45 - app.services.yolo_service - INFO - No potholes detected in the image.
2026-07-30 20:56:45 - app.agents.vision_agent - INFO - VisionAgent analysis complete. Found 0 items.
2026-07-30 20:56:46 - app.agents.vision_agent - INFO - VisionAgent starting analysis.
2026-07-30 20:56:46 - app.services.yolo_service - INFO - Running YOLO inference...
2026-07-30 20:56:46 - app.services.yolo_service - INFO - No potholes detected in the image.
2026-07-30 20:56:46 - app.agents.vision_agent - INFO - VisionAgent analysis complete. Found 0 items.
2026-07-30 20:56:47 - app.agents.vision_agent - INFO - VisionAgent starting analysis.
2026-07-30 20:56:47 - app.services.yolo_service - INFO - Running YOLO inference...
2026-07-30 20:56:47 - app.services.yolo_service - INFO - No potholes detected in the image.
2026-07-30 20:56:47 - app.agents.vision_agent - INFO - VisionAgent analysis complete. Found 0 items.
2026-07-30 20:56:48 - app.agents.vision_agent - INFO - VisionAgent starting analysis.
2026-07-30 20:56:48 - app.services.yolo_service - INFO - Running YOLO inference...
2026-07-30 20:56:48 - app.services.yolo_service - INFO - No potholes detected in the image.
2026-07-30 20:56:48 - app.agents.vision_agent - INFO - VisionAgent analysis complete. Found 0 items.
2026-07-30 20:56:49 - app.agents.vision_agent - INFO - VisionAgent starting analysis.
2026-07-30 20:56:49 - app.services.yolo_service - INFO - Running YOLO inference...
2026-07-30 20:56:49 - app.services.yolo_service - INFO - No potholes detected in the image.
2026-07-30 20:56:49 - app.agents.vision_agent - INFO - VisionAgent analysis complete. Found 0 items.
2026-07-30 20:56:50 - app.agents.vision_agent - INFO - VisionAgent starting analysis.
2026-07-30 20:56:50 - app.services.yolo_service - INFO - Running YOLO inference...
2026-07-30 20:56:50 - app.services.yolo_service - INFO - No potholes detected in the image.
2026-07-30 20:56:50 - app.agents.vision_agent - INFO - VisionAgent analysis complete. Found 0 items.
2026-07-30 20:56:51 - app.agents.vision_agent - INFO - VisionAgent starting analysis.
2026-07-30 20:56:51 - app.services.yolo_service - INFO - Running YOLO inference...
2026-07-30 20:56:51 - app.services.yolo_service - INFO - No potholes detected in the image.
2026-07-30 20:56:51 - app.agents.vision_agent - INFO - VisionAgent analysis complete. Found 0 items.
2026-07-30 20:56:52 - app.agents.vision_agent - INFO - VisionAgent starting analysis.
2026-07-30 20:56:52 - app.services.yolo_service - INFO - Running YOLO inference...
2026-07-30 20:56:52 - app.services.yolo_service - INFO - No potholes detected in the image.
2026-07-30 20:56:52 - app.agents.vision_agent - INFO - VisionAgent analysis complete. Found 0 items.
2026-07-30 20:56:53 - app.agents.vision_agent - INFO - VisionAgent starting analysis.
2026-07-30 20:56:53 - app.services.yolo_service - INFO - Running YOLO inference...
2026-07-30 20:56:54 - app.services.yolo_service - INFO - No potholes detected in the image.
2026-07-30 20:56:54 - app.agents.vision_agent - INFO - VisionAgent analysis complete. Found 0 items.
2026-07-30 20:56:55 - app.agents.vision_agent - INFO - VisionAgent starting analysis.
2026-07-30 20:56:55 - app.services.yolo_service - INFO - Running YOLO inference...
2026-07-30 20:56:55 - app.services.yolo_service - INFO - No potholes detected in the image.
2026-07-30 20:56:55 - app.agents.vision_agent - INFO - VisionAgent analysis complete. Found 0 items.
2026-07-30 20:56:56 - app.agents.vision_agent - INFO - VisionAgent starting analysis.
2026-07-30 20:56:56 - app.services.yolo_service - INFO - Running YOLO inference...
2026-07-30 20:56:56 - app.services.yolo_service - INFO - No potholes detected in the image.
2026-07-30 20:56:56 - app.agents.vision_agent - INFO - VisionAgent analysis complete. Found 0 items.
2026-07-30 20:56:57 - app.agents.vision_agent - INFO - VisionAgent starting analysis.
2026-07-30 20:56:57 - app.services.yolo_service - INFO - Running YOLO inference...
2026-07-30 20:56:57 - app.services.yolo_service - INFO - No potholes detected in the image.
2026-07-30 20:56:57 - app.agents.vision_agent - INFO - VisionAgent analysis complete. Found 0 items.
2026-07-30 20:56:58 - app.agents.vision_agent - INFO - VisionAgent starting analysis.
2026-07-30 20:56:58 - app.services.yolo_service - INFO - Running YOLO inference...
2026-07-30 20:56:58 - app.services.yolo_service - INFO - No potholes detected in the image.
2026-07-30 20:56:58 - app.agents.vision_agent - INFO - VisionAgent analysis complete. Found 0 items.
2026-07-30 20:56:59 - app.agents.vision_agent - INFO - VisionAgent starting analysis.
2026-07-30 20:56:59 - app.services.yolo_service - INFO - Running YOLO inference...
2026-07-30 20:56:59 - app.services.yolo_service - INFO - No potholes detected in the image.
2026-07-30 20:56:59 - app.agents.vision_agent - INFO - VisionAgent analysis complete. Found 0 items.
2026-07-30 20:57:00 - app.agents.vision_agent - INFO - VisionAgent starting analysis.
2026-07-30 20:57:00 - app.services.yolo_service - INFO - Running YOLO inference...
2026-07-30 20:57:00 - app.services.yolo_service - INFO - No potholes detected in the image.
2026-07-30 20:57:00 - app.agents.vision_agent - INFO - VisionAgent analysis complete. Found 0 items.
2026-07-30 20:57:01 - app.agents.vision_agent - INFO - VisionAgent starting analysis.
2026-07-30 20:57:01 - app.services.yolo_service - INFO - Running YOLO inference...
2026-07-30 20:57:01 - app.services.yolo_service - INFO - No potholes detected in the image.
2026-07-30 20:57:01 - app.agents.vision_agent - INFO - VisionAgent analysis complete. Found 0 items.
2026-07-30 20:57:02 - app.agents.vision_agent - INFO - VisionAgent starting analysis.
2026-07-30 20:57:02 - app.services.yolo_service - INFO - Running YOLO inference...
2026-07-30 20:57:02 - app.services.yolo_service - INFO - No potholes detected in the image.
2026-07-30 20:57:02 - app.agents.vision_agent - INFO - VisionAgent analysis complete. Found 0 items.
2026-07-30 20:57:03 - app.agents.vision_agent - INFO - VisionAgent starting analysis.
2026-07-30 20:57:03 - app.services.yolo_service - INFO - Running YOLO inference...
2026-07-30 20:57:03 - app.services.yolo_service - INFO - No potholes detected in the image.
2026-07-30 20:57:03 - app.agents.vision_agent - INFO - VisionAgent analysis complete. Found 0 items.
2026-07-30 20:57:04 - app.agents.vision_agent - INFO - VisionAgent starting analysis.
2026-07-30 20:57:04 - app.services.yolo_service - INFO - Running YOLO inference...
2026-07-30 20:57:04 - app.services.yolo_service - INFO - No potholes detected in the image.
2026-07-30 20:57:04 - app.agents.vision_agent - INFO - VisionAgent analysis complete. Found 0 items.
2026-07-30 20:57:05 - app.agents.vision_agent - INFO - VisionAgent starting analysis.
2026-07-30 20:57:05 - app.services.yolo_service - INFO - Running YOLO inference...
2026-07-30 20:57:05 - app.services.yolo_service - INFO - No potholes detected in the image.
2026-07-30 20:57:05 - app.agents.vision_agent - INFO - VisionAgent analysis complete. Found 0 items.
2026-07-30 20:57:06 - app.agents.vision_agent - INFO - VisionAgent starting analysis.
2026-07-30 20:57:06 - app.services.yolo_service - INFO - Running YOLO inference...
2026-07-30 20:57:06 - app.services.yolo_service - INFO - No potholes detected in the image.
2026-07-30 20:57:06 - app.agents.vision_agent - INFO - VisionAgent analysis complete. Found 0 items.
2026-07-30 20:57:07 - app.agents.vision_agent - INFO - VisionAgent starting analysis.
2026-07-30 20:57:07 - app.services.yolo_service - INFO - Running YOLO inference...
2026-07-30 20:57:08 - app.services.yolo_service - INFO - No potholes detected in the image.
2026-07-30 20:57:08 - app.agents.vision_agent - INFO - VisionAgent analysis complete. Found 0 items.
2026-07-30 20:57:08 - app.agents.vision_agent - INFO - VisionAgent starting analysis.
2026-07-30 20:57:08 - app.services.yolo_service - INFO - Running YOLO inference...
2026-07-30 20:57:09 - app.services.yolo_service - INFO - No potholes detected in the image.
2026-07-30 20:57:09 - app.agents.vision_agent - INFO - VisionAgent analysis complete. Found 0 items.
2026-07-30 20:57:10 - app.agents.vision_agent - INFO - VisionAgent starting analysis.
2026-07-30 20:57:10 - app.services.yolo_service - INFO - Running YOLO inference...
2026-07-30 20:57:10 - app.services.yolo_service - INFO - No potholes detected in the image.
2026-07-30 20:57:10 - app.agents.vision_agent - INFO - VisionAgent analysis complete. Found 0 items.
2026-07-30 20:57:11 - app.agents.vision_agent - INFO - VisionAgent starting analysis.
2026-07-30 20:57:11 - app.services.yolo_service - INFO - Running YOLO inference...
2026-07-30 20:57:11 - app.services.yolo_service - INFO - No potholes detected in the image.
2026-07-30 20:57:11 - app.agents.vision_agent - INFO - VisionAgent analysis complete. Found 0 items.
2026-07-30 20:57:12 - app.agents.vision_agent - INFO - VisionAgent starting analysis.
2026-07-30 20:57:12 - app.services.yolo_service - INFO - Running YOLO inference...
2026-07-30 20:57:12 - app.services.yolo_service - INFO - No potholes detected in the image.
2026-07-30 20:57:12 - app.agents.vision_agent - INFO - VisionAgent analysis complete. Found 0 items.
2026-07-30 20:57:13 - app.agents.vision_agent - INFO - VisionAgent starting analysis.
2026-07-30 20:57:13 - app.services.yolo_service - INFO - Running YOLO inference...
2026-07-30 20:57:13 - app.services.yolo_service - INFO - No potholes detected in the image.
2026-07-30 20:57:13 - app.agents.vision_agent - INFO - VisionAgent analysis complete. Found 0 items.
2026-07-30 20:57:14 - app.agents.vision_agent - INFO - VisionAgent starting analysis.
2026-07-30 20:57:14 - app.services.yolo_service - INFO - Running YOLO inference...
2026-07-30 20:57:14 - app.services.yolo_service - INFO - No potholes detected in the image.
2026-07-30 20:57:14 - app.agents.vision_agent - INFO - VisionAgent analysis complete. Found 0 items.
2026-07-30 20:57:15 - app.agents.vision_agent - INFO - VisionAgent starting analysis.
2026-07-30 20:57:15 - app.services.yolo_service - INFO - Running YOLO inference...
2026-07-30 20:57:15 - app.services.yolo_service - INFO - No potholes detected in the image.
2026-07-30 20:57:15 - app.agents.vision_agent - INFO - VisionAgent analysis complete. Found 0 items.
2026-07-30 20:57:16 - app.agents.vision_agent - INFO - VisionAgent starting analysis.
2026-07-30 20:57:16 - app.services.yolo_service - INFO - Running YOLO inference...
2026-07-30 20:57:16 - app.services.yolo_service - INFO - No potholes detected in the image.
2026-07-30 20:57:16 - app.agents.vision_agent - INFO - VisionAgent analysis complete. Found 0 items.
2026-07-30 20:57:17 - app.agents.vision_agent - INFO - VisionAgent starting analysis.
2026-07-30 20:57:17 - app.services.yolo_service - INFO - Running YOLO inference...
2026-07-30 20:57:17 - app.services.yolo_service - INFO - No potholes detected in the image.
2026-07-30 20:57:17 - app.agents.vision_agent - INFO - VisionAgent analysis complete. Found 0 items.
2026-07-30 20:57:18 - app.agents.vision_agent - INFO - VisionAgent starting analysis.
2026-07-30 20:57:18 - app.services.yolo_service - INFO - Running YOLO inference...
2026-07-30 20:57:18 - app.services.yolo_service - INFO - No potholes detected in the image.
2026-07-30 20:57:18 - app.agents.vision_agent - INFO - VisionAgent analysis complete. Found 0 items.
2026-07-30 20:57:19 - app.agents.vision_agent - INFO - VisionAgent starting analysis.
2026-07-30 20:57:19 - app.services.yolo_service - INFO - Running YOLO inference...
2026-07-30 20:57:19 - app.services.yolo_service - INFO - No potholes detected in the image.
2026-07-30 20:57:19 - app.agents.vision_agent - INFO - VisionAgent analysis complete. Found 0 items.
2026-07-30 20:57:20 - app.agents.vision_agent - INFO - VisionAgent starting analysis.
2026-07-30 20:57:20 - app.services.yolo_service - INFO - Running YOLO inference...
2026-07-30 20:57:20 - app.services.yolo_service - INFO - No potholes detected in the image.
2026-07-30 20:57:20 - app.agents.vision_agent - INFO - VisionAgent analysis complete. Found 0 items.
2026-07-30 20:57:21 - app.agents.vision_agent - INFO - VisionAgent starting analysis.
2026-07-30 20:57:21 - app.services.yolo_service - INFO - Running YOLO inference...
2026-07-30 20:57:22 - app.services.yolo_service - INFO - No potholes detected in the image.
2026-07-30 20:57:22 - app.agents.vision_agent - INFO - VisionAgent analysis complete. Found 0 items.
2026-07-30 20:57:22 - app.agents.vision_agent - INFO - VisionAgent starting analysis.
2026-07-30 20:57:22 - app.services.yolo_service - INFO - Running YOLO inference...
2026-07-30 20:57:23 - app.services.yolo_service - INFO - No potholes detected in the image.
2026-07-30 20:57:23 - app.agents.vision_agent - INFO - VisionAgent analysis complete. Found 0 items.
2026-07-30 20:57:24 - app.agents.vision_agent - INFO - VisionAgent starting analysis.
2026-07-30 20:57:24 - app.services.yolo_service - INFO - Running YOLO inference...
2026-07-30 20:57:24 - app.services.yolo_service - INFO - Detected 1 pothole(s).
2026-07-30 20:57:24 - app.agents.vision_agent - INFO - VisionAgent analysis complete. Found 1 items.
2026-07-30 20:57:25 - app.agents.vision_agent - INFO - VisionAgent starting analysis.
2026-07-30 20:57:25 - app.services.yolo_service - INFO - Running YOLO inference...
2026-07-30 20:57:25 - app.services.yolo_service - INFO - Detected 1 pothole(s).
2026-07-30 20:57:25 - app.agents.vision_agent - INFO - VisionAgent analysis complete. Found 1 items.
2026-07-30 20:57:26 - app.agents.vision_agent - INFO - VisionAgent starting analysis.
2026-07-30 20:57:26 - app.services.yolo_service - INFO - Running YOLO inference...
2026-07-30 20:57:26 - app.services.yolo_service - INFO - No potholes detected in the image.
2026-07-30 20:57:26 - app.agents.vision_agent - INFO - VisionAgent analysis complete. Found 0 items.
2026-07-30 20:57:27 - app.agents.vision_agent - INFO - VisionAgent starting analysis.
2026-07-30 20:57:27 - app.services.yolo_service - INFO - Running YOLO inference...
2026-07-30 20:57:27 - app.services.yolo_service - INFO - Detected 1 pothole(s).
2026-07-30 20:57:27 - app.agents.vision_agent - INFO - VisionAgent analysis complete. Found 1 items.
2026-07-30 20:57:28 - app.agents.vision_agent - INFO - VisionAgent starting analysis.
2026-07-30 20:57:28 - app.services.yolo_service - INFO - Running YOLO inference...
2026-07-30 20:57:28 - app.services.yolo_service - INFO - No potholes detected in the image.
2026-07-30 20:57:28 - app.agents.vision_agent - INFO - VisionAgent analysis complete. Found 0 items.
2026-07-30 20:57:29 - app.agents.vision_agent - INFO - VisionAgent starting analysis.
2026-07-30 20:57:29 - app.services.yolo_service - INFO - Running YOLO inference...
2026-07-30 20:57:29 - app.services.yolo_service - INFO - No potholes detected in the image.
2026-07-30 20:57:29 - app.agents.vision_agent - INFO - VisionAgent analysis complete. Found 0 items.
2026-07-30 20:57:30 - app.agents.vision_agent - INFO - VisionAgent starting analysis.
2026-07-30 20:57:30 - app.services.yolo_service - INFO - Running YOLO inference...
2026-07-30 20:57:30 - app.services.yolo_service - INFO - No potholes detected in the image.
2026-07-30 20:57:30 - app.agents.vision_agent - INFO - VisionAgent analysis complete. Found 0 items.
2026-07-30 20:57:31 - app.agents.vision_agent - INFO - VisionAgent starting analysis.
2026-07-30 20:57:31 - app.services.yolo_service - INFO - Running YOLO inference...
2026-07-30 20:57:31 - app.services.yolo_service - INFO - No potholes detected in the image.
2026-07-30 20:57:31 - app.agents.vision_agent - INFO - VisionAgent analysis complete. Found 0 items.
2026-07-30 20:57:32 - app.agents.vision_agent - INFO - VisionAgent starting analysis.
2026-07-30 20:57:32 - app.services.yolo_service - INFO - Running YOLO inference...
2026-07-30 20:57:32 - app.services.yolo_service - INFO - No potholes detected in the image.
2026-07-30 20:57:32 - app.agents.vision_agent - INFO - VisionAgent analysis complete. Found 0 items.
2026-07-30 20:57:33 - app.agents.vision_agent - INFO - VisionAgent starting analysis.
2026-07-30 20:57:33 - app.services.yolo_service - INFO - Running YOLO inference...
2026-07-30 20:57:33 - app.services.yolo_service - INFO - No potholes detected in the image.
2026-07-30 20:57:33 - app.agents.vision_agent - INFO - VisionAgent analysis complete. Found 0 items.
2026-07-30 20:57:34 - app.agents.vision_agent - INFO - VisionAgent starting analysis.
2026-07-30 20:57:34 - app.services.yolo_service - INFO - Running YOLO inference...
2026-07-30 20:57:34 - app.services.yolo_service - INFO - No potholes detected in the image.
2026-07-30 20:57:34 - app.agents.vision_agent - INFO - VisionAgent analysis complete. Found 0 items.
2026-07-30 20:57:35 - app.agents.vision_agent - INFO - VisionAgent starting analysis.
2026-07-30 20:57:35 - app.services.yolo_service - INFO - Running YOLO inference...
2026-07-30 20:57:35 - app.services.yolo_service - INFO - No potholes detected in the image.
2026-07-30 20:57:35 - app.agents.vision_agent - INFO - VisionAgent analysis complete. Found 0 items.
2026-07-30 20:57:36 - app.agents.vision_agent - INFO - VisionAgent starting analysis.
2026-07-30 20:57:36 - app.services.yolo_service - INFO - Running YOLO inference...
2026-07-30 20:57:36 - app.services.yolo_service - INFO - No potholes detected in the image.
2026-07-30 20:57:36 - app.agents.vision_agent - INFO - VisionAgent analysis complete. Found 0 items.
2026-07-30 20:57:37 - app.agents.vision_agent - INFO - VisionAgent starting analysis.
2026-07-30 20:57:37 - app.services.yolo_service - INFO - Running YOLO inference...
2026-07-30 20:57:37 - app.services.yolo_service - INFO - No potholes detected in the image.
2026-07-30 20:57:37 - app.agents.vision_agent - INFO - VisionAgent analysis complete. Found 0 items.
2026-07-30 20:57:38 - app.agents.vision_agent - INFO - VisionAgent starting analysis.
2026-07-30 20:57:38 - app.services.yolo_service - INFO - Running YOLO inference...
2026-07-30 20:57:39 - app.services.yolo_service - INFO - No potholes detected in the image.
2026-07-30 20:57:39 - app.agents.vision_agent - INFO - VisionAgent analysis complete. Found 0 items.
2026-07-30 20:57:39 - app.agents.vision_agent - INFO - VisionAgent starting analysis.
2026-07-30 20:57:39 - app.services.yolo_service - INFO - Running YOLO inference...
2026-07-30 20:57:40 - app.services.yolo_service - INFO - No potholes detected in the image.
2026-07-30 20:57:40 - app.agents.vision_agent - INFO - VisionAgent analysis complete. Found 0 items.
2026-07-30 20:57:41 - app.agents.vision_agent - INFO - VisionAgent starting analysis.
2026-07-30 20:57:41 - app.services.yolo_service - INFO - Running YOLO inference...
2026-07-30 20:57:41 - app.services.yolo_service - INFO - No potholes detected in the image.
2026-07-30 20:57:41 - app.agents.vision_agent - INFO - VisionAgent analysis complete. Found 0 items.
2026-07-30 20:57:42 - app.agents.vision_agent - INFO - VisionAgent starting analysis.
2026-07-30 20:57:42 - app.services.yolo_service - INFO - Running YOLO inference...
2026-07-30 20:57:42 - app.services.yolo_service - INFO - No potholes detected in the image.
2026-07-30 20:57:42 - app.agents.vision_agent - INFO - VisionAgent analysis complete. Found 0 items.
2026-07-30 20:57:43 - app.agents.vision_agent - INFO - VisionAgent starting analysis.
2026-07-30 20:57:43 - app.services.yolo_service - INFO - Running YOLO inference...
2026-07-30 20:57:43 - app.services.yolo_service - INFO - No potholes detected in the image.
2026-07-30 20:57:43 - app.agents.vision_agent - INFO - VisionAgent analysis complete. Found 0 items.
2026-07-30 20:57:44 - app.agents.vision_agent - INFO - VisionAgent starting analysis.
2026-07-30 20:57:44 - app.services.yolo_service - INFO - Running YOLO inference...
2026-07-30 20:57:44 - app.services.yolo_service - INFO - No potholes detected in the image.
2026-07-30 20:57:44 - app.agents.vision_agent - INFO - VisionAgent analysis complete. Found 0 items.
2026-07-30 20:57:45 - app.agents.vision_agent - INFO - VisionAgent starting analysis.
2026-07-30 20:57:45 - app.services.yolo_service - INFO - Running YOLO inference...
2026-07-30 20:57:45 - app.services.yolo_service - INFO - No potholes detected in the image.
2026-07-30 20:57:45 - app.agents.vision_agent - INFO - VisionAgent analysis complete. Found 0 items.
2026-07-30 20:57:46 - app.agents.vision_agent - INFO - VisionAgent starting analysis.
2026-07-30 20:57:46 - app.services.yolo_service - INFO - Running YOLO inference...
2026-07-30 20:57:46 - app.services.yolo_service - INFO - No potholes detected in the image.
2026-07-30 20:57:46 - app.agents.vision_agent - INFO - VisionAgent analysis complete. Found 0 items.
2026-07-30 20:57:47 - app.agents.vision_agent - INFO - VisionAgent starting analysis.
2026-07-30 20:57:47 - app.services.yolo_service - INFO - Running YOLO inference...
2026-07-30 20:57:47 - app.services.yolo_service - INFO - No potholes detected in the image.
2026-07-30 20:57:47 - app.agents.vision_agent - INFO - VisionAgent analysis complete. Found 0 items.
2026-07-30 20:57:48 - app.agents.vision_agent - INFO - VisionAgent starting analysis.
2026-07-30 20:57:48 - app.services.yolo_service - INFO - Running YOLO inference...
2026-07-30 20:57:48 - app.services.yolo_service - INFO - Detected 1 pothole(s).
2026-07-30 20:57:48 - app.agents.vision_agent - INFO - VisionAgent analysis complete. Found 1 items.
2026-07-30 20:57:49 - app.agents.vision_agent - INFO - VisionAgent starting analysis.
2026-07-30 20:57:49 - app.services.yolo_service - INFO - Running YOLO inference...
2026-07-30 20:57:49 - app.services.yolo_service - INFO - Detected 1 pothole(s).
2026-07-30 20:57:49 - app.agents.vision_agent - INFO - VisionAgent analysis complete. Found 1 items.
2026-07-30 20:57:50 - app.agents.vision_agent - INFO - VisionAgent starting analysis.
2026-07-30 20:57:50 - app.services.yolo_service - INFO - Running YOLO inference...
2026-07-30 20:57:50 - app.services.yolo_service - INFO - No potholes detected in the image.
2026-07-30 20:57:50 - app.agents.vision_agent - INFO - VisionAgent analysis complete. Found 0 items.
2026-07-30 20:57:51 - app.agents.vision_agent - INFO - VisionAgent starting analysis.
2026-07-30 20:57:51 - app.services.yolo_service - INFO - Running YOLO inference...
2026-07-30 20:57:51 - app.services.yolo_service - INFO - No potholes detected in the image.
2026-07-30 20:57:51 - app.agents.vision_agent - INFO - VisionAgent analysis complete. Found 0 items.
2026-07-30 20:57:52 - app.agents.vision_agent - INFO - VisionAgent starting analysis.
2026-07-30 20:57:52 - app.services.yolo_service - INFO - Running YOLO inference...
2026-07-30 20:57:52 - app.services.yolo_service - INFO - No potholes detected in the image.
2026-07-30 20:57:52 - app.agents.vision_agent - INFO - VisionAgent analysis complete. Found 0 items.
2026-07-30 20:57:53 - app.agents.vision_agent - INFO - VisionAgent starting analysis.
2026-07-30 20:57:53 - app.services.yolo_service - INFO - Running YOLO inference...
2026-07-30 20:57:54 - app.services.yolo_service - INFO - No potholes detected in the image.
2026-07-30 20:57:54 - app.agents.vision_agent - INFO - VisionAgent analysis complete. Found 0 items.
2026-07-30 20:57:55 - app.agents.vision_agent - INFO - VisionAgent starting analysis.
2026-07-30 20:57:55 - app.services.yolo_service - INFO - Running YOLO inference...
2026-07-30 20:57:55 - app.services.yolo_service - INFO - No potholes detected in the image.
2026-07-30 20:57:55 - app.agents.vision_agent - INFO - VisionAgent analysis complete. Found 0 items.
2026-07-30 20:57:56 - app.agents.vision_agent - INFO - VisionAgent starting analysis.
2026-07-30 20:57:56 - app.services.yolo_service - INFO - Running YOLO inference...
2026-07-30 20:57:56 - app.services.yolo_service - INFO - No potholes detected in the image.
2026-07-30 20:57:56 - app.agents.vision_agent - INFO - VisionAgent analysis complete. Found 0 items.
2026-07-30 20:57:57 - app.agents.vision_agent - INFO - VisionAgent starting analysis.
2026-07-30 20:57:57 - app.services.yolo_service - INFO - Running YOLO inference...
2026-07-30 20:57:57 - app.services.yolo_service - INFO - No potholes detected in the image.
2026-07-30 20:57:57 - app.agents.vision_agent - INFO - VisionAgent analysis complete. Found 0 items.
2026-07-30 20:57:58 - app.agents.vision_agent - INFO - VisionAgent starting analysis.
2026-07-30 20:57:58 - app.services.yolo_service - INFO - Running YOLO inference...
2026-07-30 20:57:58 - app.services.yolo_service - INFO - No potholes detected in the image.
2026-07-30 20:57:58 - app.agents.vision_agent - INFO - VisionAgent analysis complete. Found 0 items.
2026-07-30 20:57:59 - app.agents.vision_agent - INFO - VisionAgent starting analysis.
2026-07-30 20:57:59 - app.services.yolo_service - INFO - Running YOLO inference...
2026-07-30 20:57:59 - app.services.yolo_service - INFO - No potholes detected in the image.
2026-07-30 20:57:59 - app.agents.vision_agent - INFO - VisionAgent analysis complete. Found 0 items.
2026-07-30 20:58:00 - app.agents.vision_agent - INFO - VisionAgent starting analysis.
2026-07-30 20:58:00 - app.services.yolo_service - INFO - Running YOLO inference...
2026-07-30 20:58:00 - app.services.yolo_service - INFO - No potholes detected in the image.
2026-07-30 20:58:00 - app.agents.vision_agent - INFO - VisionAgent analysis complete. Found 0 items.
2026-07-30 20:58:01 - app.agents.vision_agent - INFO - VisionAgent starting analysis.
2026-07-30 20:58:01 - app.services.yolo_service - INFO - Running YOLO inference...
2026-07-30 20:58:01 - app.services.yolo_service - INFO - No potholes detected in the image.
2026-07-30 20:58:01 - app.agents.vision_agent - INFO - VisionAgent analysis complete. Found 0 items.
2026-07-30 20:58:02 - app.agents.vision_agent - INFO - VisionAgent starting analysis.
2026-07-30 20:58:02 - app.services.yolo_service - INFO - Running YOLO inference...
2026-07-30 20:58:02 - app.services.yolo_service - INFO - No potholes detected in the image.
2026-07-30 20:58:02 - app.agents.vision_agent - INFO - VisionAgent analysis complete. Found 0 items.
2026-07-30 20:58:03 - app.agents.vision_agent - INFO - VisionAgent starting analysis.
2026-07-30 20:58:03 - app.services.yolo_service - INFO - Running YOLO inference...
2026-07-30 20:58:03 - app.services.yolo_service - INFO - No potholes detected in the image.
2026-07-30 20:58:03 - app.agents.vision_agent - INFO - VisionAgent analysis complete. Found 0 items.
2026-07-30 20:58:04 - app.agents.vision_agent - INFO - VisionAgent starting analysis.
2026-07-30 20:58:04 - app.services.yolo_service - INFO - Running YOLO inference...
2026-07-30 20:58:04 - app.services.yolo_service - INFO - No potholes detected in the image.
2026-07-30 20:58:04 - app.agents.vision_agent - INFO - VisionAgent analysis complete. Found 0 items.
2026-07-30 20:58:05 - app.agents.vision_agent - INFO - VisionAgent starting analysis.
2026-07-30 20:58:05 - app.services.yolo_service - INFO - Running YOLO inference...
2026-07-30 20:58:05 - app.services.yolo_service - INFO - No potholes detected in the image.
2026-07-30 20:58:05 - app.agents.vision_agent - INFO - VisionAgent analysis complete. Found 0 items.
2026-07-30 20:58:06 - app.agents.vision_agent - INFO - VisionAgent starting analysis.
2026-07-30 20:58:06 - app.services.yolo_service - INFO - Running YOLO inference...
2026-07-30 20:58:06 - app.services.yolo_service - INFO - No potholes detected in the image.
2026-07-30 20:58:06 - app.agents.vision_agent - INFO - VisionAgent analysis complete. Found 0 items.
2026-07-30 20:58:07 - app.agents.vision_agent - INFO - VisionAgent starting analysis.
2026-07-30 20:58:07 - app.services.yolo_service - INFO - Running YOLO inference...
2026-07-30 20:58:07 - app.services.yolo_service - INFO - No potholes detected in the image.
2026-07-30 20:58:07 - app.agents.vision_agent - INFO - VisionAgent analysis complete. Found 0 items.
2026-07-30 20:58:08 - app.agents.vision_agent - INFO - VisionAgent starting analysis.
2026-07-30 20:58:08 - app.services.yolo_service - INFO - Running YOLO inference...
2026-07-30 20:58:09 - app.services.yolo_service - INFO - No potholes detected in the image.
2026-07-30 20:58:09 - app.agents.vision_agent - INFO - VisionAgent analysis complete. Found 0 items.
2026-07-30 20:58:10 - app.agents.vision_agent - INFO - VisionAgent starting analysis.
2026-07-30 20:58:10 - app.services.yolo_service - INFO - Running YOLO inference...
2026-07-30 20:58:10 - app.services.yolo_service - INFO - No potholes detected in the image.
2026-07-30 20:58:10 - app.agents.vision_agent - INFO - VisionAgent analysis complete. Found 0 items.
2026-07-30 20:58:11 - app.agents.vision_agent - INFO - VisionAgent starting analysis.
2026-07-30 20:58:11 - app.services.yolo_service - INFO - Running YOLO inference...
2026-07-30 20:58:11 - app.services.yolo_service - INFO - No potholes detected in the image.
2026-07-30 20:58:11 - app.agents.vision_agent - INFO - VisionAgent analysis complete. Found 0 items.
2026-07-30 20:58:12 - app.agents.vision_agent - INFO - VisionAgent starting analysis.
2026-07-30 20:58:12 - app.services.yolo_service - INFO - Running YOLO inference...
2026-07-30 20:58:12 - app.services.yolo_service - INFO - No potholes detected in the image.
2026-07-30 20:58:12 - app.agents.vision_agent - INFO - VisionAgent analysis complete. Found 0 items.
2026-07-30 20:58:13 - app.agents.vision_agent - INFO - VisionAgent starting analysis.
2026-07-30 20:58:13 - app.services.yolo_service - INFO - Running YOLO inference...
2026-07-30 20:58:13 - app.services.yolo_service - INFO - Detected 1 pothole(s).
2026-07-30 20:58:13 - app.agents.vision_agent - INFO - VisionAgent analysis complete. Found 1 items.
2026-07-30 20:58:14 - app.agents.vision_agent - INFO - VisionAgent starting analysis.
2026-07-30 20:58:14 - app.services.yolo_service - INFO - Running YOLO inference...
2026-07-30 20:58:14 - app.services.yolo_service - INFO - Detected 1 pothole(s).
2026-07-30 20:58:14 - app.agents.vision_agent - INFO - VisionAgent analysis complete. Found 1 items.
2026-07-30 20:58:15 - app.agents.vision_agent - INFO - VisionAgent starting analysis.
2026-07-30 20:58:15 - app.services.yolo_service - INFO - Running YOLO inference...
2026-07-30 20:58:15 - app.services.yolo_service - INFO - No potholes detected in the image.
2026-07-30 20:58:15 - app.agents.vision_agent - INFO - VisionAgent analysis complete. Found 0 items.
2026-07-30 20:58:16 - app.agents.vision_agent - INFO - VisionAgent starting analysis.
2026-07-30 20:58:16 - app.services.yolo_service - INFO - Running YOLO inference...
2026-07-30 20:58:16 - app.services.yolo_service - INFO - No potholes detected in the image.
2026-07-30 20:58:16 - app.agents.vision_agent - INFO - VisionAgent analysis complete. Found 0 items.
2026-07-30 20:58:17 - app.agents.vision_agent - INFO - VisionAgent starting analysis.
2026-07-30 20:58:17 - app.services.yolo_service - INFO - Running YOLO inference...
2026-07-30 20:58:17 - app.services.yolo_service - INFO - No potholes detected in the image.
2026-07-30 20:58:17 - app.agents.vision_agent - INFO - VisionAgent analysis complete. Found 0 items.
2026-07-30 20:58:18 - app.agents.vision_agent - INFO - VisionAgent starting analysis.
2026-07-30 20:58:18 - app.services.yolo_service - INFO - Running YOLO inference...
2026-07-30 20:58:18 - app.services.yolo_service - INFO - No potholes detected in the image.
2026-07-30 20:58:18 - app.agents.vision_agent - INFO - VisionAgent analysis complete. Found 0 items.
2026-07-30 20:58:19 - app.agents.vision_agent - INFO - VisionAgent starting analysis.
2026-07-30 20:58:19 - app.services.yolo_service - INFO - Running YOLO inference...
2026-07-30 20:58:19 - app.services.yolo_service - INFO - No potholes detected in the image.
2026-07-30 20:58:19 - app.agents.vision_agent - INFO - VisionAgent analysis complete. Found 0 items.
2026-07-30 20:58:20 - app.agents.vision_agent - INFO - VisionAgent starting analysis.
2026-07-30 20:58:20 - app.services.yolo_service - INFO - Running YOLO inference...
2026-07-30 20:58:20 - app.services.yolo_service - INFO - No potholes detected in the image.
2026-07-30 20:58:20 - app.agents.vision_agent - INFO - VisionAgent analysis complete. Found 0 items.
2026-07-30 20:58:21 - app.agents.vision_agent - INFO - VisionAgent starting analysis.
2026-07-30 20:58:21 - app.services.yolo_service - INFO - Running YOLO inference...
2026-07-30 20:58:21 - app.services.yolo_service - INFO - No potholes detected in the image.
2026-07-30 20:58:21 - app.agents.vision_agent - INFO - VisionAgent analysis complete. Found 0 items.
2026-07-30 20:58:22 - app.agents.vision_agent - INFO - VisionAgent starting analysis.
2026-07-30 20:58:22 - app.services.yolo_service - INFO - Running YOLO inference...
2026-07-30 20:58:22 - app.services.yolo_service - INFO - No potholes detected in the image.
2026-07-30 20:58:22 - app.agents.vision_agent - INFO - VisionAgent analysis complete. Found 0 items.
2026-07-30 20:58:23 - app.agents.vision_agent - INFO - VisionAgent starting analysis.
2026-07-30 20:58:23 - app.services.yolo_service - INFO - Running YOLO inference...
2026-07-30 20:58:23 - app.services.yolo_service - INFO - No potholes detected in the image.
2026-07-30 20:58:23 - app.agents.vision_agent - INFO - VisionAgent analysis complete. Found 0 items.
2026-07-30 20:58:24 - app.agents.vision_agent - INFO - VisionAgent starting analysis.
2026-07-30 20:58:24 - app.services.yolo_service - INFO - Running YOLO inference...
2026-07-30 20:58:25 - app.services.yolo_service - INFO - No potholes detected in the image.
2026-07-30 20:58:25 - app.agents.vision_agent - INFO - VisionAgent analysis complete. Found 0 items.
2026-07-30 20:58:25 - app.agents.vision_agent - INFO - VisionAgent starting analysis.
2026-07-30 20:58:25 - app.services.yolo_service - INFO - Running YOLO inference...
2026-07-30 20:58:26 - app.services.yolo_service - INFO - No potholes detected in the image.
2026-07-30 20:58:26 - app.agents.vision_agent - INFO - VisionAgent analysis complete. Found 0 items.
2026-07-30 20:58:27 - app.agents.vision_agent - INFO - VisionAgent starting analysis.
2026-07-30 20:58:27 - app.services.yolo_service - INFO - Running YOLO inference...
2026-07-30 20:58:27 - app.services.yolo_service - INFO - No potholes detected in the image.
2026-07-30 20:58:27 - app.agents.vision_agent - INFO - VisionAgent analysis complete. Found 0 items.
2026-07-30 20:58:28 - app.agents.vision_agent - INFO - VisionAgent starting analysis.
2026-07-30 20:58:28 - app.services.yolo_service - INFO - Running YOLO inference...
2026-07-30 20:58:28 - app.services.yolo_service - INFO - No potholes detected in the image.
2026-07-30 20:58:28 - app.agents.vision_agent - INFO - VisionAgent analysis complete. Found 0 items.
2026-07-30 20:58:29 - app.agents.vision_agent - INFO - VisionAgent starting analysis.
2026-07-30 20:58:29 - app.services.yolo_service - INFO - Running YOLO inference...
2026-07-30 20:58:29 - app.services.yolo_service - INFO - No potholes detected in the image.
2026-07-30 20:58:29 - app.agents.vision_agent - INFO - VisionAgent analysis complete. Found 0 items.
2026-07-30 20:58:30 - app.agents.vision_agent - INFO - VisionAgent starting analysis.
2026-07-30 20:58:30 - app.services.yolo_service - INFO - Running YOLO inference...
2026-07-30 20:58:30 - app.services.yolo_service - INFO - No potholes detected in the image.
2026-07-30 20:58:30 - app.agents.vision_agent - INFO - VisionAgent analysis complete. Found 0 items.
2026-07-30 20:58:31 - app.agents.vision_agent - INFO - VisionAgent starting analysis.
2026-07-30 20:58:31 - app.services.yolo_service - INFO - Running YOLO inference...
2026-07-30 20:58:31 - app.services.yolo_service - INFO - No potholes detected in the image.
2026-07-30 20:58:31 - app.agents.vision_agent - INFO - VisionAgent analysis complete. Found 0 items.
2026-07-30 20:58:32 - app.agents.vision_agent - INFO - VisionAgent starting analysis.
2026-07-30 20:58:32 - app.services.yolo_service - INFO - Running YOLO inference...
2026-07-30 20:58:32 - app.services.yolo_service - INFO - No potholes detected in the image.
2026-07-30 20:58:32 - app.agents.vision_agent - INFO - VisionAgent analysis complete. Found 0 items.
2026-07-30 20:58:33 - app.agents.vision_agent - INFO - VisionAgent starting analysis.
2026-07-30 20:58:33 - app.services.yolo_service - INFO - Running YOLO inference...
2026-07-30 20:58:33 - app.services.yolo_service - INFO - No potholes detected in the image.
2026-07-30 20:58:33 - app.agents.vision_agent - INFO - VisionAgent analysis complete. Found 0 items.
2026-07-30 20:58:34 - app.agents.vision_agent - INFO - VisionAgent starting analysis.
2026-07-30 20:58:34 - app.services.yolo_service - INFO - Running YOLO inference...
2026-07-30 20:58:34 - app.services.yolo_service - INFO - No potholes detected in the image.
2026-07-30 20:58:34 - app.agents.vision_agent - INFO - VisionAgent analysis complete. Found 0 items.
2026-07-30 20:58:35 - app.agents.vision_agent - INFO - VisionAgent starting analysis.
2026-07-30 20:58:35 - app.services.yolo_service - INFO - Running YOLO inference...
2026-07-30 20:58:35 - app.services.yolo_service - INFO - No potholes detected in the image.
2026-07-30 20:58:35 - app.agents.vision_agent - INFO - VisionAgent analysis complete. Found 0 items.
2026-07-30 20:58:36 - app.agents.vision_agent - INFO - VisionAgent starting analysis.
2026-07-30 20:58:36 - app.services.yolo_service - INFO - Running YOLO inference...
2026-07-30 20:58:36 - app.services.yolo_service - INFO - No potholes detected in the image.
2026-07-30 20:58:36 - app.agents.vision_agent - INFO - VisionAgent analysis complete. Found 0 items.
2026-07-30 20:58:37 - app.agents.vision_agent - INFO - VisionAgent starting analysis.
2026-07-30 20:58:37 - app.services.yolo_service - INFO - Running YOLO inference...
2026-07-30 20:58:37 - app.services.yolo_service - INFO - No potholes detected in the image.
2026-07-30 20:58:37 - app.agents.vision_agent - INFO - VisionAgent analysis complete. Found 0 items.
2026-07-30 20:58:38 - app.agents.vision_agent - INFO - VisionAgent starting analysis.
2026-07-30 20:58:38 - app.services.yolo_service - INFO - Running YOLO inference...
2026-07-30 20:58:38 - app.services.yolo_service - INFO - No potholes detected in the image.
2026-07-30 20:58:38 - app.agents.vision_agent - INFO - VisionAgent analysis complete. Found 0 items.
2026-07-30 20:58:39 - app.agents.vision_agent - INFO - VisionAgent starting analysis.
2026-07-30 20:58:39 - app.services.yolo_service - INFO - Running YOLO inference...
2026-07-30 20:58:40 - app.services.yolo_service - INFO - No potholes detected in the image.
2026-07-30 20:58:40 - app.agents.vision_agent - INFO - VisionAgent analysis complete. Found 0 items.
2026-07-30 20:58:41 - app.agents.vision_agent - INFO - VisionAgent starting analysis.
2026-07-30 20:58:41 - app.services.yolo_service - INFO - Running YOLO inference...
2026-07-30 20:58:41 - app.services.yolo_service - INFO - No potholes detected in the image.
2026-07-30 20:58:41 - app.agents.vision_agent - INFO - VisionAgent analysis complete. Found 0 items.
2026-07-30 20:58:42 - app.agents.vision_agent - INFO - VisionAgent starting analysis.
2026-07-30 20:58:42 - app.services.yolo_service - INFO - Running YOLO inference...
2026-07-30 20:58:42 - app.services.yolo_service - INFO - No potholes detected in the image.
2026-07-30 20:58:42 - app.agents.vision_agent - INFO - VisionAgent analysis complete. Found 0 items.
2026-07-30 20:58:43 - app.agents.vision_agent - INFO - VisionAgent starting analysis.
2026-07-30 20:58:43 - app.services.yolo_service - INFO - Running YOLO inference...
2026-07-30 20:58:43 - app.services.yolo_service - INFO - No potholes detected in the image.
2026-07-30 20:58:43 - app.agents.vision_agent - INFO - VisionAgent analysis complete. Found 0 items.
2026-07-30 20:58:44 - app.agents.vision_agent - INFO - VisionAgent starting analysis.
2026-07-30 20:58:44 - app.services.yolo_service - INFO - Running YOLO inference...
2026-07-30 20:58:44 - app.services.yolo_service - INFO - No potholes detected in the image.
2026-07-30 20:58:44 - app.agents.vision_agent - INFO - VisionAgent analysis complete. Found 0 items.
2026-07-30 20:58:45 - app.agents.vision_agent - INFO - VisionAgent starting analysis.
2026-07-30 20:58:45 - app.services.yolo_service - INFO - Running YOLO inference...
2026-07-30 20:58:45 - app.services.yolo_service - INFO - No potholes detected in the image.
2026-07-30 20:58:45 - app.agents.vision_agent - INFO - VisionAgent analysis complete. Found 0 items.
2026-07-30 20:58:46 - app.agents.vision_agent - INFO - VisionAgent starting analysis.
2026-07-30 20:58:46 - app.services.yolo_service - INFO - Running YOLO inference...
2026-07-30 20:58:46 - app.services.yolo_service - INFO - No potholes detected in the image.
2026-07-30 20:58:46 - app.agents.vision_agent - INFO - VisionAgent analysis complete. Found 0 items.
2026-07-30 20:58:47 - app.agents.vision_agent - INFO - VisionAgent starting analysis.
2026-07-30 20:58:47 - app.services.yolo_service - INFO - Running YOLO inference...
2026-07-30 20:58:47 - app.services.yolo_service - INFO - No potholes detected in the image.
2026-07-30 20:58:47 - app.agents.vision_agent - INFO - VisionAgent analysis complete. Found 0 items.
2026-07-30 20:58:48 - app.agents.vision_agent - INFO - VisionAgent starting analysis.
2026-07-30 20:58:48 - app.services.yolo_service - INFO - Running YOLO inference...
2026-07-30 20:58:48 - app.services.yolo_service - INFO - No potholes detected in the image.
2026-07-30 20:58:48 - app.agents.vision_agent - INFO - VisionAgent analysis complete. Found 0 items.
2026-07-30 20:58:49 - app.agents.vision_agent - INFO - VisionAgent starting analysis.
2026-07-30 20:58:49 - app.services.yolo_service - INFO - Running YOLO inference...
2026-07-30 20:58:49 - app.services.yolo_service - INFO - No potholes detected in the image.
2026-07-30 20:58:49 - app.agents.vision_agent - INFO - VisionAgent analysis complete. Found 0 items.
2026-07-30 20:58:50 - app.agents.vision_agent - INFO - VisionAgent starting analysis.
2026-07-30 20:58:50 - app.services.yolo_service - INFO - Running YOLO inference...
2026-07-30 20:58:50 - app.services.yolo_service - INFO - No potholes detected in the image.
2026-07-30 20:58:50 - app.agents.vision_agent - INFO - VisionAgent analysis complete. Found 0 items.
2026-07-30 20:58:51 - app.agents.vision_agent - INFO - VisionAgent starting analysis.
2026-07-30 20:58:51 - app.services.yolo_service - INFO - Running YOLO inference...
2026-07-30 20:58:51 - app.services.yolo_service - INFO - No potholes detected in the image.
2026-07-30 20:58:51 - app.agents.vision_agent - INFO - VisionAgent analysis complete. Found 0 items.
2026-07-30 20:58:52 - app.agents.vision_agent - INFO - VisionAgent starting analysis.
2026-07-30 20:58:52 - app.services.yolo_service - INFO - Running YOLO inference...
2026-07-30 20:58:52 - app.services.yolo_service - INFO - No potholes detected in the image.
2026-07-30 20:58:52 - app.agents.vision_agent - INFO - VisionAgent analysis complete. Found 0 items.
2026-07-30 20:58:53 - app.agents.vision_agent - INFO - VisionAgent starting analysis.
2026-07-30 20:58:53 - app.services.yolo_service - INFO - Running YOLO inference...
2026-07-30 20:58:53 - app.services.yolo_service - INFO - No potholes detected in the image.
2026-07-30 20:58:53 - app.agents.vision_agent - INFO - VisionAgent analysis complete. Found 0 items.
2026-07-30 20:58:54 - app.agents.vision_agent - INFO - VisionAgent starting analysis.
2026-07-30 20:58:54 - app.services.yolo_service - INFO - Running YOLO inference...
2026-07-30 20:58:54 - app.services.yolo_service - INFO - No potholes detected in the image.
2026-07-30 20:58:54 - app.agents.vision_agent - INFO - VisionAgent analysis complete. Found 0 items.
2026-07-30 20:58:55 - app.agents.vision_agent - INFO - VisionAgent starting analysis.
2026-07-30 20:58:55 - app.services.yolo_service - INFO - Running YOLO inference...
2026-07-30 20:58:55 - app.services.yolo_service - INFO - No potholes detected in the image.
2026-07-30 20:58:55 - app.agents.vision_agent - INFO - VisionAgent analysis complete. Found 0 items.
2026-07-30 20:58:56 - app.agents.vision_agent - INFO - VisionAgent starting analysis.
2026-07-30 20:58:56 - app.services.yolo_service - INFO - Running YOLO inference...
2026-07-30 20:58:57 - app.services.yolo_service - INFO - No potholes detected in the image.
2026-07-30 20:58:57 - app.agents.vision_agent - INFO - VisionAgent analysis complete. Found 0 items.
2026-07-30 20:58:58 - app.agents.vision_agent - INFO - VisionAgent starting analysis.
2026-07-30 20:58:58 - app.services.yolo_service - INFO - Running YOLO inference...
2026-07-30 20:58:58 - app.services.yolo_service - INFO - No potholes detected in the image.
2026-07-30 20:58:58 - app.agents.vision_agent - INFO - VisionAgent analysis complete. Found 0 items.
2026-07-30 20:58:59 - app.agents.vision_agent - INFO - VisionAgent starting analysis.
2026-07-30 20:58:59 - app.services.yolo_service - INFO - Running YOLO inference...
2026-07-30 20:58:59 - app.services.yolo_service - INFO - No potholes detected in the image.
2026-07-30 20:58:59 - app.agents.vision_agent - INFO - VisionAgent analysis complete. Found 0 items.
2026-07-30 20:59:00 - app.agents.vision_agent - INFO - VisionAgent starting analysis.
2026-07-30 20:59:00 - app.services.yolo_service - INFO - Running YOLO inference...
2026-07-30 20:59:00 - app.services.yolo_service - INFO - No potholes detected in the image.
2026-07-30 20:59:00 - app.agents.vision_agent - INFO - VisionAgent analysis complete. Found 0 items.
2026-07-30 20:59:01 - app.agents.vision_agent - INFO - VisionAgent starting analysis.
2026-07-30 20:59:01 - app.services.yolo_service - INFO - Running YOLO inference...
2026-07-30 20:59:01 - app.services.yolo_service - INFO - No potholes detected in the image.
2026-07-30 20:59:01 - app.agents.vision_agent - INFO - VisionAgent analysis complete. Found 0 items.
2026-07-30 20:59:02 - app.agents.vision_agent - INFO - VisionAgent starting analysis.
2026-07-30 20:59:02 - app.services.yolo_service - INFO - Running YOLO inference...
2026-07-30 20:59:02 - app.services.yolo_service - INFO - Detected 1 pothole(s).
2026-07-30 20:59:02 - app.agents.vision_agent - INFO - VisionAgent analysis complete. Found 1 items.
2026-07-30 20:59:03 - app.agents.vision_agent - INFO - VisionAgent starting analysis.
2026-07-30 20:59:03 - app.services.yolo_service - INFO - Running YOLO inference...
2026-07-30 20:59:03 - app.services.yolo_service - INFO - Detected 1 pothole(s).
2026-07-30 20:59:03 - app.agents.vision_agent - INFO - VisionAgent analysis complete. Found 1 items.
2026-07-30 20:59:04 - app.agents.vision_agent - INFO - VisionAgent starting analysis.
2026-07-30 20:59:04 - app.services.yolo_service - INFO - Running YOLO inference...
2026-07-30 20:59:04 - app.services.yolo_service - INFO - Detected 1 pothole(s).
2026-07-30 20:59:04 - app.agents.vision_agent - INFO - VisionAgent analysis complete. Found 1 items.
2026-07-30 20:59:05 - app.agents.vision_agent - INFO - VisionAgent starting analysis.
2026-07-30 20:59:05 - app.services.yolo_service - INFO - Running YOLO inference...
2026-07-30 20:59:05 - app.services.yolo_service - INFO - No potholes detected in the image.
2026-07-30 20:59:05 - app.agents.vision_agent - INFO - VisionAgent analysis complete. Found 0 items.
2026-07-30 20:59:06 - app.agents.vision_agent - INFO - VisionAgent starting analysis.
2026-07-30 20:59:06 - app.services.yolo_service - INFO - Running YOLO inference...
2026-07-30 20:59:06 - app.services.yolo_service - INFO - No potholes detected in the image.
2026-07-30 20:59:06 - app.agents.vision_agent - INFO - VisionAgent analysis complete. Found 0 items.
2026-07-30 20:59:07 - app.agents.vision_agent - INFO - VisionAgent starting analysis.
2026-07-30 20:59:07 - app.services.yolo_service - INFO - Running YOLO inference...
2026-07-30 20:59:07 - app.services.yolo_service - INFO - No potholes detected in the image.
2026-07-30 20:59:07 - app.agents.vision_agent - INFO - VisionAgent analysis complete. Found 0 items.
2026-07-30 20:59:08 - app.agents.vision_agent - INFO - VisionAgent starting analysis.
2026-07-30 20:59:08 - app.services.yolo_service - INFO - Running YOLO inference...
2026-07-30 20:59:08 - app.services.yolo_service - INFO - No potholes detected in the image.
2026-07-30 20:59:08 - app.agents.vision_agent - INFO - VisionAgent analysis complete. Found 0 items.
2026-07-30 20:59:09 - app.agents.vision_agent - INFO - VisionAgent starting analysis.
2026-07-30 20:59:09 - app.services.yolo_service - INFO - Running YOLO inference...
2026-07-30 20:59:09 - app.services.yolo_service - INFO - No potholes detected in the image.
2026-07-30 20:59:09 - app.agents.vision_agent - INFO - VisionAgent analysis complete. Found 0 items.
2026-07-30 20:59:10 - app.agents.vision_agent - INFO - VisionAgent starting analysis.
2026-07-30 20:59:10 - app.services.yolo_service - INFO - Running YOLO inference...
2026-07-30 20:59:11 - app.services.yolo_service - INFO - No potholes detected in the image.
2026-07-30 20:59:11 - app.agents.vision_agent - INFO - VisionAgent analysis complete. Found 0 items.
2026-07-30 20:59:11 - app.agents.vision_agent - INFO - VisionAgent starting analysis.
2026-07-30 20:59:11 - app.services.yolo_service - INFO - Running YOLO inference...
2026-07-30 20:59:12 - app.services.yolo_service - INFO - No potholes detected in the image.
2026-07-30 20:59:12 - app.agents.vision_agent - INFO - VisionAgent analysis complete. Found 0 items.
2026-07-30 20:59:13 - app.agents.vision_agent - INFO - VisionAgent starting analysis.
2026-07-30 20:59:13 - app.services.yolo_service - INFO - Running YOLO inference...
2026-07-30 20:59:13 - app.services.yolo_service - INFO - No potholes detected in the image.
2026-07-30 20:59:13 - app.agents.vision_agent - INFO - VisionAgent analysis complete. Found 0 items.
2026-07-30 20:59:14 - app.agents.vision_agent - INFO - VisionAgent starting analysis.
2026-07-30 20:59:14 - app.services.yolo_service - INFO - Running YOLO inference...
2026-07-30 20:59:14 - app.services.yolo_service - INFO - No potholes detected in the image.
2026-07-30 20:59:14 - app.agents.vision_agent - INFO - VisionAgent analysis complete. Found 0 items.
2026-07-30 20:59:15 - app.agents.vision_agent - INFO - VisionAgent starting analysis.
2026-07-30 20:59:15 - app.services.yolo_service - INFO - Running YOLO inference...
2026-07-30 20:59:15 - app.services.yolo_service - INFO - No potholes detected in the image.
2026-07-30 20:59:15 - app.agents.vision_agent - INFO - VisionAgent analysis complete. Found 0 items.
2026-07-30 20:59:16 - app.agents.vision_agent - INFO - VisionAgent starting analysis.
2026-07-30 20:59:16 - app.services.yolo_service - INFO - Running YOLO inference...
2026-07-30 20:59:16 - app.services.yolo_service - INFO - No potholes detected in the image.
2026-07-30 20:59:16 - app.agents.vision_agent - INFO - VisionAgent analysis complete. Found 0 items.
2026-07-30 20:59:17 - app.agents.vision_agent - INFO - VisionAgent starting analysis.
2026-07-30 20:59:17 - app.services.yolo_service - INFO - Running YOLO inference...
2026-07-30 20:59:17 - app.services.yolo_service - INFO - No potholes detected in the image.
2026-07-30 20:59:17 - app.agents.vision_agent - INFO - VisionAgent analysis complete. Found 0 items.
2026-07-30 20:59:18 - app.agents.vision_agent - INFO - VisionAgent starting analysis.
2026-07-30 20:59:18 - app.services.yolo_service - INFO - Running YOLO inference...
2026-07-30 20:59:18 - app.services.yolo_service - INFO - No potholes detected in the image.
2026-07-30 20:59:18 - app.agents.vision_agent - INFO - VisionAgent analysis complete. Found 0 items.
2026-07-30 20:59:19 - app.agents.vision_agent - INFO - VisionAgent starting analysis.
2026-07-30 20:59:19 - app.services.yolo_service - INFO - Running YOLO inference...
2026-07-30 20:59:19 - app.services.yolo_service - INFO - No potholes detected in the image.
2026-07-30 20:59:19 - app.agents.vision_agent - INFO - VisionAgent analysis complete. Found 0 items.
2026-07-30 20:59:20 - app.agents.vision_agent - INFO - VisionAgent starting analysis.
2026-07-30 20:59:20 - app.services.yolo_service - INFO - Running YOLO inference...
2026-07-30 20:59:20 - app.services.yolo_service - INFO - No potholes detected in the image.
2026-07-30 20:59:20 - app.agents.vision_agent - INFO - VisionAgent analysis complete. Found 0 items.
2026-07-30 20:59:21 - app.agents.vision_agent - INFO - VisionAgent starting analysis.
2026-07-30 20:59:21 - app.services.yolo_service - INFO - Running YOLO inference...
2026-07-30 20:59:21 - app.services.yolo_service - INFO - No potholes detected in the image.
2026-07-30 20:59:21 - app.agents.vision_agent - INFO - VisionAgent analysis complete. Found 0 items.
2026-07-30 20:59:22 - app.agents.vision_agent - INFO - VisionAgent starting analysis.
2026-07-30 20:59:22 - app.services.yolo_service - INFO - Running YOLO inference...
2026-07-30 20:59:22 - app.services.yolo_service - INFO - No potholes detected in the image.
2026-07-30 20:59:22 - app.agents.vision_agent - INFO - VisionAgent analysis complete. Found 0 items.
2026-07-30 20:59:23 - app.agents.vision_agent - INFO - VisionAgent starting analysis.
2026-07-30 20:59:23 - app.services.yolo_service - INFO - Running YOLO inference...
2026-07-30 20:59:23 - app.services.yolo_service - INFO - No potholes detected in the image.
2026-07-30 20:59:23 - app.agents.vision_agent - INFO - VisionAgent analysis complete. Found 0 items.
2026-07-30 20:59:24 - app.agents.vision_agent - INFO - VisionAgent starting analysis.
2026-07-30 20:59:24 - app.services.yolo_service - INFO - Running YOLO inference...
2026-07-30 20:59:24 - app.services.yolo_service - INFO - No potholes detected in the image.
2026-07-30 20:59:24 - app.agents.vision_agent - INFO - VisionAgent analysis complete. Found 0 items.
2026-07-30 20:59:25 - app.agents.vision_agent - INFO - VisionAgent starting analysis.
2026-07-30 20:59:25 - app.services.yolo_service - INFO - Running YOLO inference...
2026-07-30 20:59:26 - app.services.yolo_service - INFO - Detected 1 pothole(s).
2026-07-30 20:59:26 - app.agents.vision_agent - INFO - VisionAgent analysis complete. Found 1 items.
2026-07-30 20:59:27 - app.agents.vision_agent - INFO - VisionAgent starting analysis.
2026-07-30 20:59:27 - app.services.yolo_service - INFO - Running YOLO inference...
2026-07-30 20:59:27 - app.services.yolo_service - INFO - Detected 1 pothole(s).
2026-07-30 20:59:27 - app.agents.vision_agent - INFO - VisionAgent analysis complete. Found 1 items.
2026-07-30 20:59:28 - app.agents.vision_agent - INFO - VisionAgent starting analysis.
2026-07-30 20:59:28 - app.services.yolo_service - INFO - Running YOLO inference...
2026-07-30 20:59:28 - app.services.yolo_service - INFO - No potholes detected in the image.
2026-07-30 20:59:28 - app.agents.vision_agent - INFO - VisionAgent analysis complete. Found 0 items.
2026-07-30 20:59:29 - app.agents.vision_agent - INFO - VisionAgent starting analysis.
2026-07-30 20:59:29 - app.services.yolo_service - INFO - Running YOLO inference...
2026-07-30 20:59:29 - app.services.yolo_service - INFO - No potholes detected in the image.
2026-07-30 20:59:29 - app.agents.vision_agent - INFO - VisionAgent analysis complete. Found 0 items.
2026-07-30 20:59:30 - app.agents.vision_agent - INFO - VisionAgent starting analysis.
2026-07-30 20:59:30 - app.services.yolo_service - INFO - Running YOLO inference...
2026-07-30 20:59:30 - app.services.yolo_service - INFO - No potholes detected in the image.
2026-07-30 20:59:30 - app.agents.vision_agent - INFO - VisionAgent analysis complete. Found 0 items.
2026-07-30 20:59:31 - app.agents.vision_agent - INFO - VisionAgent starting analysis.
2026-07-30 20:59:31 - app.services.yolo_service - INFO - Running YOLO inference...
2026-07-30 20:59:31 - app.services.yolo_service - INFO - No potholes detected in the image.
2026-07-30 20:59:31 - app.agents.vision_agent - INFO - VisionAgent analysis complete. Found 0 items.
2026-07-30 20:59:32 - app.agents.vision_agent - INFO - VisionAgent starting analysis.
2026-07-30 20:59:32 - app.services.yolo_service - INFO - Running YOLO inference...
2026-07-30 20:59:32 - app.services.yolo_service - INFO - No potholes detected in the image.
2026-07-30 20:59:32 - app.agents.vision_agent - INFO - VisionAgent analysis complete. Found 0 items.
2026-07-30 20:59:33 - app.agents.vision_agent - INFO - VisionAgent starting analysis.
2026-07-30 20:59:33 - app.services.yolo_service - INFO - Running YOLO inference...
2026-07-30 20:59:33 - app.services.yolo_service - INFO - No potholes detected in the image.
2026-07-30 20:59:33 - app.agents.vision_agent - INFO - VisionAgent analysis complete. Found 0 items.
2026-07-30 20:59:34 - app.agents.vision_agent - INFO - VisionAgent starting analysis.
2026-07-30 20:59:34 - app.services.yolo_service - INFO - Running YOLO inference...
2026-07-30 20:59:34 - app.services.yolo_service - INFO - No potholes detected in the image.
2026-07-30 20:59:34 - app.agents.vision_agent - INFO - VisionAgent analysis complete. Found 0 items.
2026-07-30 20:59:35 - app.agents.vision_agent - INFO - VisionAgent starting analysis.
2026-07-30 20:59:35 - app.services.yolo_service - INFO - Running YOLO inference...
2026-07-30 20:59:35 - app.services.yolo_service - INFO - No potholes detected in the image.
2026-07-30 20:59:35 - app.agents.vision_agent - INFO - VisionAgent analysis complete. Found 0 items.
2026-07-30 20:59:36 - app.agents.vision_agent - INFO - VisionAgent starting analysis.
2026-07-30 20:59:36 - app.services.yolo_service - INFO - Running YOLO inference...
2026-07-30 20:59:36 - app.services.yolo_service - INFO - No potholes detected in the image.
2026-07-30 20:59:36 - app.agents.vision_agent - INFO - VisionAgent analysis complete. Found 0 items.
2026-07-30 20:59:37 - app.agents.vision_agent - INFO - VisionAgent starting analysis.
2026-07-30 20:59:37 - app.services.yolo_service - INFO - Running YOLO inference...
2026-07-30 20:59:37 - app.services.yolo_service - INFO - No potholes detected in the image.
2026-07-30 20:59:37 - app.agents.vision_agent - INFO - VisionAgent analysis complete. Found 0 items.
2026-07-30 20:59:38 - app.agents.vision_agent - INFO - VisionAgent starting analysis.
2026-07-30 20:59:38 - app.services.yolo_service - INFO - Running YOLO inference...
2026-07-30 20:59:38 - app.services.yolo_service - INFO - No potholes detected in the image.
2026-07-30 20:59:38 - app.agents.vision_agent - INFO - VisionAgent analysis complete. Found 0 items.
2026-07-30 20:59:39 - app.agents.vision_agent - INFO - VisionAgent starting analysis.
2026-07-30 20:59:39 - app.services.yolo_service - INFO - Running YOLO inference...
2026-07-30 20:59:39 - app.services.yolo_service - INFO - No potholes detected in the image.
2026-07-30 20:59:39 - app.agents.vision_agent - INFO - VisionAgent analysis complete. Found 0 items.
2026-07-30 20:59:40 - app.agents.vision_agent - INFO - VisionAgent starting analysis.
2026-07-30 20:59:40 - app.services.yolo_service - INFO - Running YOLO inference...
2026-07-30 20:59:40 - app.services.yolo_service - INFO - No potholes detected in the image.
2026-07-30 20:59:40 - app.agents.vision_agent - INFO - VisionAgent analysis complete. Found 0 items.
2026-07-30 20:59:41 - app.agents.vision_agent - INFO - VisionAgent starting analysis.
2026-07-30 20:59:41 - app.services.yolo_service - INFO - Running YOLO inference...
2026-07-30 20:59:41 - app.services.yolo_service - INFO - No potholes detected in the image.
2026-07-30 20:59:41 - app.agents.vision_agent - INFO - VisionAgent analysis complete. Found 0 items.
2026-07-30 20:59:42 - app.agents.vision_agent - INFO - VisionAgent starting analysis.
2026-07-30 20:59:42 - app.services.yolo_service - INFO - Running YOLO inference...
2026-07-30 20:59:43 - app.services.yolo_service - INFO - No potholes detected in the image.
2026-07-30 20:59:43 - app.agents.vision_agent - INFO - VisionAgent analysis complete. Found 0 items.
2026-07-30 20:59:44 - app.agents.vision_agent - INFO - VisionAgent starting analysis.
2026-07-30 20:59:44 - app.services.yolo_service - INFO - Running YOLO inference...
2026-07-30 20:59:44 - app.services.yolo_service - INFO - No potholes detected in the image.
2026-07-30 20:59:44 - app.agents.vision_agent - INFO - VisionAgent analysis complete. Found 0 items.
2026-07-30 20:59:45 - app.agents.vision_agent - INFO - VisionAgent starting analysis.
2026-07-30 20:59:45 - app.services.yolo_service - INFO - Running YOLO inference...
2026-07-30 20:59:45 - app.services.yolo_service - INFO - No potholes detected in the image.
2026-07-30 20:59:45 - app.agents.vision_agent - INFO - VisionAgent analysis complete. Found 0 items.
2026-07-30 20:59:46 - app.agents.vision_agent - INFO - VisionAgent starting analysis.
2026-07-30 20:59:46 - app.services.yolo_service - INFO - Running YOLO inference...
2026-07-30 20:59:46 - app.services.yolo_service - INFO - No potholes detected in the image.
2026-07-30 20:59:46 - app.agents.vision_agent - INFO - VisionAgent analysis complete. Found 0 items.
2026-07-30 20:59:47 - app.agents.vision_agent - INFO - VisionAgent starting analysis.
2026-07-30 20:59:47 - app.services.yolo_service - INFO - Running YOLO inference...
2026-07-30 20:59:47 - app.services.yolo_service - INFO - No potholes detected in the image.
2026-07-30 20:59:47 - app.agents.vision_agent - INFO - VisionAgent analysis complete. Found 0 items.
2026-07-30 20:59:48 - app.agents.vision_agent - INFO - VisionAgent starting analysis.
2026-07-30 20:59:48 - app.services.yolo_service - INFO - Running YOLO inference...
2026-07-30 20:59:48 - app.services.yolo_service - INFO - No potholes detected in the image.
2026-07-30 20:59:48 - app.agents.vision_agent - INFO - VisionAgent analysis complete. Found 0 items.
2026-07-30 20:59:49 - app.agents.vision_agent - INFO - VisionAgent starting analysis.
2026-07-30 20:59:49 - app.services.yolo_service - INFO - Running YOLO inference...
2026-07-30 20:59:49 - app.services.yolo_service - INFO - No potholes detected in the image.
2026-07-30 20:59:49 - app.agents.vision_agent - INFO - VisionAgent analysis complete. Found 0 items.
2026-07-30 20:59:50 - app.agents.vision_agent - INFO - VisionAgent starting analysis.
2026-07-30 20:59:50 - app.services.yolo_service - INFO - Running YOLO inference...
2026-07-30 20:59:50 - app.services.yolo_service - INFO - No potholes detected in the image.
2026-07-30 20:59:50 - app.agents.vision_agent - INFO - VisionAgent analysis complete. Found 0 items.
2026-07-30 20:59:51 - app.agents.vision_agent - INFO - VisionAgent starting analysis.
2026-07-30 20:59:51 - app.services.yolo_service - INFO - Running YOLO inference...
2026-07-30 20:59:51 - app.services.yolo_service - INFO - Detected 1 pothole(s).
2026-07-30 20:59:51 - app.agents.vision_agent - INFO - VisionAgent analysis complete. Found 1 items.
2026-07-30 20:59:52 - app.agents.vision_agent - INFO - VisionAgent starting analysis.
2026-07-30 20:59:52 - app.services.yolo_service - INFO - Running YOLO inference...
2026-07-30 20:59:52 - app.services.yolo_service - INFO - No potholes detected in the image.
2026-07-30 20:59:52 - app.agents.vision_agent - INFO - VisionAgent analysis complete. Found 0 items.
2026-07-30 20:59:53 - app.agents.vision_agent - INFO - VisionAgent starting analysis.
2026-07-30 20:59:53 - app.services.yolo_service - INFO - Running YOLO inference...
2026-07-30 20:59:53 - app.services.yolo_service - INFO - No potholes detected in the image.
2026-07-30 20:59:53 - app.agents.vision_agent - INFO - VisionAgent analysis complete. Found 0 items.
2026-07-30 20:59:54 - app.agents.vision_agent - INFO - VisionAgent starting analysis.
2026-07-30 20:59:54 - app.services.yolo_service - INFO - Running YOLO inference...
2026-07-30 20:59:54 - app.services.yolo_service - INFO - No potholes detected in the image.
2026-07-30 20:59:54 - app.agents.vision_agent - INFO - VisionAgent analysis complete. Found 0 items.
2026-07-30 20:59:55 - app.agents.vision_agent - INFO - VisionAgent starting analysis.
2026-07-30 20:59:55 - app.services.yolo_service - INFO - Running YOLO inference...
2026-07-30 20:59:55 - app.services.yolo_service - INFO - No potholes detected in the image.
2026-07-30 20:59:55 - app.agents.vision_agent - INFO - VisionAgent analysis complete. Found 0 items.
2026-07-30 20:59:56 - app.agents.vision_agent - INFO - VisionAgent starting analysis.
2026-07-30 20:59:56 - app.services.yolo_service - INFO - Running YOLO inference...
2026-07-30 20:59:57 - app.services.yolo_service - INFO - No potholes detected in the image.
2026-07-30 20:59:57 - app.agents.vision_agent - INFO - VisionAgent analysis complete. Found 0 items.
2026-07-30 20:59:58 - app.agents.vision_agent - INFO - VisionAgent starting analysis.
2026-07-30 20:59:58 - app.services.yolo_service - INFO - Running YOLO inference...
2026-07-30 20:59:58 - app.services.yolo_service - INFO - No potholes detected in the image.
2026-07-30 20:59:58 - app.agents.vision_agent - INFO - VisionAgent analysis complete. Found 0 items.
2026-07-30 20:59:59 - app.agents.vision_agent - INFO - VisionAgent starting analysis.
2026-07-30 20:59:59 - app.services.yolo_service - INFO - Running YOLO inference...
2026-07-30 20:59:59 - app.services.yolo_service - INFO - No potholes detected in the image.
2026-07-30 20:59:59 - app.agents.vision_agent - INFO - VisionAgent analysis complete. Found 0 items.
2026-07-30 21:00:00 - app.agents.vision_agent - INFO - VisionAgent starting analysis.
2026-07-30 21:00:00 - app.services.yolo_service - INFO - Running YOLO inference...
2026-07-30 21:00:00 - app.services.yolo_service - INFO - No potholes detected in the image.
2026-07-30 21:00:00 - app.agents.vision_agent - INFO - VisionAgent analysis complete. Found 0 items.
2026-07-30 21:00:01 - app.agents.vision_agent - INFO - VisionAgent starting analysis.
2026-07-30 21:00:01 - app.services.yolo_service - INFO - Running YOLO inference...
2026-07-30 21:00:01 - app.services.yolo_service - INFO - No potholes detected in the image.
2026-07-30 21:00:01 - app.agents.vision_agent - INFO - VisionAgent analysis complete. Found 0 items.
2026-07-30 21:00:02 - app.agents.vision_agent - INFO - VisionAgent starting analysis.
2026-07-30 21:00:02 - app.services.yolo_service - INFO - Running YOLO inference...
2026-07-30 21:00:02 - app.services.yolo_service - INFO - No potholes detected in the image.
2026-07-30 21:00:02 - app.agents.vision_agent - INFO - VisionAgent analysis complete. Found 0 items.
2026-07-30 21:00:03 - app.agents.vision_agent - INFO - VisionAgent starting analysis.
2026-07-30 21:00:03 - app.services.yolo_service - INFO - Running YOLO inference...
2026-07-30 21:00:03 - app.services.yolo_service - INFO - No potholes detected in the image.
2026-07-30 21:00:03 - app.agents.vision_agent - INFO - VisionAgent analysis complete. Found 0 items.
2026-07-30 21:00:04 - app.agents.vision_agent - INFO - VisionAgent starting analysis.
2026-07-30 21:00:04 - app.services.yolo_service - INFO - Running YOLO inference...
2026-07-30 21:00:04 - app.services.yolo_service - INFO - No potholes detected in the image.
2026-07-30 21:00:04 - app.agents.vision_agent - INFO - VisionAgent analysis complete. Found 0 items.
2026-07-30 21:00:05 - app.agents.vision_agent - INFO - VisionAgent starting analysis.
2026-07-30 21:00:05 - app.services.yolo_service - INFO - Running YOLO inference...
2026-07-30 21:00:05 - app.services.yolo_service - INFO - No potholes detected in the image.
2026-07-30 21:00:05 - app.agents.vision_agent - INFO - VisionAgent analysis complete. Found 0 items.
2026-07-30 21:00:06 - app.agents.vision_agent - INFO - VisionAgent starting analysis.
2026-07-30 21:00:06 - app.services.yolo_service - INFO - Running YOLO inference...
2026-07-30 21:00:06 - app.services.yolo_service - INFO - No potholes detected in the image.
2026-07-30 21:00:06 - app.agents.vision_agent - INFO - VisionAgent analysis complete. Found 0 items.
2026-07-30 21:00:07 - app.agents.vision_agent - INFO - VisionAgent starting analysis.
2026-07-30 21:00:07 - app.services.yolo_service - INFO - Running YOLO inference...
2026-07-30 21:00:07 - app.services.yolo_service - INFO - No potholes detected in the image.
2026-07-30 21:00:07 - app.agents.vision_agent - INFO - VisionAgent analysis complete. Found 0 items.
2026-07-30 21:00:08 - app.agents.vision_agent - INFO - VisionAgent starting analysis.
2026-07-30 21:00:08 - app.services.yolo_service - INFO - Running YOLO inference...
2026-07-30 21:00:08 - app.services.yolo_service - INFO - No potholes detected in the image.
2026-07-30 21:00:08 - app.agents.vision_agent - INFO - VisionAgent analysis complete. Found 0 items.
2026-07-30 21:00:09 - app.agents.vision_agent - INFO - VisionAgent starting analysis.
2026-07-30 21:00:09 - app.services.yolo_service - INFO - Running YOLO inference...
2026-07-30 21:00:09 - app.services.yolo_service - INFO - No potholes detected in the image.
2026-07-30 21:00:09 - app.agents.vision_agent - INFO - VisionAgent analysis complete. Found 0 items.
2026-07-30 21:00:10 - app.agents.vision_agent - INFO - VisionAgent starting analysis.
2026-07-30 21:00:10 - app.services.yolo_service - INFO - Running YOLO inference...
2026-07-30 21:00:11 - app.services.yolo_service - INFO - No potholes detected in the image.
2026-07-30 21:00:11 - app.agents.vision_agent - INFO - VisionAgent analysis complete. Found 0 items.
2026-07-30 21:00:11 - app.agents.vision_agent - INFO - VisionAgent starting analysis.
2026-07-30 21:00:11 - app.services.yolo_service - INFO - Running YOLO inference...
2026-07-30 21:00:12 - app.services.yolo_service - INFO - No potholes detected in the image.
2026-07-30 21:00:12 - app.agents.vision_agent - INFO - VisionAgent analysis complete. Found 0 items.
2026-07-30 21:00:13 - app.agents.vision_agent - INFO - VisionAgent starting analysis.
2026-07-30 21:00:13 - app.services.yolo_service - INFO - Running YOLO inference...
2026-07-30 21:00:13 - app.services.yolo_service - INFO - No potholes detected in the image.
2026-07-30 21:00:13 - app.agents.vision_agent - INFO - VisionAgent analysis complete. Found 0 items.
2026-07-30 21:00:14 - app.agents.vision_agent - INFO - VisionAgent starting analysis.
2026-07-30 21:00:14 - app.services.yolo_service - INFO - Running YOLO inference...
2026-07-30 21:00:14 - app.services.yolo_service - INFO - No potholes detected in the image.
2026-07-30 21:00:14 - app.agents.vision_agent - INFO - VisionAgent analysis complete. Found 0 items.
2026-07-30 21:00:15 - app.agents.vision_agent - INFO - VisionAgent starting analysis.
2026-07-30 21:00:15 - app.services.yolo_service - INFO - Running YOLO inference...
2026-07-30 21:00:15 - app.services.yolo_service - INFO - No potholes detected in the image.
2026-07-30 21:00:15 - app.agents.vision_agent - INFO - VisionAgent analysis complete. Found 0 items.
2026-07-30 21:00:16 - app.agents.vision_agent - INFO - VisionAgent starting analysis.
2026-07-30 21:00:16 - app.services.yolo_service - INFO - Running YOLO inference...
2026-07-30 21:00:16 - app.services.yolo_service - INFO - No potholes detected in the image.
2026-07-30 21:00:16 - app.agents.vision_agent - INFO - VisionAgent analysis complete. Found 0 items.
2026-07-30 21:00:17 - app.agents.vision_agent - INFO - VisionAgent starting analysis.
2026-07-30 21:00:17 - app.services.yolo_service - INFO - Running YOLO inference...
2026-07-30 21:00:17 - app.services.yolo_service - INFO - No potholes detected in the image.
2026-07-30 21:00:17 - app.agents.vision_agent - INFO - VisionAgent analysis complete. Found 0 items.
2026-07-30 21:00:18 - app.agents.vision_agent - INFO - VisionAgent starting analysis.
2026-07-30 21:00:18 - app.services.yolo_service - INFO - Running YOLO inference...
2026-07-30 21:00:18 - app.services.yolo_service - INFO - No potholes detected in the image.
2026-07-30 21:00:18 - app.agents.vision_agent - INFO - VisionAgent analysis complete. Found 0 items.
2026-07-30 21:00:19 - app.agents.vision_agent - INFO - VisionAgent starting analysis.
2026-07-30 21:00:19 - app.services.yolo_service - INFO - Running YOLO inference...
2026-07-30 21:00:19 - app.services.yolo_service - INFO - No potholes detected in the image.
2026-07-30 21:00:19 - app.agents.vision_agent - INFO - VisionAgent analysis complete. Found 0 items.
2026-07-30 21:00:20 - app.agents.vision_agent - INFO - VisionAgent starting analysis.
2026-07-30 21:00:20 - app.services.yolo_service - INFO - Running YOLO inference...
2026-07-30 21:00:20 - app.services.yolo_service - INFO - No potholes detected in the image.
2026-07-30 21:00:20 - app.agents.vision_agent - INFO - VisionAgent analysis complete. Found 0 items.
2026-07-30 21:00:21 - app.agents.vision_agent - INFO - VisionAgent starting analysis.
2026-07-30 21:00:21 - app.services.yolo_service - INFO - Running YOLO inference...
2026-07-30 21:00:21 - app.services.yolo_service - INFO - No potholes detected in the image.
2026-07-30 21:00:21 - app.agents.vision_agent - INFO - VisionAgent analysis complete. Found 0 items.
2026-07-30 21:00:22 - app.agents.vision_agent - INFO - VisionAgent starting analysis.
2026-07-30 21:00:22 - app.services.yolo_service - INFO - Running YOLO inference...
2026-07-30 21:00:22 - app.services.yolo_service - INFO - No potholes detected in the image.
2026-07-30 21:00:22 - app.agents.vision_agent - INFO - VisionAgent analysis complete. Found 0 items.
2026-07-30 21:00:23 - app.agents.vision_agent - INFO - VisionAgent starting analysis.
2026-07-30 21:00:23 - app.services.yolo_service - INFO - Running YOLO inference...
2026-07-30 21:00:24 - app.services.yolo_service - INFO - No potholes detected in the image.
2026-07-30 21:00:24 - app.agents.vision_agent - INFO - VisionAgent analysis complete. Found 0 items.
2026-07-30 21:00:24 - app.agents.vision_agent - INFO - VisionAgent starting analysis.
2026-07-30 21:00:24 - app.services.yolo_service - INFO - Running YOLO inference...
2026-07-30 21:00:24 - app.services.yolo_service - INFO - No potholes detected in the image.
2026-07-30 21:00:24 - app.agents.vision_agent - INFO - VisionAgent analysis complete. Found 0 items.
2026-07-30 21:00:25 - app.agents.vision_agent - INFO - VisionAgent starting analysis.
2026-07-30 21:00:25 - app.services.yolo_service - INFO - Running YOLO inference...
2026-07-30 21:00:25 - app.services.yolo_service - INFO - No potholes detected in the image.
2026-07-30 21:00:25 - app.agents.vision_agent - INFO - VisionAgent analysis complete. Found 0 items.
2026-07-30 21:00:26 - app.agents.vision_agent - INFO - VisionAgent starting analysis.
2026-07-30 21:00:26 - app.services.yolo_service - INFO - Running YOLO inference...
2026-07-30 21:00:26 - app.services.yolo_service - INFO - No potholes detected in the image.
2026-07-30 21:00:26 - app.agents.vision_agent - INFO - VisionAgent analysis complete. Found 0 items.
2026-07-30 21:00:27 - app.agents.vision_agent - INFO - VisionAgent starting analysis.
2026-07-30 21:00:27 - app.services.yolo_service - INFO - Running YOLO inference...
2026-07-30 21:00:28 - app.services.yolo_service - INFO - No potholes detected in the image.
2026-07-30 21:00:28 - app.agents.vision_agent - INFO - VisionAgent analysis complete. Found 0 items.
2026-07-30 21:00:28 - app.agents.vision_agent - INFO - VisionAgent starting analysis.
2026-07-30 21:00:28 - app.services.yolo_service - INFO - Running YOLO inference...
2026-07-30 21:00:29 - app.services.yolo_service - INFO - No potholes detected in the image.
2026-07-30 21:00:29 - app.agents.vision_agent - INFO - VisionAgent analysis complete. Found 0 items.
2026-07-30 21:00:30 - app.agents.vision_agent - INFO - VisionAgent starting analysis.
2026-07-30 21:00:30 - app.services.yolo_service - INFO - Running YOLO inference...
2026-07-30 21:00:30 - app.services.yolo_service - INFO - No potholes detected in the image.
2026-07-30 21:00:30 - app.agents.vision_agent - INFO - VisionAgent analysis complete. Found 0 items.
2026-07-30 21:00:31 - app.agents.vision_agent - INFO - VisionAgent starting analysis.
2026-07-30 21:00:31 - app.services.yolo_service - INFO - Running YOLO inference...
2026-07-30 21:00:31 - app.services.yolo_service - INFO - No potholes detected in the image.
2026-07-30 21:00:31 - app.agents.vision_agent - INFO - VisionAgent analysis complete. Found 0 items.
2026-07-30 21:00:32 - app.agents.vision_agent - INFO - VisionAgent starting analysis.
2026-07-30 21:00:32 - app.services.yolo_service - INFO - Running YOLO inference...
2026-07-30 21:00:32 - app.services.yolo_service - INFO - No potholes detected in the image.
2026-07-30 21:00:32 - app.agents.vision_agent - INFO - VisionAgent analysis complete. Found 0 items.
2026-07-30 21:00:33 - app.agents.vision_agent - INFO - VisionAgent starting analysis.
2026-07-30 21:00:33 - app.services.yolo_service - INFO - Running YOLO inference...
2026-07-30 21:00:33 - app.services.yolo_service - INFO - No potholes detected in the image.
2026-07-30 21:00:33 - app.agents.vision_agent - INFO - VisionAgent analysis complete. Found 0 items.
2026-07-30 21:00:34 - app.agents.vision_agent - INFO - VisionAgent starting analysis.
2026-07-30 21:00:34 - app.services.yolo_service - INFO - Running YOLO inference...
2026-07-30 21:00:34 - app.services.yolo_service - INFO - No potholes detected in the image.
2026-07-30 21:00:34 - app.agents.vision_agent - INFO - VisionAgent analysis complete. Found 0 items.
2026-07-30 21:00:35 - app.agents.vision_agent - INFO - VisionAgent starting analysis.
2026-07-30 21:00:35 - app.services.yolo_service - INFO - Running YOLO inference...
2026-07-30 21:00:35 - app.services.yolo_service - INFO - No potholes detected in the image.
2026-07-30 21:00:35 - app.agents.vision_agent - INFO - VisionAgent analysis complete. Found 0 items.
2026-07-30 21:00:36 - app.agents.vision_agent - INFO - VisionAgent starting analysis.
2026-07-30 21:00:36 - app.services.yolo_service - INFO - Running YOLO inference...
2026-07-30 21:00:36 - app.services.yolo_service - INFO - No potholes detected in the image.
2026-07-30 21:00:36 - app.agents.vision_agent - INFO - VisionAgent analysis complete. Found 0 items.
2026-07-30 21:00:37 - app.agents.vision_agent - INFO - VisionAgent starting analysis.
2026-07-30 21:00:37 - app.services.yolo_service - INFO - Running YOLO inference...
2026-07-30 21:00:37 - app.services.yolo_service - INFO - No potholes detected in the image.
2026-07-30 21:00:37 - app.agents.vision_agent - INFO - VisionAgent analysis complete. Found 0 items.
2026-07-30 21:00:38 - app.agents.vision_agent - INFO - VisionAgent starting analysis.
2026-07-30 21:00:38 - app.services.yolo_service - INFO - Running YOLO inference...
2026-07-30 21:00:38 - app.services.yolo_service - INFO - No potholes detected in the image.
2026-07-30 21:00:38 - app.agents.vision_agent - INFO - VisionAgent analysis complete. Found 0 items.
2026-07-30 21:00:39 - app.agents.vision_agent - INFO - VisionAgent starting analysis.
2026-07-30 21:00:39 - app.services.yolo_service - INFO - Running YOLO inference...
2026-07-30 21:00:39 - app.services.yolo_service - INFO - Detected 1 pothole(s).
2026-07-30 21:00:39 - app.agents.vision_agent - INFO - VisionAgent analysis complete. Found 1 items.
2026-07-30 21:00:40 - app.agents.vision_agent - INFO - VisionAgent starting analysis.
2026-07-30 21:00:40 - app.services.yolo_service - INFO - Running YOLO inference...
2026-07-30 21:00:40 - app.services.yolo_service - INFO - Detected 1 pothole(s).
2026-07-30 21:00:40 - app.agents.vision_agent - INFO - VisionAgent analysis complete. Found 1 items.
2026-07-30 21:00:41 - app.agents.vision_agent - INFO - VisionAgent starting analysis.
2026-07-30 21:00:41 - app.services.yolo_service - INFO - Running YOLO inference...
2026-07-30 21:00:41 - app.services.yolo_service - INFO - Detected 1 pothole(s).
2026-07-30 21:00:41 - app.agents.vision_agent - INFO - VisionAgent analysis complete. Found 1 items.
2026-07-30 21:00:42 - app.agents.vision_agent - INFO - VisionAgent starting analysis.
2026-07-30 21:00:42 - app.services.yolo_service - INFO - Running YOLO inference...
2026-07-30 21:00:43 - app.services.yolo_service - INFO - No potholes detected in the image.
2026-07-30 21:00:43 - app.agents.vision_agent - INFO - VisionAgent analysis complete. Found 0 items.
2026-07-30 21:00:43 - app.agents.vision_agent - INFO - VisionAgent starting analysis.
2026-07-30 21:00:43 - app.services.yolo_service - INFO - Running YOLO inference...
2026-07-30 21:00:44 - app.services.yolo_service - INFO - No potholes detected in the image.
2026-07-30 21:00:44 - app.agents.vision_agent - INFO - VisionAgent analysis complete. Found 0 items.
2026-07-30 21:00:45 - app.agents.vision_agent - INFO - VisionAgent starting analysis.
2026-07-30 21:00:45 - app.services.yolo_service - INFO - Running YOLO inference...
2026-07-30 21:00:45 - app.services.yolo_service - INFO - No potholes detected in the image.
2026-07-30 21:00:45 - app.agents.vision_agent - INFO - VisionAgent analysis complete. Found 0 items.
2026-07-30 21:00:46 - app.agents.vision_agent - INFO - VisionAgent starting analysis.
2026-07-30 21:00:46 - app.services.yolo_service - INFO - Running YOLO inference...
2026-07-30 21:00:46 - app.services.yolo_service - INFO - No potholes detected in the image.
2026-07-30 21:00:46 - app.agents.vision_agent - INFO - VisionAgent analysis complete. Found 0 items.
2026-07-30 21:00:47 - app.agents.vision_agent - INFO - VisionAgent starting analysis.
2026-07-30 21:00:47 - app.services.yolo_service - INFO - Running YOLO inference...
2026-07-30 21:00:47 - app.services.yolo_service - INFO - No potholes detected in the image.
2026-07-30 21:00:47 - app.agents.vision_agent - INFO - VisionAgent analysis complete. Found 0 items.
2026-07-30 21:00:48 - app.agents.vision_agent - INFO - VisionAgent starting analysis.
2026-07-30 21:00:48 - app.services.yolo_service - INFO - Running YOLO inference...
2026-07-30 21:00:48 - app.services.yolo_service - INFO - No potholes detected in the image.
2026-07-30 21:00:48 - app.agents.vision_agent - INFO - VisionAgent analysis complete. Found 0 items.
2026-07-30 21:00:49 - app.agents.vision_agent - INFO - VisionAgent starting analysis.
2026-07-30 21:00:49 - app.services.yolo_service - INFO - Running YOLO inference...
2026-07-30 21:00:49 - app.services.yolo_service - INFO - No potholes detected in the image.
2026-07-30 21:00:49 - app.agents.vision_agent - INFO - VisionAgent analysis complete. Found 0 items.
2026-07-30 21:00:50 - app.agents.vision_agent - INFO - VisionAgent starting analysis.
2026-07-30 21:00:50 - app.services.yolo_service - INFO - Running YOLO inference...
2026-07-30 21:00:50 - app.services.yolo_service - INFO - No potholes detected in the image.
2026-07-30 21:00:50 - app.agents.vision_agent - INFO - VisionAgent analysis complete. Found 0 items.
2026-07-30 21:00:51 - app.agents.vision_agent - INFO - VisionAgent starting analysis.
2026-07-30 21:00:51 - app.services.yolo_service - INFO - Running YOLO inference...
2026-07-30 21:00:51 - app.services.yolo_service - INFO - No potholes detected in the image.
2026-07-30 21:00:51 - app.agents.vision_agent - INFO - VisionAgent analysis complete. Found 0 items.
2026-07-30 21:00:52 - app.agents.vision_agent - INFO - VisionAgent starting analysis.
2026-07-30 21:00:52 - app.services.yolo_service - INFO - Running YOLO inference...
2026-07-30 21:00:52 - app.services.yolo_service - INFO - No potholes detected in the image.
2026-07-30 21:00:52 - app.agents.vision_agent - INFO - VisionAgent analysis complete. Found 0 items.
2026-07-30 21:00:53 - app.agents.vision_agent - INFO - VisionAgent starting analysis.
2026-07-30 21:00:53 - app.services.yolo_service - INFO - Running YOLO inference...
2026-07-30 21:00:53 - app.services.yolo_service - INFO - No potholes detected in the image.
2026-07-30 21:00:53 - app.agents.vision_agent - INFO - VisionAgent analysis complete. Found 0 items.
2026-07-30 21:00:54 - app.agents.vision_agent - INFO - VisionAgent starting analysis.
2026-07-30 21:00:54 - app.services.yolo_service - INFO - Running YOLO inference...
2026-07-30 21:00:54 - app.services.yolo_service - INFO - No potholes detected in the image.
2026-07-30 21:00:54 - app.agents.vision_agent - INFO - VisionAgent analysis complete. Found 0 items.
2026-07-30 21:00:55 - app.agents.vision_agent - INFO - VisionAgent starting analysis.
2026-07-30 21:00:55 - app.services.yolo_service - INFO - Running YOLO inference...
2026-07-30 21:00:55 - app.services.yolo_service - INFO - No potholes detected in the image.
2026-07-30 21:00:55 - app.agents.vision_agent - INFO - VisionAgent analysis complete. Found 0 items.
2026-07-30 21:00:56 - app.agents.vision_agent - INFO - VisionAgent starting analysis.
2026-07-30 21:00:56 - app.services.yolo_service - INFO - Running YOLO inference...
2026-07-30 21:00:56 - app.services.yolo_service - INFO - No potholes detected in the image.
2026-07-30 21:00:56 - app.agents.vision_agent - INFO - VisionAgent analysis complete. Found 0 items.
2026-07-30 21:00:57 - app.agents.vision_agent - INFO - VisionAgent starting analysis.
2026-07-30 21:00:57 - app.services.yolo_service - INFO - Running YOLO inference...
2026-07-30 21:00:57 - app.services.yolo_service - INFO - No potholes detected in the image.
2026-07-30 21:00:57 - app.agents.vision_agent - INFO - VisionAgent analysis complete. Found 0 items.
2026-07-30 21:00:59 - app.agents.vision_agent - INFO - VisionAgent starting analysis.
2026-07-30 21:00:59 - app.services.yolo_service - INFO - Running YOLO inference...
2026-07-30 21:00:59 - app.services.yolo_service - INFO - No potholes detected in the image.
2026-07-30 21:00:59 - app.agents.vision_agent - INFO - VisionAgent analysis complete. Found 0 items.
2026-07-30 21:01:00 - app.agents.vision_agent - INFO - VisionAgent starting analysis.
2026-07-30 21:01:00 - app.services.yolo_service - INFO - Running YOLO inference...
2026-07-30 21:01:00 - app.services.yolo_service - INFO - No potholes detected in the image.
2026-07-30 21:01:00 - app.agents.vision_agent - INFO - VisionAgent analysis complete. Found 0 items.
2026-07-30 21:01:01 - app.agents.vision_agent - INFO - VisionAgent starting analysis.
2026-07-30 21:01:01 - app.services.yolo_service - INFO - Running YOLO inference...
2026-07-30 21:01:01 - app.services.yolo_service - INFO - No potholes detected in the image.
2026-07-30 21:01:01 - app.agents.vision_agent - INFO - VisionAgent analysis complete. Found 0 items.
2026-07-30 21:01:02 - app.agents.vision_agent - INFO - VisionAgent starting analysis.
2026-07-30 21:01:02 - app.services.yolo_service - INFO - Running YOLO inference...
2026-07-30 21:01:02 - app.services.yolo_service - INFO - No potholes detected in the image.
2026-07-30 21:01:02 - app.agents.vision_agent - INFO - VisionAgent analysis complete. Found 0 items.
2026-07-30 21:01:03 - app.agents.vision_agent - INFO - VisionAgent starting analysis.
2026-07-30 21:01:03 - app.services.yolo_service - INFO - Running YOLO inference...
2026-07-30 21:01:03 - app.services.yolo_service - INFO - Detected 1 pothole(s).
2026-07-30 21:01:03 - app.agents.vision_agent - INFO - VisionAgent analysis complete. Found 1 items.
2026-07-30 21:01:04 - app.agents.vision_agent - INFO - VisionAgent starting analysis.
2026-07-30 21:01:04 - app.services.yolo_service - INFO - Running YOLO inference...
2026-07-30 21:01:04 - app.services.yolo_service - INFO - Detected 1 pothole(s).
2026-07-30 21:01:04 - app.agents.vision_agent - INFO - VisionAgent analysis complete. Found 1 items.
2026-07-30 21:01:05 - app.agents.vision_agent - INFO - VisionAgent starting analysis.
2026-07-30 21:01:05 - app.services.yolo_service - INFO - Running YOLO inference...
2026-07-30 21:01:05 - app.services.yolo_service - INFO - No potholes detected in the image.
2026-07-30 21:01:05 - app.agents.vision_agent - INFO - VisionAgent analysis complete. Found 0 items.
2026-07-30 21:01:06 - app.agents.vision_agent - INFO - VisionAgent starting analysis.
2026-07-30 21:01:06 - app.services.yolo_service - INFO - Running YOLO inference...
2026-07-30 21:01:06 - app.services.yolo_service - INFO - No potholes detected in the image.
2026-07-30 21:01:06 - app.agents.vision_agent - INFO - VisionAgent analysis complete. Found 0 items.
2026-07-30 21:01:07 - app.agents.vision_agent - INFO - VisionAgent starting analysis.
2026-07-30 21:01:07 - app.services.yolo_service - INFO - Running YOLO inference...
2026-07-30 21:01:07 - app.services.yolo_service - INFO - No potholes detected in the image.
2026-07-30 21:01:07 - app.agents.vision_agent - INFO - VisionAgent analysis complete. Found 0 items.
2026-07-30 21:01:08 - app.agents.vision_agent - INFO - VisionAgent starting analysis.
2026-07-30 21:01:08 - app.services.yolo_service - INFO - Running YOLO inference...
2026-07-30 21:01:08 - app.services.yolo_service - INFO - No potholes detected in the image.
2026-07-30 21:01:08 - app.agents.vision_agent - INFO - VisionAgent analysis complete. Found 0 items.
2026-07-30 21:01:09 - app.agents.vision_agent - INFO - VisionAgent starting analysis.
2026-07-30 21:01:09 - app.services.yolo_service - INFO - Running YOLO inference...
2026-07-30 21:01:09 - app.services.yolo_service - INFO - No potholes detected in the image.
2026-07-30 21:01:09 - app.agents.vision_agent - INFO - VisionAgent analysis complete. Found 0 items.
2026-07-30 21:01:10 - app.agents.vision_agent - INFO - VisionAgent starting analysis.
2026-07-30 21:01:10 - app.services.yolo_service - INFO - Running YOLO inference...
2026-07-30 21:01:10 - app.services.yolo_service - INFO - No potholes detected in the image.
2026-07-30 21:01:10 - app.agents.vision_agent - INFO - VisionAgent analysis complete. Found 0 items.
2026-07-30 21:01:11 - app.agents.vision_agent - INFO - VisionAgent starting analysis.
2026-07-30 21:01:11 - app.services.yolo_service - INFO - Running YOLO inference...
2026-07-30 21:01:11 - app.services.yolo_service - INFO - No potholes detected in the image.
2026-07-30 21:01:11 - app.agents.vision_agent - INFO - VisionAgent analysis complete. Found 0 items.
2026-07-30 21:01:12 - app.agents.vision_agent - INFO - VisionAgent starting analysis.
2026-07-30 21:01:12 - app.services.yolo_service - INFO - Running YOLO inference...
2026-07-30 21:01:13 - app.services.yolo_service - INFO - No potholes detected in the image.
2026-07-30 21:01:13 - app.agents.vision_agent - INFO - VisionAgent analysis complete. Found 0 items.
2026-07-30 21:01:13 - app.agents.vision_agent - INFO - VisionAgent starting analysis.
2026-07-30 21:01:13 - app.services.yolo_service - INFO - Running YOLO inference...
2026-07-30 21:01:14 - app.services.yolo_service - INFO - No potholes detected in the image.
2026-07-30 21:01:14 - app.agents.vision_agent - INFO - VisionAgent analysis complete. Found 0 items.
2026-07-30 21:01:14 - app.agents.vision_agent - INFO - VisionAgent starting analysis.
2026-07-30 21:01:14 - app.services.yolo_service - INFO - Running YOLO inference...
2026-07-30 21:01:15 - app.services.yolo_service - INFO - No potholes detected in the image.
2026-07-30 21:01:15 - app.agents.vision_agent - INFO - VisionAgent analysis complete. Found 0 items.
2026-07-30 21:01:16 - app.agents.vision_agent - INFO - VisionAgent starting analysis.
2026-07-30 21:01:16 - app.services.yolo_service - INFO - Running YOLO inference...
2026-07-30 21:01:16 - app.services.yolo_service - INFO - No potholes detected in the image.
2026-07-30 21:01:16 - app.agents.vision_agent - INFO - VisionAgent analysis complete. Found 0 items.
2026-07-30 21:01:17 - app.agents.vision_agent - INFO - VisionAgent starting analysis.
2026-07-30 21:01:17 - app.services.yolo_service - INFO - Running YOLO inference...
2026-07-30 21:01:17 - app.services.yolo_service - INFO - No potholes detected in the image.
2026-07-30 21:01:17 - app.agents.vision_agent - INFO - VisionAgent analysis complete. Found 0 items.
2026-07-30 21:01:18 - app.agents.vision_agent - INFO - VisionAgent starting analysis.
2026-07-30 21:01:18 - app.services.yolo_service - INFO - Running YOLO inference...
2026-07-30 21:01:18 - app.services.yolo_service - INFO - No potholes detected in the image.
2026-07-30 21:01:18 - app.agents.vision_agent - INFO - VisionAgent analysis complete. Found 0 items.
2026-07-30 21:01:19 - app.agents.vision_agent - INFO - VisionAgent starting analysis.
2026-07-30 21:01:19 - app.services.yolo_service - INFO - Running YOLO inference...
2026-07-30 21:01:19 - app.services.yolo_service - INFO - No potholes detected in the image.
2026-07-30 21:01:19 - app.agents.vision_agent - INFO - VisionAgent analysis complete. Found 0 items.
2026-07-30 21:01:20 - app.agents.vision_agent - INFO - VisionAgent starting analysis.
2026-07-30 21:01:20 - app.services.yolo_service - INFO - Running YOLO inference...
2026-07-30 21:01:20 - app.services.yolo_service - INFO - No potholes detected in the image.
2026-07-30 21:01:20 - app.agents.vision_agent - INFO - VisionAgent analysis complete. Found 0 items.
2026-07-30 21:01:21 - app.agents.vision_agent - INFO - VisionAgent starting analysis.
2026-07-30 21:01:21 - app.services.yolo_service - INFO - Running YOLO inference...
2026-07-30 21:01:21 - app.services.yolo_service - INFO - No potholes detected in the image.
2026-07-30 21:01:21 - app.agents.vision_agent - INFO - VisionAgent analysis complete. Found 0 items.
2026-07-30 21:01:22 - app.agents.vision_agent - INFO - VisionAgent starting analysis.
2026-07-30 21:01:22 - app.services.yolo_service - INFO - Running YOLO inference...
2026-07-30 21:01:22 - app.services.yolo_service - INFO - No potholes detected in the image.
2026-07-30 21:01:22 - app.agents.vision_agent - INFO - VisionAgent analysis complete. Found 0 items.
2026-07-30 21:01:23 - app.agents.vision_agent - INFO - VisionAgent starting analysis.
2026-07-30 21:01:23 - app.services.yolo_service - INFO - Running YOLO inference...
2026-07-30 21:01:24 - app.services.yolo_service - INFO - No potholes detected in the image.
2026-07-30 21:01:24 - app.agents.vision_agent - INFO - VisionAgent analysis complete. Found 0 items.
2026-07-30 21:01:24 - app.agents.vision_agent - INFO - VisionAgent starting analysis.
2026-07-30 21:01:24 - app.services.yolo_service - INFO - Running YOLO inference...
2026-07-30 21:01:24 - app.services.yolo_service - INFO - No potholes detected in the image.
2026-07-30 21:01:24 - app.agents.vision_agent - INFO - VisionAgent analysis complete. Found 0 items.
2026-07-30 21:01:25 - app.agents.vision_agent - INFO - VisionAgent starting analysis.
2026-07-30 21:01:25 - app.services.yolo_service - INFO - Running YOLO inference...
2026-07-30 21:01:25 - app.services.yolo_service - INFO - No potholes detected in the image.
2026-07-30 21:01:25 - app.agents.vision_agent - INFO - VisionAgent analysis complete. Found 0 items.
2026-07-30 21:01:26 - app.agents.vision_agent - INFO - VisionAgent starting analysis.
2026-07-30 21:01:26 - app.services.yolo_service - INFO - Running YOLO inference...
2026-07-30 21:01:26 - app.services.yolo_service - INFO - No potholes detected in the image.
2026-07-30 21:01:26 - app.agents.vision_agent - INFO - VisionAgent analysis complete. Found 0 items.
2026-07-30 21:01:27 - app.agents.vision_agent - INFO - VisionAgent starting analysis.
2026-07-30 21:01:27 - app.services.yolo_service - INFO - Running YOLO inference...
2026-07-30 21:01:28 - app.services.yolo_service - INFO - Detected 1 pothole(s).
2026-07-30 21:01:28 - app.agents.vision_agent - INFO - VisionAgent analysis complete. Found 1 items.
2026-07-30 21:01:28 - app.agents.vision_agent - INFO - VisionAgent starting analysis.
2026-07-30 21:01:28 - app.services.yolo_service - INFO - Running YOLO inference...
2026-07-30 21:01:29 - app.services.yolo_service - INFO - Detected 1 pothole(s).
2026-07-30 21:01:29 - app.agents.vision_agent - INFO - VisionAgent analysis complete. Found 1 items.
2026-07-30 21:01:30 - app.agents.vision_agent - INFO - VisionAgent starting analysis.
2026-07-30 21:01:30 - app.services.yolo_service - INFO - Running YOLO inference...
2026-07-30 21:01:30 - app.services.yolo_service - INFO - No potholes detected in the image.
2026-07-30 21:01:30 - app.agents.vision_agent - INFO - VisionAgent analysis complete. Found 0 items.
2026-07-30 21:01:31 - app.agents.vision_agent - INFO - VisionAgent starting analysis.
2026-07-30 21:01:31 - app.services.yolo_service - INFO - Running YOLO inference...
2026-07-30 21:01:31 - app.services.yolo_service - INFO - No potholes detected in the image.
2026-07-30 21:01:31 - app.agents.vision_agent - INFO - VisionAgent analysis complete. Found 0 items.
2026-07-30 21:01:32 - app.agents.vision_agent - INFO - VisionAgent starting analysis.
2026-07-30 21:01:32 - app.services.yolo_service - INFO - Running YOLO inference...
2026-07-30 21:01:32 - app.services.yolo_service - INFO - No potholes detected in the image.
2026-07-30 21:01:32 - app.agents.vision_agent - INFO - VisionAgent analysis complete. Found 0 items.
2026-07-30 21:01:33 - app.agents.vision_agent - INFO - VisionAgent starting analysis.
2026-07-30 21:01:33 - app.services.yolo_service - INFO - Running YOLO inference...
2026-07-30 21:01:33 - app.services.yolo_service - INFO - No potholes detected in the image.
2026-07-30 21:01:33 - app.agents.vision_agent - INFO - VisionAgent analysis complete. Found 0 items.
2026-07-30 21:01:34 - app.agents.vision_agent - INFO - VisionAgent starting analysis.
2026-07-30 21:01:34 - app.services.yolo_service - INFO - Running YOLO inference...
2026-07-30 21:01:34 - app.services.yolo_service - INFO - No potholes detected in the image.
2026-07-30 21:01:34 - app.agents.vision_agent - INFO - VisionAgent analysis complete. Found 0 items.
2026-07-30 21:01:35 - app.agents.vision_agent - INFO - VisionAgent starting analysis.
2026-07-30 21:01:35 - app.services.yolo_service - INFO - Running YOLO inference...
2026-07-30 21:01:35 - app.services.yolo_service - INFO - No potholes detected in the image.
2026-07-30 21:01:35 - app.agents.vision_agent - INFO - VisionAgent analysis complete. Found 0 items.
2026-07-30 21:01:36 - app.agents.vision_agent - INFO - VisionAgent starting analysis.
2026-07-30 21:01:36 - app.services.yolo_service - INFO - Running YOLO inference...
2026-07-30 21:01:36 - app.services.yolo_service - INFO - No potholes detected in the image.
2026-07-30 21:01:36 - app.agents.vision_agent - INFO - VisionAgent analysis complete. Found 0 items.
2026-07-30 21:01:37 - app.agents.vision_agent - INFO - VisionAgent starting analysis.
2026-07-30 21:01:37 - app.services.yolo_service - INFO - Running YOLO inference...
2026-07-30 21:01:37 - app.services.yolo_service - INFO - No potholes detected in the image.
2026-07-30 21:01:37 - app.agents.vision_agent - INFO - VisionAgent analysis complete. Found 0 items.
2026-07-30 21:01:38 - app.agents.vision_agent - INFO - VisionAgent starting analysis.
2026-07-30 21:01:38 - app.services.yolo_service - INFO - Running YOLO inference...
2026-07-30 21:01:38 - app.services.yolo_service - INFO - No potholes detected in the image.
2026-07-30 21:01:38 - app.agents.vision_agent - INFO - VisionAgent analysis complete. Found 0 items.
2026-07-30 21:01:39 - app.agents.vision_agent - INFO - VisionAgent starting analysis.
2026-07-30 21:01:39 - app.services.yolo_service - INFO - Running YOLO inference...
2026-07-30 21:01:39 - app.services.yolo_service - INFO - No potholes detected in the image.
2026-07-30 21:01:39 - app.agents.vision_agent - INFO - VisionAgent analysis complete. Found 0 items.
2026-07-30 21:01:40 - app.agents.vision_agent - INFO - VisionAgent starting analysis.
2026-07-30 21:01:40 - app.services.yolo_service - INFO - Running YOLO inference...
2026-07-30 21:01:40 - app.services.yolo_service - INFO - No potholes detected in the image.
2026-07-30 21:01:40 - app.agents.vision_agent - INFO - VisionAgent analysis complete. Found 0 items.
2026-07-30 21:01:41 - app.agents.vision_agent - INFO - VisionAgent starting analysis.
2026-07-30 21:01:41 - app.services.yolo_service - INFO - Running YOLO inference...
2026-07-30 21:01:41 - app.services.yolo_service - INFO - No potholes detected in the image.
2026-07-30 21:01:41 - app.agents.vision_agent - INFO - VisionAgent analysis complete. Found 0 items.
2026-07-30 21:01:42 - app.agents.vision_agent - INFO - VisionAgent starting analysis.
2026-07-30 21:01:42 - app.services.yolo_service - INFO - Running YOLO inference...
2026-07-30 21:01:42 - app.services.yolo_service - INFO - No potholes detected in the image.
2026-07-30 21:01:42 - app.agents.vision_agent - INFO - VisionAgent analysis complete. Found 0 items.
2026-07-30 21:01:43 - app.agents.vision_agent - INFO - VisionAgent starting analysis.
2026-07-30 21:01:43 - app.services.yolo_service - INFO - Running YOLO inference...
2026-07-30 21:01:43 - app.services.yolo_service - INFO - No potholes detected in the image.
2026-07-30 21:01:43 - app.agents.vision_agent - INFO - VisionAgent analysis complete. Found 0 items.
2026-07-30 21:01:44 - app.agents.vision_agent - INFO - VisionAgent starting analysis.
2026-07-30 21:01:44 - app.services.yolo_service - INFO - Running YOLO inference...
2026-07-30 21:01:45 - app.services.yolo_service - INFO - No potholes detected in the image.
2026-07-30 21:01:45 - app.agents.vision_agent - INFO - VisionAgent analysis complete. Found 0 items.
2026-07-30 21:01:45 - app.agents.vision_agent - INFO - VisionAgent starting analysis.
2026-07-30 21:01:45 - app.services.yolo_service - INFO - Running YOLO inference...
2026-07-30 21:01:46 - app.services.yolo_service - INFO - No potholes detected in the image.
2026-07-30 21:01:46 - app.agents.vision_agent - INFO - VisionAgent analysis complete. Found 0 items.
2026-07-30 21:01:47 - app.agents.vision_agent - INFO - VisionAgent starting analysis.
2026-07-30 21:01:47 - app.services.yolo_service - INFO - Running YOLO inference...
2026-07-30 21:01:47 - app.services.yolo_service - INFO - No potholes detected in the image.
2026-07-30 21:01:47 - app.agents.vision_agent - INFO - VisionAgent analysis complete. Found 0 items.
2026-07-30 21:01:48 - app.agents.vision_agent - INFO - VisionAgent starting analysis.
2026-07-30 21:01:48 - app.services.yolo_service - INFO - Running YOLO inference...
2026-07-30 21:01:48 - app.services.yolo_service - INFO - No potholes detected in the image.
2026-07-30 21:01:48 - app.agents.vision_agent - INFO - VisionAgent analysis complete. Found 0 items.
2026-07-30 21:01:49 - app.agents.vision_agent - INFO - VisionAgent starting analysis.
2026-07-30 21:01:49 - app.services.yolo_service - INFO - Running YOLO inference...
2026-07-30 21:01:49 - app.services.yolo_service - INFO - No potholes detected in the image.
2026-07-30 21:01:49 - app.agents.vision_agent - INFO - VisionAgent analysis complete. Found 0 items.
2026-07-30 21:01:50 - app.agents.vision_agent - INFO - VisionAgent starting analysis.
2026-07-30 21:01:50 - app.services.yolo_service - INFO - Running YOLO inference...
2026-07-30 21:01:50 - app.services.yolo_service - INFO - No potholes detected in the image.
2026-07-30 21:01:50 - app.agents.vision_agent - INFO - VisionAgent analysis complete. Found 0 items.
2026-07-30 21:01:51 - app.agents.vision_agent - INFO - VisionAgent starting analysis.
2026-07-30 21:01:51 - app.services.yolo_service - INFO - Running YOLO inference...
2026-07-30 21:01:51 - app.services.yolo_service - INFO - No potholes detected in the image.
2026-07-30 21:01:51 - app.agents.vision_agent - INFO - VisionAgent analysis complete. Found 0 items.
2026-07-30 21:01:52 - app.agents.vision_agent - INFO - VisionAgent starting analysis.
2026-07-30 21:01:52 - app.services.yolo_service - INFO - Running YOLO inference...
2026-07-30 21:01:52 - app.services.yolo_service - INFO - No potholes detected in the image.
2026-07-30 21:01:52 - app.agents.vision_agent - INFO - VisionAgent analysis complete. Found 0 items.
2026-07-30 21:01:53 - app.agents.vision_agent - INFO - VisionAgent starting analysis.
2026-07-30 21:01:53 - app.services.yolo_service - INFO - Running YOLO inference...
2026-07-30 21:01:53 - app.services.yolo_service - INFO - No potholes detected in the image.
2026-07-30 21:01:53 - app.agents.vision_agent - INFO - VisionAgent analysis complete. Found 0 items.
2026-07-30 21:01:54 - app.agents.vision_agent - INFO - VisionAgent starting analysis.
2026-07-30 21:01:54 - app.services.yolo_service - INFO - Running YOLO inference...
2026-07-30 21:01:54 - app.services.yolo_service - INFO - No potholes detected in the image.
2026-07-30 21:01:54 - app.agents.vision_agent - INFO - VisionAgent analysis complete. Found 0 items.
2026-07-30 21:01:55 - app.agents.vision_agent - INFO - VisionAgent starting analysis.
2026-07-30 21:01:55 - app.services.yolo_service - INFO - Running YOLO inference...
2026-07-30 21:01:55 - app.services.yolo_service - INFO - No potholes detected in the image.
2026-07-30 21:01:55 - app.agents.vision_agent - INFO - VisionAgent analysis complete. Found 0 items.
2026-07-30 21:01:56 - app.agents.vision_agent - INFO - VisionAgent starting analysis.
2026-07-30 21:01:56 - app.services.yolo_service - INFO - Running YOLO inference...
2026-07-30 21:01:56 - app.services.yolo_service - INFO - No potholes detected in the image.
2026-07-30 21:01:56 - app.agents.vision_agent - INFO - VisionAgent analysis complete. Found 0 items.
2026-07-30 21:01:57 - app.agents.vision_agent - INFO - VisionAgent starting analysis.
2026-07-30 21:01:57 - app.services.yolo_service - INFO - Running YOLO inference...
2026-07-30 21:01:57 - app.services.yolo_service - INFO - No potholes detected in the image.
2026-07-30 21:01:57 - app.agents.vision_agent - INFO - VisionAgent analysis complete. Found 0 items.
2026-07-30 21:01:58 - app.agents.vision_agent - INFO - VisionAgent starting analysis.
2026-07-30 21:01:58 - app.services.yolo_service - INFO - Running YOLO inference...
2026-07-30 21:01:58 - app.services.yolo_service - INFO - No potholes detected in the image.
2026-07-30 21:01:58 - app.agents.vision_agent - INFO - VisionAgent analysis complete. Found 0 items.
2026-07-30 21:01:59 - app.agents.vision_agent - INFO - VisionAgent starting analysis.
2026-07-30 21:01:59 - app.services.yolo_service - INFO - Running YOLO inference...
2026-07-30 21:02:00 - app.services.yolo_service - INFO - No potholes detected in the image.
2026-07-30 21:02:00 - app.agents.vision_agent - INFO - VisionAgent analysis complete. Found 0 items.
2026-07-30 21:02:00 - app.agents.vision_agent - INFO - VisionAgent starting analysis.
2026-07-30 21:02:00 - app.services.yolo_service - INFO - Running YOLO inference...
2026-07-30 21:02:01 - app.services.yolo_service - INFO - No potholes detected in the image.
2026-07-30 21:02:01 - app.agents.vision_agent - INFO - VisionAgent analysis complete. Found 0 items.
2026-07-30 21:02:02 - app.agents.vision_agent - INFO - VisionAgent starting analysis.
2026-07-30 21:02:02 - app.services.yolo_service - INFO - Running YOLO inference...
2026-07-30 21:02:02 - app.services.yolo_service - INFO - No potholes detected in the image.
2026-07-30 21:02:02 - app.agents.vision_agent - INFO - VisionAgent analysis complete. Found 0 items.
2026-07-30 21:02:03 - app.agents.vision_agent - INFO - VisionAgent starting analysis.
2026-07-30 21:02:03 - app.services.yolo_service - INFO - Running YOLO inference...
2026-07-30 21:02:03 - app.services.yolo_service - INFO - No potholes detected in the image.
2026-07-30 21:02:03 - app.agents.vision_agent - INFO - VisionAgent analysis complete. Found 0 items.
2026-07-30 21:02:04 - app.agents.vision_agent - INFO - VisionAgent starting analysis.
2026-07-30 21:02:04 - app.services.yolo_service - INFO - Running YOLO inference...
2026-07-30 21:02:04 - app.services.yolo_service - INFO - No potholes detected in the image.
2026-07-30 21:02:04 - app.agents.vision_agent - INFO - VisionAgent analysis complete. Found 0 items.
2026-07-30 21:02:05 - app.agents.vision_agent - INFO - VisionAgent starting analysis.
2026-07-30 21:02:05 - app.services.yolo_service - INFO - Running YOLO inference...
2026-07-30 21:02:05 - app.services.yolo_service - INFO - No potholes detected in the image.
2026-07-30 21:02:05 - app.agents.vision_agent - INFO - VisionAgent analysis complete. Found 0 items.
2026-07-30 21:02:06 - app.agents.vision_agent - INFO - VisionAgent starting analysis.
2026-07-30 21:02:06 - app.services.yolo_service - INFO - Running YOLO inference...
2026-07-30 21:02:06 - app.services.yolo_service - INFO - No potholes detected in the image.
2026-07-30 21:02:06 - app.agents.vision_agent - INFO - VisionAgent analysis complete. Found 0 items.
2026-07-30 21:02:07 - app.agents.vision_agent - INFO - VisionAgent starting analysis.
2026-07-30 21:02:07 - app.services.yolo_service - INFO - Running YOLO inference...
2026-07-30 21:02:07 - app.services.yolo_service - INFO - No potholes detected in the image.
2026-07-30 21:02:07 - app.agents.vision_agent - INFO - VisionAgent analysis complete. Found 0 items.
2026-07-30 21:02:08 - app.agents.vision_agent - INFO - VisionAgent starting analysis.
2026-07-30 21:02:08 - app.services.yolo_service - INFO - Running YOLO inference...
2026-07-30 21:02:08 - app.services.yolo_service - INFO - No potholes detected in the image.
2026-07-30 21:02:08 - app.agents.vision_agent - INFO - VisionAgent analysis complete. Found 0 items.
2026-07-30 21:02:09 - app.agents.vision_agent - INFO - VisionAgent starting analysis.
2026-07-30 21:02:09 - app.services.yolo_service - INFO - Running YOLO inference...
2026-07-30 21:02:09 - app.services.yolo_service - INFO - No potholes detected in the image.
2026-07-30 21:02:09 - app.agents.vision_agent - INFO - VisionAgent analysis complete. Found 0 items.
2026-07-30 21:02:10 - app.agents.vision_agent - INFO - VisionAgent starting analysis.
2026-07-30 21:02:10 - app.services.yolo_service - INFO - Running YOLO inference...
2026-07-30 21:02:10 - app.services.yolo_service - INFO - No potholes detected in the image.
2026-07-30 21:02:10 - app.agents.vision_agent - INFO - VisionAgent analysis complete. Found 0 items.
2026-07-30 21:02:11 - app.agents.vision_agent - INFO - VisionAgent starting analysis.
2026-07-30 21:02:11 - app.services.yolo_service - INFO - Running YOLO inference...
2026-07-30 21:02:11 - app.services.yolo_service - INFO - No potholes detected in the image.
2026-07-30 21:02:11 - app.agents.vision_agent - INFO - VisionAgent analysis complete. Found 0 items.
2026-07-30 21:02:12 - app.agents.vision_agent - INFO - VisionAgent starting analysis.
2026-07-30 21:02:12 - app.services.yolo_service - INFO - Running YOLO inference...
2026-07-30 21:02:12 - app.services.yolo_service - INFO - No potholes detected in the image.
2026-07-30 21:02:12 - app.agents.vision_agent - INFO - VisionAgent analysis complete. Found 0 items.
2026-07-30 21:02:13 - app.agents.vision_agent - INFO - VisionAgent starting analysis.
2026-07-30 21:02:13 - app.services.yolo_service - INFO - Running YOLO inference...
2026-07-30 21:02:14 - app.services.yolo_service - INFO - No potholes detected in the image.
2026-07-30 21:02:14 - app.agents.vision_agent - INFO - VisionAgent analysis complete. Found 0 items.
2026-07-30 21:02:14 - app.agents.vision_agent - INFO - VisionAgent starting analysis.
2026-07-30 21:02:14 - app.services.yolo_service - INFO - Running YOLO inference...
2026-07-30 21:02:15 - app.services.yolo_service - INFO - No potholes detected in the image.
2026-07-30 21:02:15 - app.agents.vision_agent - INFO - VisionAgent analysis complete. Found 0 items.
2026-07-30 21:02:16 - app.agents.vision_agent - INFO - VisionAgent starting analysis.
2026-07-30 21:02:16 - app.services.yolo_service - INFO - Running YOLO inference...
2026-07-30 21:02:16 - app.services.yolo_service - INFO - No potholes detected in the image.
2026-07-30 21:02:16 - app.agents.vision_agent - INFO - VisionAgent analysis complete. Found 0 items.
2026-07-30 21:02:17 - app.agents.vision_agent - INFO - VisionAgent starting analysis.
2026-07-30 21:02:17 - app.services.yolo_service - INFO - Running YOLO inference...
2026-07-30 21:02:17 - app.services.yolo_service - INFO - Detected 1 pothole(s).
2026-07-30 21:02:17 - app.agents.vision_agent - INFO - VisionAgent analysis complete. Found 1 items.
2026-07-30 21:02:18 - app.agents.vision_agent - INFO - VisionAgent starting analysis.
2026-07-30 21:02:18 - app.services.yolo_service - INFO - Running YOLO inference...
2026-07-30 21:02:18 - app.services.yolo_service - INFO - Detected 1 pothole(s).
2026-07-30 21:02:18 - app.agents.vision_agent - INFO - VisionAgent analysis complete. Found 1 items.
2026-07-30 21:02:19 - app.agents.vision_agent - INFO - VisionAgent starting analysis.
2026-07-30 21:02:19 - app.services.yolo_service - INFO - Running YOLO inference...
2026-07-30 21:02:19 - app.services.yolo_service - INFO - Detected 1 pothole(s).
2026-07-30 21:02:19 - app.agents.vision_agent - INFO - VisionAgent analysis complete. Found 1 items.
2026-07-30 21:02:20 - app.agents.vision_agent - INFO - VisionAgent starting analysis.
2026-07-30 21:02:20 - app.services.yolo_service - INFO - Running YOLO inference...
2026-07-30 21:02:20 - app.services.yolo_service - INFO - No potholes detected in the image.
2026-07-30 21:02:20 - app.agents.vision_agent - INFO - VisionAgent analysis complete. Found 0 items.
2026-07-30 21:02:21 - app.agents.vision_agent - INFO - VisionAgent starting analysis.
2026-07-30 21:02:21 - app.services.yolo_service - INFO - Running YOLO inference...
2026-07-30 21:02:21 - app.services.yolo_service - INFO - No potholes detected in the image.
2026-07-30 21:02:21 - app.agents.vision_agent - INFO - VisionAgent analysis complete. Found 0 items.
2026-07-30 21:02:22 - app.agents.vision_agent - INFO - VisionAgent starting analysis.
2026-07-30 21:02:22 - app.services.yolo_service - INFO - Running YOLO inference...
2026-07-30 21:02:22 - app.services.yolo_service - INFO - No potholes detected in the image.
2026-07-30 21:02:22 - app.agents.vision_agent - INFO - VisionAgent analysis complete. Found 0 items.
2026-07-30 21:02:23 - app.agents.vision_agent - INFO - VisionAgent starting analysis.
2026-07-30 21:02:23 - app.services.yolo_service - INFO - Running YOLO inference...
2026-07-30 21:02:23 - app.services.yolo_service - INFO - No potholes detected in the image.
2026-07-30 21:02:23 - app.agents.vision_agent - INFO - VisionAgent analysis complete. Found 0 items.
2026-07-30 21:02:24 - app.agents.vision_agent - INFO - VisionAgent starting analysis.
2026-07-30 21:02:24 - app.services.yolo_service - INFO - Running YOLO inference...
2026-07-30 21:02:24 - app.services.yolo_service - INFO - No potholes detected in the image.
2026-07-30 21:02:24 - app.agents.vision_agent - INFO - VisionAgent analysis complete. Found 0 items.
2026-07-30 21:02:25 - app.agents.vision_agent - INFO - VisionAgent starting analysis.
2026-07-30 21:02:25 - app.services.yolo_service - INFO - Running YOLO inference...
2026-07-30 21:02:25 - app.services.yolo_service - INFO - No potholes detected in the image.
2026-07-30 21:02:25 - app.agents.vision_agent - INFO - VisionAgent analysis complete. Found 0 items.
2026-07-30 21:02:26 - app.agents.vision_agent - INFO - VisionAgent starting analysis.
2026-07-30 21:02:26 - app.services.yolo_service - INFO - Running YOLO inference...
2026-07-30 21:02:26 - app.services.yolo_service - INFO - No potholes detected in the image.
2026-07-30 21:02:26 - app.agents.vision_agent - INFO - VisionAgent analysis complete. Found 0 items.
2026-07-30 21:02:27 - app.agents.vision_agent - INFO - VisionAgent starting analysis.
2026-07-30 21:02:27 - app.services.yolo_service - INFO - Running YOLO inference...
2026-07-30 21:02:27 - app.services.yolo_service - INFO - No potholes detected in the image.
2026-07-30 21:02:27 - app.agents.vision_agent - INFO - VisionAgent analysis complete. Found 0 items.
2026-07-30 21:02:28 - app.agents.vision_agent - INFO - VisionAgent starting analysis.
2026-07-30 21:02:28 - app.services.yolo_service - INFO - Running YOLO inference...
2026-07-30 21:02:28 - app.services.yolo_service - INFO - No potholes detected in the image.
2026-07-30 21:02:28 - app.agents.vision_agent - INFO - VisionAgent analysis complete. Found 0 items.
2026-07-30 21:02:29 - app.agents.vision_agent - INFO - VisionAgent starting analysis.
2026-07-30 21:02:29 - app.services.yolo_service - INFO - Running YOLO inference...
2026-07-30 21:02:29 - app.services.yolo_service - INFO - No potholes detected in the image.
2026-07-30 21:02:29 - app.agents.vision_agent - INFO - VisionAgent analysis complete. Found 0 items.
2026-07-30 21:02:30 - app.agents.vision_agent - INFO - VisionAgent starting analysis.
2026-07-30 21:02:30 - app.services.yolo_service - INFO - Running YOLO inference...
2026-07-30 21:02:31 - app.services.yolo_service - INFO - No potholes detected in the image.
2026-07-30 21:02:31 - app.agents.vision_agent - INFO - VisionAgent analysis complete. Found 0 items.
2026-07-30 21:02:31 - app.agents.vision_agent - INFO - VisionAgent starting analysis.
2026-07-30 21:02:31 - app.services.yolo_service - INFO - Running YOLO inference...
2026-07-30 21:02:32 - app.services.yolo_service - INFO - No potholes detected in the image.
2026-07-30 21:02:32 - app.agents.vision_agent - INFO - VisionAgent analysis complete. Found 0 items.
2026-07-30 21:02:33 - app.agents.vision_agent - INFO - VisionAgent starting analysis.
2026-07-30 21:02:33 - app.services.yolo_service - INFO - Running YOLO inference...
2026-07-30 21:02:33 - app.services.yolo_service - INFO - No potholes detected in the image.
2026-07-30 21:02:33 - app.agents.vision_agent - INFO - VisionAgent analysis complete. Found 0 items.
2026-07-30 21:02:34 - app.agents.vision_agent - INFO - VisionAgent starting analysis.
2026-07-30 21:02:34 - app.services.yolo_service - INFO - Running YOLO inference...
2026-07-30 21:02:34 - app.services.yolo_service - INFO - No potholes detected in the image.
2026-07-30 21:02:34 - app.agents.vision_agent - INFO - VisionAgent analysis complete. Found 0 items.
2026-07-30 21:02:35 - app.agents.vision_agent - INFO - VisionAgent starting analysis.
2026-07-30 21:02:35 - app.services.yolo_service - INFO - Running YOLO inference...
2026-07-30 21:02:35 - app.services.yolo_service - INFO - No potholes detected in the image.
2026-07-30 21:02:35 - app.agents.vision_agent - INFO - VisionAgent analysis complete. Found 0 items.
2026-07-30 21:02:36 - app.agents.vision_agent - INFO - VisionAgent starting analysis.
2026-07-30 21:02:36 - app.services.yolo_service - INFO - Running YOLO inference...
2026-07-30 21:02:36 - app.services.yolo_service - INFO - No potholes detected in the image.
2026-07-30 21:02:36 - app.agents.vision_agent - INFO - VisionAgent analysis complete. Found 0 items.
2026-07-30 21:02:37 - app.agents.vision_agent - INFO - VisionAgent starting analysis.
2026-07-30 21:02:37 - app.services.yolo_service - INFO - Running YOLO inference...
2026-07-30 21:02:37 - app.services.yolo_service - INFO - No potholes detected in the image.
2026-07-30 21:02:37 - app.agents.vision_agent - INFO - VisionAgent analysis complete. Found 0 items.
2026-07-30 21:02:38 - app.agents.vision_agent - INFO - VisionAgent starting analysis.
2026-07-30 21:02:38 - app.services.yolo_service - INFO - Running YOLO inference...
2026-07-30 21:02:38 - app.services.yolo_service - INFO - No potholes detected in the image.
2026-07-30 21:02:38 - app.agents.vision_agent - INFO - VisionAgent analysis complete. Found 0 items.
2026-07-30 21:02:39 - app.agents.vision_agent - INFO - VisionAgent starting analysis.
2026-07-30 21:02:39 - app.services.yolo_service - INFO - Running YOLO inference...
2026-07-30 21:02:39 - app.services.yolo_service - INFO - No potholes detected in the image.
2026-07-30 21:02:39 - app.agents.vision_agent - INFO - VisionAgent analysis complete. Found 0 items.
2026-07-30 21:02:40 - app.agents.vision_agent - INFO - VisionAgent starting analysis.
2026-07-30 21:02:40 - app.services.yolo_service - INFO - Running YOLO inference...
2026-07-30 21:02:40 - app.services.yolo_service - INFO - Detected 1 pothole(s).
2026-07-30 21:02:40 - app.agents.vision_agent - INFO - VisionAgent analysis complete. Found 1 items.
2026-07-30 21:02:41 - app.agents.vision_agent - INFO - VisionAgent starting analysis.
2026-07-30 21:02:41 - app.services.yolo_service - INFO - Running YOLO inference...
2026-07-30 21:02:41 - app.services.yolo_service - INFO - Detected 1 pothole(s).
2026-07-30 21:02:41 - app.agents.vision_agent - INFO - VisionAgent analysis complete. Found 1 items.
2026-07-30 21:02:42 - app.agents.vision_agent - INFO - VisionAgent starting analysis.
2026-07-30 21:02:42 - app.services.yolo_service - INFO - Running YOLO inference...
2026-07-30 21:02:42 - app.services.yolo_service - INFO - No potholes detected in the image.
2026-07-30 21:02:42 - app.agents.vision_agent - INFO - VisionAgent analysis complete. Found 0 items.
2026-07-30 21:02:43 - app.agents.vision_agent - INFO - VisionAgent starting analysis.
2026-07-30 21:02:43 - app.services.yolo_service - INFO - Running YOLO inference...
2026-07-30 21:02:43 - app.services.yolo_service - INFO - No potholes detected in the image.
2026-07-30 21:02:43 - app.agents.vision_agent - INFO - VisionAgent analysis complete. Found 0 items.
2026-07-30 21:02:44 - app.agents.vision_agent - INFO - VisionAgent starting analysis.
2026-07-30 21:02:44 - app.services.yolo_service - INFO - Running YOLO inference...
2026-07-30 21:02:45 - app.services.yolo_service - INFO - No potholes detected in the image.
2026-07-30 21:02:45 - app.agents.vision_agent - INFO - VisionAgent analysis complete. Found 0 items.
2026-07-30 21:02:45 - app.agents.vision_agent - INFO - VisionAgent starting analysis.
2026-07-30 21:02:45 - app.services.yolo_service - INFO - Running YOLO inference...
2026-07-30 21:02:46 - app.services.yolo_service - INFO - No potholes detected in the image.
2026-07-30 21:02:46 - app.agents.vision_agent - INFO - VisionAgent analysis complete. Found 0 items.
2026-07-30 21:02:46 - app.agents.vision_agent - INFO - VisionAgent starting analysis.
2026-07-30 21:02:46 - app.services.yolo_service - INFO - Running YOLO inference...
2026-07-30 21:02:47 - app.services.yolo_service - INFO - No potholes detected in the image.
2026-07-30 21:02:47 - app.agents.vision_agent - INFO - VisionAgent analysis complete. Found 0 items.
2026-07-30 21:02:48 - app.agents.vision_agent - INFO - VisionAgent starting analysis.
2026-07-30 21:02:48 - app.services.yolo_service - INFO - Running YOLO inference...
2026-07-30 21:02:48 - app.services.yolo_service - INFO - No potholes detected in the image.
2026-07-30 21:02:48 - app.agents.vision_agent - INFO - VisionAgent analysis complete. Found 0 items.
2026-07-30 21:02:49 - app.agents.vision_agent - INFO - VisionAgent starting analysis.
2026-07-30 21:02:49 - app.services.yolo_service - INFO - Running YOLO inference...
2026-07-30 21:02:49 - app.services.yolo_service - INFO - No potholes detected in the image.
2026-07-30 21:02:49 - app.agents.vision_agent - INFO - VisionAgent analysis complete. Found 0 items.
2026-07-30 21:02:50 - app.agents.vision_agent - INFO - VisionAgent starting analysis.
2026-07-30 21:02:50 - app.services.yolo_service - INFO - Running YOLO inference...
2026-07-30 21:02:50 - app.services.yolo_service - INFO - No potholes detected in the image.
2026-07-30 21:02:50 - app.agents.vision_agent - INFO - VisionAgent analysis complete. Found 0 items.
2026-07-30 21:02:51 - app.agents.vision_agent - INFO - VisionAgent starting analysis.
2026-07-30 21:02:51 - app.services.yolo_service - INFO - Running YOLO inference...
2026-07-30 21:02:51 - app.services.yolo_service - INFO - No potholes detected in the image.
2026-07-30 21:02:51 - app.agents.vision_agent - INFO - VisionAgent analysis complete. Found 0 items.
2026-07-30 21:02:52 - app.agents.vision_agent - INFO - VisionAgent starting analysis.
2026-07-30 21:02:52 - app.services.yolo_service - INFO - Running YOLO inference...
2026-07-30 21:02:52 - app.services.yolo_service - INFO - No potholes detected in the image.
2026-07-30 21:02:52 - app.agents.vision_agent - INFO - VisionAgent analysis complete. Found 0 items.
2026-07-30 21:02:53 - app.agents.vision_agent - INFO - VisionAgent starting analysis.
2026-07-30 21:02:53 - app.services.yolo_service - INFO - Running YOLO inference...
2026-07-30 21:02:53 - app.services.yolo_service - INFO - No potholes detected in the image.
2026-07-30 21:02:53 - app.agents.vision_agent - INFO - VisionAgent analysis complete. Found 0 items.
2026-07-30 21:02:54 - app.agents.vision_agent - INFO - VisionAgent starting analysis.
2026-07-30 21:02:54 - app.services.yolo_service - INFO - Running YOLO inference...
2026-07-30 21:02:54 - app.services.yolo_service - INFO - No potholes detected in the image.
2026-07-30 21:02:54 - app.agents.vision_agent - INFO - VisionAgent analysis complete. Found 0 items.
2026-07-30 21:02:55 - app.agents.vision_agent - INFO - VisionAgent starting analysis.
2026-07-30 21:02:55 - app.services.yolo_service - INFO - Running YOLO inference...
2026-07-30 21:02:55 - app.services.yolo_service - INFO - No potholes detected in the image.
2026-07-30 21:02:55 - app.agents.vision_agent - INFO - VisionAgent analysis complete. Found 0 items.
2026-07-30 21:02:56 - app.agents.vision_agent - INFO - VisionAgent starting analysis.
2026-07-30 21:02:56 - app.services.yolo_service - INFO - Running YOLO inference...
2026-07-30 21:02:56 - app.services.yolo_service - INFO - No potholes detected in the image.
2026-07-30 21:02:56 - app.agents.vision_agent - INFO - VisionAgent analysis complete. Found 0 items.
2026-07-30 21:02:57 - app.agents.vision_agent - INFO - VisionAgent starting analysis.
2026-07-30 21:02:57 - app.services.yolo_service - INFO - Running YOLO inference...
2026-07-30 21:02:57 - app.services.yolo_service - INFO - No potholes detected in the image.
2026-07-30 21:02:57 - app.agents.vision_agent - INFO - VisionAgent analysis complete. Found 0 items.
2026-07-30 21:02:58 - app.agents.vision_agent - INFO - VisionAgent starting analysis.
2026-07-30 21:02:58 - app.services.yolo_service - INFO - Running YOLO inference...
2026-07-30 21:02:58 - app.services.yolo_service - INFO - No potholes detected in the image.
2026-07-30 21:02:58 - app.agents.vision_agent - INFO - VisionAgent analysis complete. Found 0 items.
2026-07-30 21:02:59 - app.agents.vision_agent - INFO - VisionAgent starting analysis.
2026-07-30 21:02:59 - app.services.yolo_service - INFO - Running YOLO inference...
2026-07-30 21:02:59 - app.services.yolo_service - INFO - No potholes detected in the image.
2026-07-30 21:02:59 - app.agents.vision_agent - INFO - VisionAgent analysis complete. Found 0 items.
2026-07-30 21:03:00 - app.agents.vision_agent - INFO - VisionAgent starting analysis.
2026-07-30 21:03:00 - app.services.yolo_service - INFO - Running YOLO inference...
2026-07-30 21:03:01 - app.services.yolo_service - INFO - No potholes detected in the image.
2026-07-30 21:03:01 - app.agents.vision_agent - INFO - VisionAgent analysis complete. Found 0 items.
2026-07-30 21:03:02 - app.agents.vision_agent - INFO - VisionAgent starting analysis.
2026-07-30 21:03:02 - app.services.yolo_service - INFO - Running YOLO inference...
2026-07-30 21:03:02 - app.services.yolo_service - INFO - No potholes detected in the image.
2026-07-30 21:03:02 - app.agents.vision_agent - INFO - VisionAgent analysis complete. Found 0 items.
2026-07-30 21:03:03 - app.agents.vision_agent - INFO - VisionAgent starting analysis.
2026-07-30 21:03:03 - app.services.yolo_service - INFO - Running YOLO inference...
2026-07-30 21:03:03 - app.services.yolo_service - INFO - No potholes detected in the image.
2026-07-30 21:03:03 - app.agents.vision_agent - INFO - VisionAgent analysis complete. Found 0 items.
2026-07-30 21:03:04 - app.agents.vision_agent - INFO - VisionAgent starting analysis.
2026-07-30 21:03:04 - app.services.yolo_service - INFO - Running YOLO inference...
2026-07-30 21:03:04 - app.services.yolo_service - INFO - No potholes detected in the image.
2026-07-30 21:03:04 - app.agents.vision_agent - INFO - VisionAgent analysis complete. Found 0 items.
2026-07-30 21:03:05 - app.agents.vision_agent - INFO - VisionAgent starting analysis.
2026-07-30 21:03:05 - app.services.yolo_service - INFO - Running YOLO inference...
2026-07-30 21:03:05 - app.services.yolo_service - INFO - Detected 1 pothole(s).
2026-07-30 21:03:05 - app.agents.vision_agent - INFO - VisionAgent analysis complete. Found 1 items.
2026-07-30 21:03:06 - app.agents.vision_agent - INFO - VisionAgent starting analysis.
2026-07-30 21:03:06 - app.services.yolo_service - INFO - Running YOLO inference...
2026-07-30 21:03:06 - app.services.yolo_service - INFO - Detected 1 pothole(s).
2026-07-30 21:03:06 - app.agents.vision_agent - INFO - VisionAgent analysis complete. Found 1 items.
2026-07-30 21:03:07 - app.agents.vision_agent - INFO - VisionAgent starting analysis.
2026-07-30 21:03:07 - app.services.yolo_service - INFO - Running YOLO inference...
2026-07-30 21:03:07 - app.services.yolo_service - INFO - No potholes detected in the image.
2026-07-30 21:03:07 - app.agents.vision_agent - INFO - VisionAgent analysis complete. Found 0 items.
2026-07-30 21:03:08 - app.agents.vision_agent - INFO - VisionAgent starting analysis.
2026-07-30 21:03:08 - app.services.yolo_service - INFO - Running YOLO inference...
2026-07-30 21:03:08 - app.services.yolo_service - INFO - No potholes detected in the image.
2026-07-30 21:03:08 - app.agents.vision_agent - INFO - VisionAgent analysis complete. Found 0 items.
2026-07-30 21:03:09 - app.agents.vision_agent - INFO - VisionAgent starting analysis.
2026-07-30 21:03:09 - app.services.yolo_service - INFO - Running YOLO inference...
2026-07-30 21:03:09 - app.services.yolo_service - INFO - No potholes detected in the image.
2026-07-30 21:03:09 - app.agents.vision_agent - INFO - VisionAgent analysis complete. Found 0 items.
2026-07-30 21:03:10 - app.agents.vision_agent - INFO - VisionAgent starting analysis.
2026-07-30 21:03:10 - app.services.yolo_service - INFO - Running YOLO inference...
2026-07-30 21:03:10 - app.services.yolo_service - INFO - No potholes detected in the image.
2026-07-30 21:03:10 - app.agents.vision_agent - INFO - VisionAgent analysis complete. Found 0 items.
2026-07-30 21:03:11 - app.agents.vision_agent - INFO - VisionAgent starting analysis.
2026-07-30 21:03:11 - app.services.yolo_service - INFO - Running YOLO inference...
2026-07-30 21:03:11 - app.services.yolo_service - INFO - No potholes detected in the image.
2026-07-30 21:03:11 - app.agents.vision_agent - INFO - VisionAgent analysis complete. Found 0 items.
2026-07-30 21:03:12 - app.agents.vision_agent - INFO - VisionAgent starting analysis.
2026-07-30 21:03:12 - app.services.yolo_service - INFO - Running YOLO inference...
2026-07-30 21:03:12 - app.services.yolo_service - INFO - No potholes detected in the image.
2026-07-30 21:03:12 - app.agents.vision_agent - INFO - VisionAgent analysis complete. Found 0 items.
2026-07-30 21:03:13 - app.agents.vision_agent - INFO - VisionAgent starting analysis.
2026-07-30 21:03:13 - app.services.yolo_service - INFO - Running YOLO inference...
2026-07-30 21:03:13 - app.services.yolo_service - INFO - No potholes detected in the image.
2026-07-30 21:03:13 - app.agents.vision_agent - INFO - VisionAgent analysis complete. Found 0 items.
2026-07-30 21:03:14 - app.agents.vision_agent - INFO - VisionAgent starting analysis.
2026-07-30 21:03:14 - app.services.yolo_service - INFO - Running YOLO inference...
2026-07-30 21:03:14 - app.services.yolo_service - INFO - No potholes detected in the image.
2026-07-30 21:03:14 - app.agents.vision_agent - INFO - VisionAgent analysis complete. Found 0 items.
2026-07-30 21:03:15 - app.agents.vision_agent - INFO - VisionAgent starting analysis.
2026-07-30 21:03:15 - app.services.yolo_service - INFO - Running YOLO inference...
2026-07-30 21:03:15 - app.services.yolo_service - INFO - No potholes detected in the image.
2026-07-30 21:03:15 - app.agents.vision_agent - INFO - VisionAgent analysis complete. Found 0 items.
2026-07-30 21:03:16 - app.agents.vision_agent - INFO - VisionAgent starting analysis.
2026-07-30 21:03:16 - app.services.yolo_service - INFO - Running YOLO inference...
2026-07-30 21:03:17 - app.services.yolo_service - INFO - No potholes detected in the image.
2026-07-30 21:03:17 - app.agents.vision_agent - INFO - VisionAgent analysis complete. Found 0 items.
2026-07-30 21:03:17 - app.agents.vision_agent - INFO - VisionAgent starting analysis.
2026-07-30 21:03:17 - app.services.yolo_service - INFO - Running YOLO inference...
2026-07-30 21:03:18 - app.services.yolo_service - INFO - No potholes detected in the image.
2026-07-30 21:03:18 - app.agents.vision_agent - INFO - VisionAgent analysis complete. Found 0 items.
2026-07-30 21:03:19 - app.agents.vision_agent - INFO - VisionAgent starting analysis.
2026-07-30 21:03:19 - app.services.yolo_service - INFO - Running YOLO inference...
2026-07-30 21:03:19 - app.services.yolo_service - INFO - No potholes detected in the image.
2026-07-30 21:03:19 - app.agents.vision_agent - INFO - VisionAgent analysis complete. Found 0 items.
2026-07-30 21:03:20 - app.agents.vision_agent - INFO - VisionAgent starting analysis.
2026-07-30 21:03:20 - app.services.yolo_service - INFO - Running YOLO inference...
2026-07-30 21:03:20 - app.services.yolo_service - INFO - No potholes detected in the image.
2026-07-30 21:03:20 - app.agents.vision_agent - INFO - VisionAgent analysis complete. Found 0 items.
2026-07-30 21:03:21 - app.agents.vision_agent - INFO - VisionAgent starting analysis.
2026-07-30 21:03:21 - app.services.yolo_service - INFO - Running YOLO inference...
2026-07-30 21:03:21 - app.services.yolo_service - INFO - No potholes detected in the image.
2026-07-30 21:03:21 - app.agents.vision_agent - INFO - VisionAgent analysis complete. Found 0 items.
2026-07-30 21:03:22 - app.agents.vision_agent - INFO - VisionAgent starting analysis.
2026-07-30 21:03:22 - app.services.yolo_service - INFO - Running YOLO inference...
2026-07-30 21:03:22 - app.services.yolo_service - INFO - No potholes detected in the image.
2026-07-30 21:03:22 - app.agents.vision_agent - INFO - VisionAgent analysis complete. Found 0 items.
2026-07-30 21:03:23 - app.agents.vision_agent - INFO - VisionAgent starting analysis.
2026-07-30 21:03:23 - app.services.yolo_service - INFO - Running YOLO inference...
2026-07-30 21:03:23 - app.services.yolo_service - INFO - No potholes detected in the image.
2026-07-30 21:03:23 - app.agents.vision_agent - INFO - VisionAgent analysis complete. Found 0 items.
2026-07-30 21:03:24 - app.agents.vision_agent - INFO - VisionAgent starting analysis.
2026-07-30 21:03:24 - app.services.yolo_service - INFO - Running YOLO inference...
2026-07-30 21:03:24 - app.services.yolo_service - INFO - No potholes detected in the image.
2026-07-30 21:03:24 - app.agents.vision_agent - INFO - VisionAgent analysis complete. Found 0 items.
2026-07-30 21:03:25 - app.agents.vision_agent - INFO - VisionAgent starting analysis.
2026-07-30 21:03:25 - app.services.yolo_service - INFO - Running YOLO inference...
2026-07-30 21:03:25 - app.services.yolo_service - INFO - No potholes detected in the image.
2026-07-30 21:03:25 - app.agents.vision_agent - INFO - VisionAgent analysis complete. Found 0 items.
2026-07-30 21:03:26 - app.agents.vision_agent - INFO - VisionAgent starting analysis.
2026-07-30 21:03:26 - app.services.yolo_service - INFO - Running YOLO inference...
2026-07-30 21:03:26 - app.services.yolo_service - INFO - No potholes detected in the image.
2026-07-30 21:03:26 - app.agents.vision_agent - INFO - VisionAgent analysis complete. Found 0 items.
2026-07-30 21:03:27 - app.agents.vision_agent - INFO - VisionAgent starting analysis.
2026-07-30 21:03:27 - app.services.yolo_service - INFO - Running YOLO inference...
2026-07-30 21:03:27 - app.services.yolo_service - INFO - No potholes detected in the image.
2026-07-30 21:03:27 - app.agents.vision_agent - INFO - VisionAgent analysis complete. Found 0 items.
2026-07-30 21:03:28 - app.agents.vision_agent - INFO - VisionAgent starting analysis.
2026-07-30 21:03:28 - app.services.yolo_service - INFO - Running YOLO inference...
2026-07-30 21:03:28 - app.services.yolo_service - INFO - No potholes detected in the image.
2026-07-30 21:03:28 - app.agents.vision_agent - INFO - VisionAgent analysis complete. Found 0 items.
2026-07-30 21:03:29 - app.agents.vision_agent - INFO - VisionAgent starting analysis.
2026-07-30 21:03:29 - app.services.yolo_service - INFO - Running YOLO inference...
2026-07-30 21:03:29 - app.services.yolo_service - INFO - No potholes detected in the image.
2026-07-30 21:03:29 - app.agents.vision_agent - INFO - VisionAgent analysis complete. Found 0 items.
2026-07-30 21:03:30 - app.agents.vision_agent - INFO - VisionAgent starting analysis.
2026-07-30 21:03:30 - app.services.yolo_service - INFO - Running YOLO inference...
2026-07-30 21:03:31 - app.services.yolo_service - INFO - No potholes detected in the image.
2026-07-30 21:03:31 - app.agents.vision_agent - INFO - VisionAgent analysis complete. Found 0 items.
2026-07-30 21:03:31 - app.agents.vision_agent - INFO - VisionAgent starting analysis.
2026-07-30 21:03:31 - app.services.yolo_service - INFO - Running YOLO inference...
2026-07-30 21:03:32 - app.services.yolo_service - INFO - No potholes detected in the image.
2026-07-30 21:03:32 - app.agents.vision_agent - INFO - VisionAgent analysis complete. Found 0 items.
2026-07-30 21:03:32 - app.agents.vision_agent - INFO - VisionAgent starting analysis.
2026-07-30 21:03:32 - app.services.yolo_service - INFO - Running YOLO inference...
2026-07-30 21:03:33 - app.services.yolo_service - INFO - No potholes detected in the image.
2026-07-30 21:03:33 - app.agents.vision_agent - INFO - VisionAgent analysis complete. Found 0 items.
2026-07-30 21:03:34 - app.agents.vision_agent - INFO - VisionAgent starting analysis.
2026-07-30 21:03:34 - app.services.yolo_service - INFO - Running YOLO inference...
2026-07-30 21:03:34 - app.services.yolo_service - INFO - No potholes detected in the image.
2026-07-30 21:03:34 - app.agents.vision_agent - INFO - VisionAgent analysis complete. Found 0 items.
2026-07-30 21:03:35 - app.agents.vision_agent - INFO - VisionAgent starting analysis.
2026-07-30 21:03:35 - app.services.yolo_service - INFO - Running YOLO inference...
2026-07-30 21:03:35 - app.services.yolo_service - INFO - No potholes detected in the image.
2026-07-30 21:03:35 - app.agents.vision_agent - INFO - VisionAgent analysis complete. Found 0 items.
2026-07-30 21:03:36 - app.agents.vision_agent - INFO - VisionAgent starting analysis.
2026-07-30 21:03:36 - app.services.yolo_service - INFO - Running YOLO inference...
2026-07-30 21:03:36 - app.services.yolo_service - INFO - No potholes detected in the image.
2026-07-30 21:03:36 - app.agents.vision_agent - INFO - VisionAgent analysis complete. Found 0 items.
2026-07-30 21:03:37 - app.agents.vision_agent - INFO - VisionAgent starting analysis.
2026-07-30 21:03:37 - app.services.yolo_service - INFO - Running YOLO inference...
2026-07-30 21:03:37 - app.services.yolo_service - INFO - No potholes detected in the image.
2026-07-30 21:03:37 - app.agents.vision_agent - INFO - VisionAgent analysis complete. Found 0 items.
2026-07-30 21:03:38 - app.agents.vision_agent - INFO - VisionAgent starting analysis.
2026-07-30 21:03:38 - app.services.yolo_service - INFO - Running YOLO inference...
2026-07-30 21:03:38 - app.services.yolo_service - INFO - No potholes detected in the image.
2026-07-30 21:03:38 - app.agents.vision_agent - INFO - VisionAgent analysis complete. Found 0 items.
2026-07-30 21:03:39 - app.agents.vision_agent - INFO - VisionAgent starting analysis.
2026-07-30 21:03:39 - app.services.yolo_service - INFO - Running YOLO inference...
2026-07-30 21:03:39 - app.services.yolo_service - INFO - No potholes detected in the image.
2026-07-30 21:03:39 - app.agents.vision_agent - INFO - VisionAgent analysis complete. Found 0 items.
2026-07-30 21:03:40 - app.agents.vision_agent - INFO - VisionAgent starting analysis.
2026-07-30 21:03:40 - app.services.yolo_service - INFO - Running YOLO inference...
2026-07-30 21:03:40 - app.services.yolo_service - INFO - No potholes detected in the image.
2026-07-30 21:03:40 - app.agents.vision_agent - INFO - VisionAgent analysis complete. Found 0 items.
2026-07-30 21:03:41 - app.agents.vision_agent - INFO - VisionAgent starting analysis.
2026-07-30 21:03:41 - app.services.yolo_service - INFO - Running YOLO inference...
2026-07-30 21:03:41 - app.services.yolo_service - INFO - No potholes detected in the image.
2026-07-30 21:03:41 - app.agents.vision_agent - INFO - VisionAgent analysis complete. Found 0 items.
2026-07-30 21:03:42 - app.agents.vision_agent - INFO - VisionAgent starting analysis.
2026-07-30 21:03:42 - app.services.yolo_service - INFO - Running YOLO inference...
2026-07-30 21:03:42 - app.services.yolo_service - INFO - No potholes detected in the image.
2026-07-30 21:03:42 - app.agents.vision_agent - INFO - VisionAgent analysis complete. Found 0 items.
2026-07-30 21:03:43 - app.agents.vision_agent - INFO - VisionAgent starting analysis.
2026-07-30 21:03:43 - app.services.yolo_service - INFO - Running YOLO inference...
2026-07-30 21:03:43 - app.services.yolo_service - INFO - Detected 1 pothole(s).
2026-07-30 21:03:43 - app.agents.vision_agent - INFO - VisionAgent analysis complete. Found 1 items.
2026-07-30 21:03:44 - app.agents.vision_agent - INFO - VisionAgent starting analysis.
2026-07-30 21:03:44 - app.services.yolo_service - INFO - Running YOLO inference...
2026-07-30 21:03:44 - app.services.yolo_service - INFO - No potholes detected in the image.
2026-07-30 21:03:44 - app.agents.vision_agent - INFO - VisionAgent analysis complete. Found 0 items.
2026-07-30 21:03:45 - app.agents.vision_agent - INFO - VisionAgent starting analysis.
2026-07-30 21:03:45 - app.services.yolo_service - INFO - Running YOLO inference...
2026-07-30 21:03:45 - app.services.yolo_service - INFO - No potholes detected in the image.
2026-07-30 21:03:45 - app.agents.vision_agent - INFO - VisionAgent analysis complete. Found 0 items.
2026-07-30 21:03:46 - app.agents.vision_agent - INFO - VisionAgent starting analysis.
2026-07-30 21:03:46 - app.services.yolo_service - INFO - Running YOLO inference...
2026-07-30 21:03:46 - app.services.yolo_service - INFO - No potholes detected in the image.
2026-07-30 21:03:46 - app.agents.vision_agent - INFO - VisionAgent analysis complete. Found 0 items.
2026-07-30 21:03:47 - app.agents.vision_agent - INFO - VisionAgent starting analysis.
2026-07-30 21:03:47 - app.services.yolo_service - INFO - Running YOLO inference...
2026-07-30 21:03:48 - app.services.yolo_service - INFO - No potholes detected in the image.
2026-07-30 21:03:48 - app.agents.vision_agent - INFO - VisionAgent analysis complete. Found 0 items.
2026-07-30 21:03:48 - app.agents.vision_agent - INFO - VisionAgent starting analysis.
2026-07-30 21:03:48 - app.services.yolo_service - INFO - Running YOLO inference...
2026-07-30 21:03:49 - app.services.yolo_service - INFO - No potholes detected in the image.
2026-07-30 21:03:49 - app.agents.vision_agent - INFO - VisionAgent analysis complete. Found 0 items.
2026-07-30 21:03:50 - app.agents.vision_agent - INFO - VisionAgent starting analysis.
2026-07-30 21:03:50 - app.services.yolo_service - INFO - Running YOLO inference...
2026-07-30 21:03:50 - app.services.yolo_service - INFO - No potholes detected in the image.
2026-07-30 21:03:50 - app.agents.vision_agent - INFO - VisionAgent analysis complete. Found 0 items.
2026-07-30 21:03:51 - app.agents.vision_agent - INFO - VisionAgent starting analysis.
2026-07-30 21:03:51 - app.services.yolo_service - INFO - Running YOLO inference...
2026-07-30 21:03:51 - app.services.yolo_service - INFO - No potholes detected in the image.
2026-07-30 21:03:51 - app.agents.vision_agent - INFO - VisionAgent analysis complete. Found 0 items.
2026-07-30 21:03:52 - app.agents.vision_agent - INFO - VisionAgent starting analysis.
2026-07-30 21:03:52 - app.services.yolo_service - INFO - Running YOLO inference...
2026-07-30 21:03:52 - app.services.yolo_service - INFO - No potholes detected in the image.
2026-07-30 21:03:52 - app.agents.vision_agent - INFO - VisionAgent analysis complete. Found 0 items.
2026-07-30 21:03:53 - app.agents.vision_agent - INFO - VisionAgent starting analysis.
2026-07-30 21:03:53 - app.services.yolo_service - INFO - Running YOLO inference...
2026-07-30 21:03:53 - app.services.yolo_service - INFO - Detected 1 pothole(s).
2026-07-30 21:03:53 - app.agents.vision_agent - INFO - VisionAgent analysis complete. Found 1 items.
2026-07-30 21:03:54 - app.agents.vision_agent - INFO - VisionAgent starting analysis.
2026-07-30 21:03:54 - app.services.yolo_service - INFO - Running YOLO inference...
2026-07-30 21:03:54 - app.services.yolo_service - INFO - Detected 1 pothole(s).
2026-07-30 21:03:54 - app.agents.vision_agent - INFO - VisionAgent analysis complete. Found 1 items.
2026-07-30 21:03:55 - app.agents.vision_agent - INFO - VisionAgent starting analysis.
2026-07-30 21:03:55 - app.services.yolo_service - INFO - Running YOLO inference...
2026-07-30 21:03:55 - app.services.yolo_service - INFO - Detected 1 pothole(s).
2026-07-30 21:03:55 - app.agents.vision_agent - INFO - VisionAgent analysis complete. Found 1 items.
2026-07-30 21:03:56 - app.agents.vision_agent - INFO - VisionAgent starting analysis.
2026-07-30 21:03:56 - app.services.yolo_service - INFO - Running YOLO inference...
2026-07-30 21:03:56 - app.services.yolo_service - INFO - Detected 1 pothole(s).
2026-07-30 21:03:56 - app.agents.vision_agent - INFO - VisionAgent analysis complete. Found 1 items.
2026-07-30 21:03:57 - app.agents.vision_agent - INFO - VisionAgent starting analysis.
2026-07-30 21:03:57 - app.services.yolo_service - INFO - Running YOLO inference...
2026-07-30 21:03:57 - app.services.yolo_service - INFO - No potholes detected in the image.
2026-07-30 21:03:57 - app.agents.vision_agent - INFO - VisionAgent analysis complete. Found 0 items.
2026-07-30 21:03:58 - app.agents.vision_agent - INFO - VisionAgent starting analysis.
2026-07-30 21:03:58 - app.services.yolo_service - INFO - Running YOLO inference...
2026-07-30 21:03:58 - app.services.yolo_service - INFO - No potholes detected in the image.
2026-07-30 21:03:58 - app.agents.vision_agent - INFO - VisionAgent analysis complete. Found 0 items.
2026-07-30 21:03:59 - app.agents.vision_agent - INFO - VisionAgent starting analysis.
2026-07-30 21:03:59 - app.services.yolo_service - INFO - Running YOLO inference...
2026-07-30 21:03:59 - app.services.yolo_service - INFO - No potholes detected in the image.
2026-07-30 21:03:59 - app.agents.vision_agent - INFO - VisionAgent analysis complete. Found 0 items.
2026-07-30 21:04:00 - app.agents.vision_agent - INFO - VisionAgent starting analysis.
2026-07-30 21:04:00 - app.services.yolo_service - INFO - Running YOLO inference...
2026-07-30 21:04:00 - app.services.yolo_service - INFO - No potholes detected in the image.
2026-07-30 21:04:00 - app.agents.vision_agent - INFO - VisionAgent analysis complete. Found 0 items.
2026-07-30 21:04:01 - app.agents.vision_agent - INFO - VisionAgent starting analysis.
2026-07-30 21:04:01 - app.services.yolo_service - INFO - Running YOLO inference...
2026-07-30 21:04:02 - app.services.yolo_service - INFO - No potholes detected in the image.
2026-07-30 21:04:02 - app.agents.vision_agent - INFO - VisionAgent analysis complete. Found 0 items.
2026-07-30 21:04:02 - app.agents.vision_agent - INFO - VisionAgent starting analysis.
2026-07-30 21:04:02 - app.services.yolo_service - INFO - Running YOLO inference...
2026-07-30 21:04:03 - app.services.yolo_service - INFO - No potholes detected in the image.
2026-07-30 21:04:03 - app.agents.vision_agent - INFO - VisionAgent analysis complete. Found 0 items.
2026-07-30 21:04:03 - app.agents.vision_agent - INFO - VisionAgent starting analysis.
2026-07-30 21:04:03 - app.services.yolo_service - INFO - Running YOLO inference...
2026-07-30 21:04:04 - app.services.yolo_service - INFO - No potholes detected in the image.
2026-07-30 21:04:04 - app.agents.vision_agent - INFO - VisionAgent analysis complete. Found 0 items.
2026-07-30 21:04:05 - app.agents.vision_agent - INFO - VisionAgent starting analysis.
2026-07-30 21:04:05 - app.services.yolo_service - INFO - Running YOLO inference...
2026-07-30 21:04:05 - app.services.yolo_service - INFO - No potholes detected in the image.
2026-07-30 21:04:05 - app.agents.vision_agent - INFO - VisionAgent analysis complete. Found 0 items.
2026-07-30 21:04:06 - app.agents.vision_agent - INFO - VisionAgent starting analysis.
2026-07-30 21:04:06 - app.services.yolo_service - INFO - Running YOLO inference...
2026-07-30 21:04:06 - app.services.yolo_service - INFO - No potholes detected in the image.
2026-07-30 21:04:06 - app.agents.vision_agent - INFO - VisionAgent analysis complete. Found 0 items.
2026-07-30 21:04:07 - app.agents.vision_agent - INFO - VisionAgent starting analysis.
2026-07-30 21:04:07 - app.services.yolo_service - INFO - Running YOLO inference...
2026-07-30 21:04:07 - app.services.yolo_service - INFO - No potholes detected in the image.
2026-07-30 21:04:07 - app.agents.vision_agent - INFO - VisionAgent analysis complete. Found 0 items.
2026-07-30 21:04:08 - app.agents.vision_agent - INFO - VisionAgent starting analysis.
2026-07-30 21:04:08 - app.services.yolo_service - INFO - Running YOLO inference...
2026-07-30 21:04:08 - app.services.yolo_service - INFO - No potholes detected in the image.
2026-07-30 21:04:08 - app.agents.vision_agent - INFO - VisionAgent analysis complete. Found 0 items.
2026-07-30 21:04:09 - app.agents.vision_agent - INFO - VisionAgent starting analysis.
2026-07-30 21:04:09 - app.services.yolo_service - INFO - Running YOLO inference...
2026-07-30 21:04:09 - app.services.yolo_service - INFO - No potholes detected in the image.
2026-07-30 21:04:09 - app.agents.vision_agent - INFO - VisionAgent analysis complete. Found 0 items.
2026-07-30 21:04:10 - app.agents.vision_agent - INFO - VisionAgent starting analysis.
2026-07-30 21:04:10 - app.services.yolo_service - INFO - Running YOLO inference...
2026-07-30 21:04:10 - app.services.yolo_service - INFO - No potholes detected in the image.
2026-07-30 21:04:10 - app.agents.vision_agent - INFO - VisionAgent analysis complete. Found 0 items.
2026-07-30 21:04:11 - app.agents.vision_agent - INFO - VisionAgent starting analysis.
2026-07-30 21:04:11 - app.services.yolo_service - INFO - Running YOLO inference...
2026-07-30 21:04:11 - app.services.yolo_service - INFO - No potholes detected in the image.
2026-07-30 21:04:11 - app.agents.vision_agent - INFO - VisionAgent analysis complete. Found 0 items.
2026-07-30 21:04:12 - app.agents.vision_agent - INFO - VisionAgent starting analysis.
2026-07-30 21:04:12 - app.services.yolo_service - INFO - Running YOLO inference...
2026-07-30 21:04:12 - app.services.yolo_service - INFO - No potholes detected in the image.
2026-07-30 21:04:12 - app.agents.vision_agent - INFO - VisionAgent analysis complete. Found 0 items.
2026-07-30 21:04:13 - app.agents.vision_agent - INFO - VisionAgent starting analysis.
2026-07-30 21:04:13 - app.services.yolo_service - INFO - Running YOLO inference...
2026-07-30 21:04:13 - app.services.yolo_service - INFO - No potholes detected in the image.
2026-07-30 21:04:13 - app.agents.vision_agent - INFO - VisionAgent analysis complete. Found 0 items.
2026-07-30 21:04:14 - app.agents.vision_agent - INFO - VisionAgent starting analysis.
2026-07-30 21:04:14 - app.services.yolo_service - INFO - Running YOLO inference...
2026-07-30 21:04:14 - app.services.yolo_service - INFO - No potholes detected in the image.
2026-07-30 21:04:14 - app.agents.vision_agent - INFO - VisionAgent analysis complete. Found 0 items.
2026-07-30 21:04:15 - app.agents.vision_agent - INFO - VisionAgent starting analysis.
2026-07-30 21:04:15 - app.services.yolo_service - INFO - Running YOLO inference...
2026-07-30 21:04:15 - app.services.yolo_service - INFO - No potholes detected in the image.
2026-07-30 21:04:15 - app.agents.vision_agent - INFO - VisionAgent analysis complete. Found 0 items.
2026-07-30 21:04:16 - app.agents.vision_agent - INFO - VisionAgent starting analysis.
2026-07-30 21:04:16 - app.services.yolo_service - INFO - Running YOLO inference...
2026-07-30 21:04:16 - app.services.yolo_service - INFO - No potholes detected in the image.
2026-07-30 21:04:16 - app.agents.vision_agent - INFO - VisionAgent analysis complete. Found 0 items.
2026-07-30 21:04:17 - app.agents.vision_agent - INFO - VisionAgent starting analysis.
2026-07-30 21:04:17 - app.services.yolo_service - INFO - Running YOLO inference...
2026-07-30 21:04:18 - app.services.yolo_service - INFO - Detected 1 pothole(s).
2026-07-30 21:04:18 - app.agents.vision_agent - INFO - VisionAgent analysis complete. Found 1 items.
2026-07-30 21:04:19 - app.agents.vision_agent - INFO - VisionAgent starting analysis.
2026-07-30 21:04:19 - app.services.yolo_service - INFO - Running YOLO inference...
2026-07-30 21:04:19 - app.services.yolo_service - INFO - Detected 1 pothole(s).
2026-07-30 21:04:19 - app.agents.vision_agent - INFO - VisionAgent analysis complete. Found 1 items.
2026-07-30 21:04:20 - app.agents.vision_agent - INFO - VisionAgent starting analysis.
2026-07-30 21:04:20 - app.services.yolo_service - INFO - Running YOLO inference...
2026-07-30 21:04:20 - app.services.yolo_service - INFO - No potholes detected in the image.
2026-07-30 21:04:20 - app.agents.vision_agent - INFO - VisionAgent analysis complete. Found 0 items.
2026-07-30 21:04:21 - app.agents.vision_agent - INFO - VisionAgent starting analysis.
2026-07-30 21:04:21 - app.services.yolo_service - INFO - Running YOLO inference...
2026-07-30 21:04:21 - app.services.yolo_service - INFO - No potholes detected in the image.
2026-07-30 21:04:21 - app.agents.vision_agent - INFO - VisionAgent analysis complete. Found 0 items.
2026-07-30 21:04:22 - app.agents.vision_agent - INFO - VisionAgent starting analysis.
2026-07-30 21:04:22 - app.services.yolo_service - INFO - Running YOLO inference...
2026-07-30 21:04:22 - app.services.yolo_service - INFO - No potholes detected in the image.
2026-07-30 21:04:22 - app.agents.vision_agent - INFO - VisionAgent analysis complete. Found 0 items.
2026-07-30 21:04:23 - app.agents.vision_agent - INFO - VisionAgent starting analysis.
2026-07-30 21:04:23 - app.services.yolo_service - INFO - Running YOLO inference...
2026-07-30 21:04:23 - app.services.yolo_service - INFO - No potholes detected in the image.
2026-07-30 21:04:23 - app.agents.vision_agent - INFO - VisionAgent analysis complete. Found 0 items.
2026-07-30 21:04:24 - app.agents.vision_agent - INFO - VisionAgent starting analysis.
2026-07-30 21:04:24 - app.services.yolo_service - INFO - Running YOLO inference...
2026-07-30 21:04:24 - app.services.yolo_service - INFO - No potholes detected in the image.
2026-07-30 21:04:24 - app.agents.vision_agent - INFO - VisionAgent analysis complete. Found 0 items.
2026-07-30 21:04:25 - app.agents.vision_agent - INFO - VisionAgent starting analysis.
2026-07-30 21:04:25 - app.services.yolo_service - INFO - Running YOLO inference...
2026-07-30 21:04:25 - app.services.yolo_service - INFO - No potholes detected in the image.
2026-07-30 21:04:25 - app.agents.vision_agent - INFO - VisionAgent analysis complete. Found 0 items.
2026-07-30 21:04:26 - app.agents.vision_agent - INFO - VisionAgent starting analysis.
2026-07-30 21:04:26 - app.services.yolo_service - INFO - Running YOLO inference...
2026-07-30 21:04:26 - app.services.yolo_service - INFO - No potholes detected in the image.
2026-07-30 21:04:26 - app.agents.vision_agent - INFO - VisionAgent analysis complete. Found 0 items.
2026-07-30 21:04:27 - app.agents.vision_agent - INFO - VisionAgent starting analysis.
2026-07-30 21:04:27 - app.services.yolo_service - INFO - Running YOLO inference...
2026-07-30 21:04:27 - app.services.yolo_service - INFO - No potholes detected in the image.
2026-07-30 21:04:27 - app.agents.vision_agent - INFO - VisionAgent analysis complete. Found 0 items.
2026-07-30 21:04:28 - app.agents.vision_agent - INFO - VisionAgent starting analysis.
2026-07-30 21:04:28 - app.services.yolo_service - INFO - Running YOLO inference...
2026-07-30 21:04:28 - app.services.yolo_service - INFO - No potholes detected in the image.
2026-07-30 21:04:28 - app.agents.vision_agent - INFO - VisionAgent analysis complete. Found 0 items.
2026-07-30 21:04:29 - app.agents.vision_agent - INFO - VisionAgent starting analysis.
2026-07-30 21:04:29 - app.services.yolo_service - INFO - Running YOLO inference...
2026-07-30 21:04:29 - app.services.yolo_service - INFO - No potholes detected in the image.
2026-07-30 21:04:29 - app.agents.vision_agent - INFO - VisionAgent analysis complete. Found 0 items.
2026-07-30 21:04:30 - app.agents.vision_agent - INFO - VisionAgent starting analysis.
2026-07-30 21:04:30 - app.services.yolo_service - INFO - Running YOLO inference...
2026-07-30 21:04:30 - app.services.yolo_service - INFO - No potholes detected in the image.
2026-07-30 21:04:30 - app.agents.vision_agent - INFO - VisionAgent analysis complete. Found 0 items.
2026-07-30 21:04:31 - app.agents.vision_agent - INFO - VisionAgent starting analysis.
2026-07-30 21:04:31 - app.services.yolo_service - INFO - Running YOLO inference...
2026-07-30 21:04:31 - app.services.yolo_service - INFO - No potholes detected in the image.
2026-07-30 21:04:31 - app.agents.vision_agent - INFO - VisionAgent analysis complete. Found 0 items.
2026-07-30 21:04:32 - app.agents.vision_agent - INFO - VisionAgent starting analysis.
2026-07-30 21:04:32 - app.services.yolo_service - INFO - Running YOLO inference...
2026-07-30 21:04:32 - app.services.yolo_service - INFO - No potholes detected in the image.
2026-07-30 21:04:32 - app.agents.vision_agent - INFO - VisionAgent analysis complete. Found 0 items.
2026-07-30 21:04:33 - app.agents.vision_agent - INFO - VisionAgent starting analysis.
2026-07-30 21:04:33 - app.services.yolo_service - INFO - Running YOLO inference...
2026-07-30 21:04:34 - app.services.yolo_service - INFO - No potholes detected in the image.
2026-07-30 21:04:34 - app.agents.vision_agent - INFO - VisionAgent analysis complete. Found 0 items.
2026-07-30 21:04:34 - app.agents.vision_agent - INFO - VisionAgent starting analysis.
2026-07-30 21:04:34 - app.services.yolo_service - INFO - Running YOLO inference...
2026-07-30 21:04:35 - app.services.yolo_service - INFO - No potholes detected in the image.
2026-07-30 21:04:35 - app.agents.vision_agent - INFO - VisionAgent analysis complete. Found 0 items.
2026-07-30 21:04:36 - app.agents.vision_agent - INFO - VisionAgent starting analysis.
2026-07-30 21:04:36 - app.services.yolo_service - INFO - Running YOLO inference...
2026-07-30 21:04:36 - app.services.yolo_service - INFO - No potholes detected in the image.
2026-07-30 21:04:36 - app.agents.vision_agent - INFO - VisionAgent analysis complete. Found 0 items.
2026-07-30 21:04:37 - app.agents.vision_agent - INFO - VisionAgent starting analysis.
2026-07-30 21:04:37 - app.services.yolo_service - INFO - Running YOLO inference...
2026-07-30 21:04:37 - app.services.yolo_service - INFO - No potholes detected in the image.
2026-07-30 21:04:37 - app.agents.vision_agent - INFO - VisionAgent analysis complete. Found 0 items.
2026-07-30 21:04:38 - app.agents.vision_agent - INFO - VisionAgent starting analysis.
2026-07-30 21:04:38 - app.services.yolo_service - INFO - Running YOLO inference...
2026-07-30 21:04:38 - app.services.yolo_service - INFO - No potholes detected in the image.
2026-07-30 21:04:38 - app.agents.vision_agent - INFO - VisionAgent analysis complete. Found 0 items.
2026-07-30 21:04:39 - app.agents.vision_agent - INFO - VisionAgent starting analysis.
2026-07-30 21:04:39 - app.services.yolo_service - INFO - Running YOLO inference...
2026-07-30 21:04:39 - app.services.yolo_service - INFO - No potholes detected in the image.
2026-07-30 21:04:39 - app.agents.vision_agent - INFO - VisionAgent analysis complete. Found 0 items.
2026-07-30 21:04:40 - app.agents.vision_agent - INFO - VisionAgent starting analysis.
2026-07-30 21:04:40 - app.services.yolo_service - INFO - Running YOLO inference...
2026-07-30 21:04:40 - app.services.yolo_service - INFO - No potholes detected in the image.
2026-07-30 21:04:40 - app.agents.vision_agent - INFO - VisionAgent analysis complete. Found 0 items.
2026-07-30 21:04:41 - app.agents.vision_agent - INFO - VisionAgent starting analysis.
2026-07-30 21:04:41 - app.services.yolo_service - INFO - Running YOLO inference...
2026-07-30 21:04:41 - app.services.yolo_service - INFO - No potholes detected in the image.
2026-07-30 21:04:41 - app.agents.vision_agent - INFO - VisionAgent analysis complete. Found 0 items.
2026-07-30 21:04:42 - app.agents.vision_agent - INFO - VisionAgent starting analysis.
2026-07-30 21:04:42 - app.services.yolo_service - INFO - Running YOLO inference...
2026-07-30 21:04:42 - app.services.yolo_service - INFO - Detected 1 pothole(s).
2026-07-30 21:04:42 - app.agents.vision_agent - INFO - VisionAgent analysis complete. Found 1 items.
2026-07-30 21:04:43 - app.agents.vision_agent - INFO - VisionAgent starting analysis.
2026-07-30 21:04:43 - app.services.yolo_service - INFO - Running YOLO inference...
2026-07-30 21:04:43 - app.services.yolo_service - INFO - Detected 1 pothole(s).
2026-07-30 21:04:43 - app.agents.vision_agent - INFO - VisionAgent analysis complete. Found 1 items.
2026-07-30 21:04:44 - app.agents.vision_agent - INFO - VisionAgent starting analysis.
2026-07-30 21:04:44 - app.services.yolo_service - INFO - Running YOLO inference...
2026-07-30 21:04:44 - app.services.yolo_service - INFO - No potholes detected in the image.
2026-07-30 21:04:44 - app.agents.vision_agent - INFO - VisionAgent analysis complete. Found 0 items.
2026-07-30 21:04:45 - app.agents.vision_agent - INFO - VisionAgent starting analysis.
2026-07-30 21:04:45 - app.services.yolo_service - INFO - Running YOLO inference...
2026-07-30 21:04:45 - app.services.yolo_service - INFO - No potholes detected in the image.
2026-07-30 21:04:45 - app.agents.vision_agent - INFO - VisionAgent analysis complete. Found 0 items.
2026-07-30 21:04:46 - app.agents.vision_agent - INFO - VisionAgent starting analysis.
2026-07-30 21:04:46 - app.services.yolo_service - INFO - Running YOLO inference...
2026-07-30 21:04:46 - app.services.yolo_service - INFO - No potholes detected in the image.
2026-07-30 21:04:46 - app.agents.vision_agent - INFO - VisionAgent analysis complete. Found 0 items.
2026-07-30 21:04:47 - app.agents.vision_agent - INFO - VisionAgent starting analysis.
2026-07-30 21:04:47 - app.services.yolo_service - INFO - Running YOLO inference...
2026-07-30 21:04:48 - app.services.yolo_service - INFO - No potholes detected in the image.
2026-07-30 21:04:48 - app.agents.vision_agent - INFO - VisionAgent analysis complete. Found 0 items.
2026-07-30 21:04:48 - app.agents.vision_agent - INFO - VisionAgent starting analysis.
2026-07-30 21:04:48 - app.services.yolo_service - INFO - Running YOLO inference...
2026-07-30 21:04:49 - app.services.yolo_service - INFO - No potholes detected in the image.
2026-07-30 21:04:49 - app.agents.vision_agent - INFO - VisionAgent analysis complete. Found 0 items.
2026-07-30 21:04:49 - app.agents.vision_agent - INFO - VisionAgent starting analysis.
2026-07-30 21:04:49 - app.services.yolo_service - INFO - Running YOLO inference...
2026-07-30 21:04:50 - app.services.yolo_service - INFO - No potholes detected in the image.
2026-07-30 21:04:50 - app.agents.vision_agent - INFO - VisionAgent analysis complete. Found 0 items.
2026-07-30 21:04:51 - app.agents.vision_agent - INFO - VisionAgent starting analysis.
2026-07-30 21:04:51 - app.services.yolo_service - INFO - Running YOLO inference...
2026-07-30 21:04:51 - app.services.yolo_service - INFO - No potholes detected in the image.
2026-07-30 21:04:51 - app.agents.vision_agent - INFO - VisionAgent analysis complete. Found 0 items.
2026-07-30 21:04:52 - app.agents.vision_agent - INFO - VisionAgent starting analysis.
2026-07-30 21:04:52 - app.services.yolo_service - INFO - Running YOLO inference...
2026-07-30 21:04:52 - app.services.yolo_service - INFO - No potholes detected in the image.
2026-07-30 21:04:52 - app.agents.vision_agent - INFO - VisionAgent analysis complete. Found 0 items.
2026-07-30 21:04:53 - app.agents.vision_agent - INFO - VisionAgent starting analysis.
2026-07-30 21:04:53 - app.services.yolo_service - INFO - Running YOLO inference...
2026-07-30 21:04:53 - app.services.yolo_service - INFO - No potholes detected in the image.
2026-07-30 21:04:53 - app.agents.vision_agent - INFO - VisionAgent analysis complete. Found 0 items.
2026-07-30 21:04:54 - app.agents.vision_agent - INFO - VisionAgent starting analysis.
2026-07-30 21:04:54 - app.services.yolo_service - INFO - Running YOLO inference...
2026-07-30 21:04:54 - app.services.yolo_service - INFO - No potholes detected in the image.
2026-07-30 21:04:54 - app.agents.vision_agent - INFO - VisionAgent analysis complete. Found 0 items.
2026-07-30 21:04:55 - app.agents.vision_agent - INFO - VisionAgent starting analysis.
2026-07-30 21:04:55 - app.services.yolo_service - INFO - Running YOLO inference...
2026-07-30 21:04:55 - app.services.yolo_service - INFO - No potholes detected in the image.
2026-07-30 21:04:55 - app.agents.vision_agent - INFO - VisionAgent analysis complete. Found 0 items.
2026-07-30 21:04:56 - app.agents.vision_agent - INFO - VisionAgent starting analysis.
2026-07-30 21:04:56 - app.services.yolo_service - INFO - Running YOLO inference...
2026-07-30 21:04:56 - app.services.yolo_service - INFO - No potholes detected in the image.
2026-07-30 21:04:56 - app.agents.vision_agent - INFO - VisionAgent analysis complete. Found 0 items.
2026-07-30 21:04:57 - app.agents.vision_agent - INFO - VisionAgent starting analysis.
2026-07-30 21:04:57 - app.services.yolo_service - INFO - Running YOLO inference...
2026-07-30 21:04:57 - app.services.yolo_service - INFO - No potholes detected in the image.
2026-07-30 21:04:57 - app.agents.vision_agent - INFO - VisionAgent analysis complete. Found 0 items.
2026-07-30 21:04:58 - app.agents.vision_agent - INFO - VisionAgent starting analysis.
2026-07-30 21:04:58 - app.services.yolo_service - INFO - Running YOLO inference...
2026-07-30 21:04:58 - app.services.yolo_service - INFO - No potholes detected in the image.
2026-07-30 21:04:58 - app.agents.vision_agent - INFO - VisionAgent analysis complete. Found 0 items.
2026-07-30 21:04:59 - app.agents.vision_agent - INFO - VisionAgent starting analysis.
2026-07-30 21:04:59 - app.services.yolo_service - INFO - Running YOLO inference...
2026-07-30 21:04:59 - app.services.yolo_service - INFO - No potholes detected in the image.
2026-07-30 21:04:59 - app.agents.vision_agent - INFO - VisionAgent analysis complete. Found 0 items.
2026-07-30 21:05:00 - app.agents.vision_agent - INFO - VisionAgent starting analysis.
2026-07-30 21:05:00 - app.services.yolo_service - INFO - Running YOLO inference...
2026-07-30 21:05:00 - app.services.yolo_service - INFO - No potholes detected in the image.
2026-07-30 21:05:00 - app.agents.vision_agent - INFO - VisionAgent analysis complete. Found 0 items.
2026-07-30 21:05:01 - app.agents.vision_agent - INFO - VisionAgent starting analysis.
2026-07-30 21:05:01 - app.services.yolo_service - INFO - Running YOLO inference...
2026-07-30 21:05:01 - app.services.yolo_service - INFO - No potholes detected in the image.
2026-07-30 21:05:01 - app.agents.vision_agent - INFO - VisionAgent analysis complete. Found 0 items.
2026-07-30 21:05:02 - app.agents.vision_agent - INFO - VisionAgent starting analysis.
2026-07-30 21:05:02 - app.services.yolo_service - INFO - Running YOLO inference...
2026-07-30 21:05:03 - app.services.yolo_service - INFO - No potholes detected in the image.
2026-07-30 21:05:03 - app.agents.vision_agent - INFO - VisionAgent analysis complete. Found 0 items.
2026-07-30 21:05:03 - app.agents.vision_agent - INFO - VisionAgent starting analysis.
2026-07-30 21:05:03 - app.services.yolo_service - INFO - Running YOLO inference...
2026-07-30 21:05:04 - app.services.yolo_service - INFO - No potholes detected in the image.
2026-07-30 21:05:04 - app.agents.vision_agent - INFO - VisionAgent analysis complete. Found 0 items.
2026-07-30 21:05:05 - app.agents.vision_agent - INFO - VisionAgent starting analysis.
2026-07-30 21:05:05 - app.services.yolo_service - INFO - Running YOLO inference...
2026-07-30 21:05:05 - app.services.yolo_service - INFO - No potholes detected in the image.
2026-07-30 21:05:05 - app.agents.vision_agent - INFO - VisionAgent analysis complete. Found 0 items.
2026-07-30 21:05:06 - app.agents.vision_agent - INFO - VisionAgent starting analysis.
2026-07-30 21:05:06 - app.services.yolo_service - INFO - Running YOLO inference...
2026-07-30 21:05:06 - app.services.yolo_service - INFO - No potholes detected in the image.
2026-07-30 21:05:06 - app.agents.vision_agent - INFO - VisionAgent analysis complete. Found 0 items.
2026-07-30 21:05:07 - app.agents.vision_agent - INFO - VisionAgent starting analysis.
2026-07-30 21:05:07 - app.services.yolo_service - INFO - Running YOLO inference...
2026-07-30 21:05:07 - app.services.yolo_service - INFO - No potholes detected in the image.
2026-07-30 21:05:07 - app.agents.vision_agent - INFO - VisionAgent analysis complete. Found 0 items.
2026-07-30 21:05:08 - app.agents.vision_agent - INFO - VisionAgent starting analysis.
2026-07-30 21:05:08 - app.services.yolo_service - INFO - Running YOLO inference...
2026-07-30 21:05:08 - app.services.yolo_service - INFO - No potholes detected in the image.
2026-07-30 21:05:08 - app.agents.vision_agent - INFO - VisionAgent analysis complete. Found 0 items.
2026-07-30 21:05:09 - app.agents.vision_agent - INFO - VisionAgent starting analysis.
2026-07-30 21:05:09 - app.services.yolo_service - INFO - Running YOLO inference...
2026-07-30 21:05:09 - app.services.yolo_service - INFO - No potholes detected in the image.
2026-07-30 21:05:09 - app.agents.vision_agent - INFO - VisionAgent analysis complete. Found 0 items.
2026-07-30 21:05:10 - app.agents.vision_agent - INFO - VisionAgent starting analysis.
2026-07-30 21:05:10 - app.services.yolo_service - INFO - Running YOLO inference...
2026-07-30 21:05:10 - app.services.yolo_service - INFO - No potholes detected in the image.
2026-07-30 21:05:10 - app.agents.vision_agent - INFO - VisionAgent analysis complete. Found 0 items.
2026-07-30 21:05:11 - app.agents.vision_agent - INFO - VisionAgent starting analysis.
2026-07-30 21:05:11 - app.services.yolo_service - INFO - Running YOLO inference...
2026-07-30 21:05:11 - app.services.yolo_service - INFO - No potholes detected in the image.
2026-07-30 21:05:11 - app.agents.vision_agent - INFO - VisionAgent analysis complete. Found 0 items.
2026-07-30 21:05:12 - app.agents.vision_agent - INFO - VisionAgent starting analysis.
2026-07-30 21:05:12 - app.services.yolo_service - INFO - Running YOLO inference...
2026-07-30 21:05:12 - app.services.yolo_service - INFO - No potholes detected in the image.
2026-07-30 21:05:12 - app.agents.vision_agent - INFO - VisionAgent analysis complete. Found 0 items.
2026-07-30 21:05:13 - app.agents.vision_agent - INFO - VisionAgent starting analysis.
2026-07-30 21:05:13 - app.services.yolo_service - INFO - Running YOLO inference...
2026-07-30 21:05:13 - app.services.yolo_service - INFO - No potholes detected in the image.
2026-07-30 21:05:13 - app.agents.vision_agent - INFO - VisionAgent analysis complete. Found 0 items.
2026-07-30 21:05:14 - app.agents.vision_agent - INFO - VisionAgent starting analysis.
2026-07-30 21:05:14 - app.services.yolo_service - INFO - Running YOLO inference...
2026-07-30 21:05:14 - app.services.yolo_service - INFO - No potholes detected in the image.
2026-07-30 21:05:14 - app.agents.vision_agent - INFO - VisionAgent analysis complete. Found 0 items.
2026-07-30 21:05:15 - app.agents.vision_agent - INFO - VisionAgent starting analysis.
2026-07-30 21:05:15 - app.services.yolo_service - INFO - Running YOLO inference...
2026-07-30 21:05:15 - app.services.yolo_service - INFO - No potholes detected in the image.
2026-07-30 21:05:15 - app.agents.vision_agent - INFO - VisionAgent analysis complete. Found 0 items.
2026-07-30 21:05:16 - app.agents.vision_agent - INFO - VisionAgent starting analysis.
2026-07-30 21:05:16 - app.services.yolo_service - INFO - Running YOLO inference...
2026-07-30 21:05:16 - app.services.yolo_service - INFO - No potholes detected in the image.
2026-07-30 21:05:16 - app.agents.vision_agent - INFO - VisionAgent analysis complete. Found 0 items.
2026-07-30 21:05:17 - app.agents.vision_agent - INFO - VisionAgent starting analysis.
2026-07-30 21:05:17 - app.services.yolo_service - INFO - Running YOLO inference...
2026-07-30 21:05:17 - app.services.yolo_service - INFO - No potholes detected in the image.
2026-07-30 21:05:17 - app.agents.vision_agent - INFO - VisionAgent analysis complete. Found 0 items.
2026-07-30 21:05:18 - app.agents.vision_agent - INFO - VisionAgent starting analysis.
2026-07-30 21:05:18 - app.services.yolo_service - INFO - Running YOLO inference...
2026-07-30 21:05:18 - app.services.yolo_service - INFO - No potholes detected in the image.
2026-07-30 21:05:18 - app.agents.vision_agent - INFO - VisionAgent analysis complete. Found 0 items.
2026-07-30 21:05:19 - app.agents.vision_agent - INFO - VisionAgent starting analysis.
2026-07-30 21:05:19 - app.services.yolo_service - INFO - Running YOLO inference...
2026-07-30 21:05:20 - app.services.yolo_service - INFO - No potholes detected in the image.
2026-07-30 21:05:20 - app.agents.vision_agent - INFO - VisionAgent analysis complete. Found 0 items.
2026-07-30 21:05:20 - app.agents.vision_agent - INFO - VisionAgent starting analysis.
2026-07-30 21:05:20 - app.services.yolo_service - INFO - Running YOLO inference...
2026-07-30 21:05:21 - app.services.yolo_service - INFO - No potholes detected in the image.
2026-07-30 21:05:21 - app.agents.vision_agent - INFO - VisionAgent analysis complete. Found 0 items.
2026-07-30 21:05:22 - app.agents.vision_agent - INFO - VisionAgent starting analysis.
2026-07-30 21:05:22 - app.services.yolo_service - INFO - Running YOLO inference...
2026-07-30 21:05:22 - app.services.yolo_service - INFO - No potholes detected in the image.
2026-07-30 21:05:22 - app.agents.vision_agent - INFO - VisionAgent analysis complete. Found 0 items.
2026-07-30 21:05:23 - app.agents.vision_agent - INFO - VisionAgent starting analysis.
2026-07-30 21:05:23 - app.services.yolo_service - INFO - Running YOLO inference...
2026-07-30 21:05:23 - app.services.yolo_service - INFO - No potholes detected in the image.
2026-07-30 21:05:23 - app.agents.vision_agent - INFO - VisionAgent analysis complete. Found 0 items.
2026-07-30 21:05:24 - app.agents.vision_agent - INFO - VisionAgent starting analysis.
2026-07-30 21:05:24 - app.services.yolo_service - INFO - Running YOLO inference...
2026-07-30 21:05:24 - app.services.yolo_service - INFO - No potholes detected in the image.
2026-07-30 21:05:24 - app.agents.vision_agent - INFO - VisionAgent analysis complete. Found 0 items.
2026-07-30 21:05:25 - app.agents.vision_agent - INFO - VisionAgent starting analysis.
2026-07-30 21:05:25 - app.services.yolo_service - INFO - Running YOLO inference...
2026-07-30 21:05:25 - app.services.yolo_service - INFO - No potholes detected in the image.
2026-07-30 21:05:25 - app.agents.vision_agent - INFO - VisionAgent analysis complete. Found 0 items.
2026-07-30 21:05:26 - app.agents.vision_agent - INFO - VisionAgent starting analysis.
2026-07-30 21:05:26 - app.services.yolo_service - INFO - Running YOLO inference...
2026-07-30 21:05:26 - app.services.yolo_service - INFO - No potholes detected in the image.
2026-07-30 21:05:26 - app.agents.vision_agent - INFO - VisionAgent analysis complete. Found 0 items.
2026-07-30 21:05:27 - app.agents.vision_agent - INFO - VisionAgent starting analysis.
2026-07-30 21:05:27 - app.services.yolo_service - INFO - Running YOLO inference...
2026-07-30 21:05:27 - app.services.yolo_service - INFO - No potholes detected in the image.
2026-07-30 21:05:27 - app.agents.vision_agent - INFO - VisionAgent analysis complete. Found 0 items.
2026-07-30 21:05:28 - app.agents.vision_agent - INFO - VisionAgent starting analysis.
2026-07-30 21:05:28 - app.services.yolo_service - INFO - Running YOLO inference...
2026-07-30 21:05:28 - app.services.yolo_service - INFO - No potholes detected in the image.
2026-07-30 21:05:28 - app.agents.vision_agent - INFO - VisionAgent analysis complete. Found 0 items.
2026-07-30 21:05:29 - app.agents.vision_agent - INFO - VisionAgent starting analysis.
2026-07-30 21:05:29 - app.services.yolo_service - INFO - Running YOLO inference...
2026-07-30 21:05:29 - app.services.yolo_service - INFO - No potholes detected in the image.
2026-07-30 21:05:29 - app.agents.vision_agent - INFO - VisionAgent analysis complete. Found 0 items.
2026-07-30 21:05:30 - app.agents.vision_agent - INFO - VisionAgent starting analysis.
2026-07-30 21:05:30 - app.services.yolo_service - INFO - Running YOLO inference...
2026-07-30 21:05:30 - app.services.yolo_service - INFO - No potholes detected in the image.
2026-07-30 21:05:30 - app.agents.vision_agent - INFO - VisionAgent analysis complete. Found 0 items.
2026-07-30 21:05:31 - app.agents.vision_agent - INFO - VisionAgent starting analysis.
2026-07-30 21:05:31 - app.services.yolo_service - INFO - Running YOLO inference...
2026-07-30 21:05:31 - app.services.yolo_service - INFO - Detected 1 pothole(s).
2026-07-30 21:05:31 - app.agents.vision_agent - INFO - VisionAgent analysis complete. Found 1 items.
2026-07-30 21:05:32 - app.agents.vision_agent - INFO - VisionAgent starting analysis.
2026-07-30 21:05:32 - app.services.yolo_service - INFO - Running YOLO inference...
2026-07-30 21:05:32 - app.services.yolo_service - INFO - No potholes detected in the image.
2026-07-30 21:05:32 - app.agents.vision_agent - INFO - VisionAgent analysis complete. Found 0 items.
2026-07-30 21:05:33 - app.agents.vision_agent - INFO - VisionAgent starting analysis.
2026-07-30 21:05:33 - app.services.yolo_service - INFO - Running YOLO inference...
2026-07-30 21:05:34 - app.services.yolo_service - INFO - Detected 1 pothole(s).
2026-07-30 21:05:34 - app.agents.vision_agent - INFO - VisionAgent analysis complete. Found 1 items.
2026-07-30 21:05:34 - app.agents.vision_agent - INFO - VisionAgent starting analysis.
2026-07-30 21:05:34 - app.services.yolo_service - INFO - Running YOLO inference...
2026-07-30 21:05:35 - app.services.yolo_service - INFO - No potholes detected in the image.
2026-07-30 21:05:35 - app.agents.vision_agent - INFO - VisionAgent analysis complete. Found 0 items.
2026-07-30 21:05:35 - app.agents.vision_agent - INFO - VisionAgent starting analysis.
2026-07-30 21:05:35 - app.services.yolo_service - INFO - Running YOLO inference...
2026-07-30 21:05:36 - app.services.yolo_service - INFO - No potholes detected in the image.
2026-07-30 21:05:36 - app.agents.vision_agent - INFO - VisionAgent analysis complete. Found 0 items.
2026-07-30 21:05:37 - app.agents.vision_agent - INFO - VisionAgent starting analysis.
2026-07-30 21:05:37 - app.services.yolo_service - INFO - Running YOLO inference...
2026-07-30 21:05:37 - app.services.yolo_service - INFO - No potholes detected in the image.
2026-07-30 21:05:37 - app.agents.vision_agent - INFO - VisionAgent analysis complete. Found 0 items.
2026-07-30 21:05:38 - app.agents.vision_agent - INFO - VisionAgent starting analysis.
2026-07-30 21:05:38 - app.services.yolo_service - INFO - Running YOLO inference...
2026-07-30 21:05:38 - app.services.yolo_service - INFO - No potholes detected in the image.
2026-07-30 21:05:38 - app.agents.vision_agent - INFO - VisionAgent analysis complete. Found 0 items.
2026-07-30 21:05:39 - app.agents.vision_agent - INFO - VisionAgent starting analysis.
2026-07-30 21:05:39 - app.services.yolo_service - INFO - Running YOLO inference...
2026-07-30 21:05:39 - app.services.yolo_service - INFO - No potholes detected in the image.
2026-07-30 21:05:39 - app.agents.vision_agent - INFO - VisionAgent analysis complete. Found 0 items.
2026-07-30 21:05:40 - app.agents.vision_agent - INFO - VisionAgent starting analysis.
2026-07-30 21:05:40 - app.services.yolo_service - INFO - Running YOLO inference...
2026-07-30 21:05:40 - app.services.yolo_service - INFO - No potholes detected in the image.
2026-07-30 21:05:40 - app.agents.vision_agent - INFO - VisionAgent analysis complete. Found 0 items.
2026-07-30 21:05:41 - app.agents.vision_agent - INFO - VisionAgent starting analysis.
2026-07-30 21:05:41 - app.services.yolo_service - INFO - Running YOLO inference...
2026-07-30 21:05:41 - app.services.yolo_service - INFO - No potholes detected in the image.
2026-07-30 21:05:41 - app.agents.vision_agent - INFO - VisionAgent analysis complete. Found 0 items.
2026-07-30 21:05:42 - app.agents.vision_agent - INFO - VisionAgent starting analysis.
2026-07-30 21:05:42 - app.services.yolo_service - INFO - Running YOLO inference...
2026-07-30 21:05:42 - app.services.yolo_service - INFO - No potholes detected in the image.
2026-07-30 21:05:42 - app.agents.vision_agent - INFO - VisionAgent analysis complete. Found 0 items.
2026-07-30 21:05:43 - app.agents.vision_agent - INFO - VisionAgent starting analysis.
2026-07-30 21:05:43 - app.services.yolo_service - INFO - Running YOLO inference...
2026-07-30 21:05:43 - app.services.yolo_service - INFO - No potholes detected in the image.
2026-07-30 21:05:43 - app.agents.vision_agent - INFO - VisionAgent analysis complete. Found 0 items.
2026-07-30 21:05:44 - app.agents.vision_agent - INFO - VisionAgent starting analysis.
2026-07-30 21:05:44 - app.services.yolo_service - INFO - Running YOLO inference...
2026-07-30 21:05:44 - app.services.yolo_service - INFO - No potholes detected in the image.
2026-07-30 21:05:44 - app.agents.vision_agent - INFO - VisionAgent analysis complete. Found 0 items.
2026-07-30 21:05:45 - app.agents.vision_agent - INFO - VisionAgent starting analysis.
2026-07-30 21:05:45 - app.services.yolo_service - INFO - Running YOLO inference...
2026-07-30 21:05:45 - app.services.yolo_service - INFO - No potholes detected in the image.
2026-07-30 21:05:45 - app.agents.vision_agent - INFO - VisionAgent analysis complete. Found 0 items.
2026-07-30 21:05:46 - app.agents.vision_agent - INFO - VisionAgent starting analysis.
2026-07-30 21:05:46 - app.services.yolo_service - INFO - Running YOLO inference...
2026-07-30 21:05:46 - app.services.yolo_service - INFO - No potholes detected in the image.
2026-07-30 21:05:46 - app.agents.vision_agent - INFO - VisionAgent analysis complete. Found 0 items.
2026-07-30 21:05:47 - app.agents.vision_agent - INFO - VisionAgent starting analysis.
2026-07-30 21:05:47 - app.services.yolo_service - INFO - Running YOLO inference...
2026-07-30 21:05:47 - app.services.yolo_service - INFO - No potholes detected in the image.
2026-07-30 21:05:47 - app.agents.vision_agent - INFO - VisionAgent analysis complete. Found 0 items.
2026-07-30 21:05:48 - app.agents.vision_agent - INFO - VisionAgent starting analysis.
2026-07-30 21:05:48 - app.services.yolo_service - INFO - Running YOLO inference...
2026-07-30 21:05:48 - app.services.yolo_service - INFO - No potholes detected in the image.
2026-07-30 21:05:48 - app.agents.vision_agent - INFO - VisionAgent analysis complete. Found 0 items.
2026-07-30 21:05:49 - app.agents.vision_agent - INFO - VisionAgent starting analysis.
2026-07-30 21:05:49 - app.services.yolo_service - INFO - Running YOLO inference...
2026-07-30 21:05:49 - app.services.yolo_service - INFO - No potholes detected in the image.
2026-07-30 21:05:49 - app.agents.vision_agent - INFO - VisionAgent analysis complete. Found 0 items.
2026-07-30 21:05:51 - app.agents.vision_agent - INFO - VisionAgent starting analysis.
2026-07-30 21:05:51 - app.services.yolo_service - INFO - Running YOLO inference...
2026-07-30 21:05:51 - app.services.yolo_service - INFO - No potholes detected in the image.
2026-07-30 21:05:51 - app.agents.vision_agent - INFO - VisionAgent analysis complete. Found 0 items.
2026-07-30 21:05:52 - app.agents.vision_agent - INFO - VisionAgent starting analysis.
2026-07-30 21:05:52 - app.services.yolo_service - INFO - Running YOLO inference...
2026-07-30 21:05:52 - app.services.yolo_service - INFO - No potholes detected in the image.
2026-07-30 21:05:52 - app.agents.vision_agent - INFO - VisionAgent analysis complete. Found 0 items.
2026-07-30 21:05:53 - app.agents.vision_agent - INFO - VisionAgent starting analysis.
2026-07-30 21:05:53 - app.services.yolo_service - INFO - Running YOLO inference...
2026-07-30 21:05:53 - app.services.yolo_service - INFO - No potholes detected in the image.
2026-07-30 21:05:53 - app.agents.vision_agent - INFO - VisionAgent analysis complete. Found 0 items.
2026-07-30 21:05:54 - app.agents.vision_agent - INFO - VisionAgent starting analysis.
2026-07-30 21:05:54 - app.services.yolo_service - INFO - Running YOLO inference...
2026-07-30 21:05:54 - app.services.yolo_service - INFO - No potholes detected in the image.
2026-07-30 21:05:54 - app.agents.vision_agent - INFO - VisionAgent analysis complete. Found 0 items.
2026-07-30 21:05:55 - app.agents.vision_agent - INFO - VisionAgent starting analysis.
2026-07-30 21:05:55 - app.services.yolo_service - INFO - Running YOLO inference...
2026-07-30 21:05:55 - app.services.yolo_service - INFO - Detected 1 pothole(s).
2026-07-30 21:05:55 - app.agents.vision_agent - INFO - VisionAgent analysis complete. Found 1 items.
2026-07-30 21:05:56 - app.agents.vision_agent - INFO - VisionAgent starting analysis.
2026-07-30 21:05:56 - app.services.yolo_service - INFO - Running YOLO inference...
2026-07-30 21:05:56 - app.services.yolo_service - INFO - Detected 1 pothole(s).
2026-07-30 21:05:56 - app.agents.vision_agent - INFO - VisionAgent analysis complete. Found 1 items.
2026-07-30 21:05:57 - app.agents.vision_agent - INFO - VisionAgent starting analysis.
2026-07-30 21:05:57 - app.services.yolo_service - INFO - Running YOLO inference...
2026-07-30 21:05:57 - app.services.yolo_service - INFO - No potholes detected in the image.
2026-07-30 21:05:57 - app.agents.vision_agent - INFO - VisionAgent analysis complete. Found 0 items.
2026-07-30 21:05:58 - app.agents.vision_agent - INFO - VisionAgent starting analysis.
2026-07-30 21:05:58 - app.services.yolo_service - INFO - Running YOLO inference...
2026-07-30 21:05:58 - app.services.yolo_service - INFO - No potholes detected in the image.
2026-07-30 21:05:58 - app.agents.vision_agent - INFO - VisionAgent analysis complete. Found 0 items.
2026-07-30 21:05:59 - app.agents.vision_agent - INFO - VisionAgent starting analysis.
2026-07-30 21:05:59 - app.services.yolo_service - INFO - Running YOLO inference...
2026-07-30 21:05:59 - app.services.yolo_service - INFO - No potholes detected in the image.
2026-07-30 21:05:59 - app.agents.vision_agent - INFO - VisionAgent analysis complete. Found 0 items.
2026-07-30 21:06:00 - app.agents.vision_agent - INFO - VisionAgent starting analysis.
2026-07-30 21:06:00 - app.services.yolo_service - INFO - Running YOLO inference...
2026-07-30 21:06:00 - app.services.yolo_service - INFO - No potholes detected in the image.
2026-07-30 21:06:00 - app.agents.vision_agent - INFO - VisionAgent analysis complete. Found 0 items.
2026-07-30 21:06:01 - app.agents.vision_agent - INFO - VisionAgent starting analysis.
2026-07-30 21:06:01 - app.services.yolo_service - INFO - Running YOLO inference...
2026-07-30 21:06:01 - app.services.yolo_service - INFO - No potholes detected in the image.
2026-07-30 21:06:01 - app.agents.vision_agent - INFO - VisionAgent analysis complete. Found 0 items.
2026-07-30 21:06:02 - app.agents.vision_agent - INFO - VisionAgent starting analysis.
2026-07-30 21:06:02 - app.services.yolo_service - INFO - Running YOLO inference...
2026-07-30 21:06:02 - app.services.yolo_service - INFO - No potholes detected in the image.
2026-07-30 21:06:02 - app.agents.vision_agent - INFO - VisionAgent analysis complete. Found 0 items.
2026-07-30 21:06:03 - app.agents.vision_agent - INFO - VisionAgent starting analysis.
2026-07-30 21:06:03 - app.services.yolo_service - INFO - Running YOLO inference...
2026-07-30 21:06:03 - app.services.yolo_service - INFO - No potholes detected in the image.
2026-07-30 21:06:03 - app.agents.vision_agent - INFO - VisionAgent analysis complete. Found 0 items.
2026-07-30 21:06:04 - app.agents.vision_agent - INFO - VisionAgent starting analysis.
2026-07-30 21:06:04 - app.services.yolo_service - INFO - Running YOLO inference...
2026-07-30 21:06:04 - app.services.yolo_service - INFO - No potholes detected in the image.
2026-07-30 21:06:04 - app.agents.vision_agent - INFO - VisionAgent analysis complete. Found 0 items.
2026-07-30 21:06:05 - app.agents.vision_agent - INFO - VisionAgent starting analysis.
2026-07-30 21:06:05 - app.services.yolo_service - INFO - Running YOLO inference...
2026-07-30 21:06:06 - app.services.yolo_service - INFO - No potholes detected in the image.
2026-07-30 21:06:06 - app.agents.vision_agent - INFO - VisionAgent analysis complete. Found 0 items.
2026-07-30 21:06:06 - app.agents.vision_agent - INFO - VisionAgent starting analysis.
2026-07-30 21:06:06 - app.services.yolo_service - INFO - Running YOLO inference...
2026-07-30 21:06:07 - app.services.yolo_service - INFO - No potholes detected in the image.
2026-07-30 21:06:07 - app.agents.vision_agent - INFO - VisionAgent analysis complete. Found 0 items.
2026-07-30 21:06:08 - app.agents.vision_agent - INFO - VisionAgent starting analysis.
2026-07-30 21:06:08 - app.services.yolo_service - INFO - Running YOLO inference...
2026-07-30 21:06:08 - app.services.yolo_service - INFO - No potholes detected in the image.
2026-07-30 21:06:08 - app.agents.vision_agent - INFO - VisionAgent analysis complete. Found 0 items.
2026-07-30 21:06:09 - app.agents.vision_agent - INFO - VisionAgent starting analysis.
2026-07-30 21:06:09 - app.services.yolo_service - INFO - Running YOLO inference...
2026-07-30 21:06:09 - app.services.yolo_service - INFO - No potholes detected in the image.
2026-07-30 21:06:09 - app.agents.vision_agent - INFO - VisionAgent analysis complete. Found 0 items.
2026-07-30 21:06:10 - app.agents.vision_agent - INFO - VisionAgent starting analysis.
2026-07-30 21:06:10 - app.services.yolo_service - INFO - Running YOLO inference...
2026-07-30 21:06:10 - app.services.yolo_service - INFO - No potholes detected in the image.
2026-07-30 21:06:10 - app.agents.vision_agent - INFO - VisionAgent analysis complete. Found 0 items.
2026-07-30 21:06:11 - app.agents.vision_agent - INFO - VisionAgent starting analysis.
2026-07-30 21:06:11 - app.services.yolo_service - INFO - Running YOLO inference...
2026-07-30 21:06:11 - app.services.yolo_service - INFO - No potholes detected in the image.
2026-07-30 21:06:11 - app.agents.vision_agent - INFO - VisionAgent analysis complete. Found 0 items.
2026-07-30 21:06:12 - app.agents.vision_agent - INFO - VisionAgent starting analysis.
2026-07-30 21:06:12 - app.services.yolo_service - INFO - Running YOLO inference...
2026-07-30 21:06:12 - app.services.yolo_service - INFO - No potholes detected in the image.
2026-07-30 21:06:12 - app.agents.vision_agent - INFO - VisionAgent analysis complete. Found 0 items.
2026-07-30 21:06:13 - app.agents.vision_agent - INFO - VisionAgent starting analysis.
2026-07-30 21:06:13 - app.services.yolo_service - INFO - Running YOLO inference...
2026-07-30 21:06:13 - app.services.yolo_service - INFO - No potholes detected in the image.
2026-07-30 21:06:13 - app.agents.vision_agent - INFO - VisionAgent analysis complete. Found 0 items.
2026-07-30 21:06:14 - app.agents.vision_agent - INFO - VisionAgent starting analysis.
2026-07-30 21:06:14 - app.services.yolo_service - INFO - Running YOLO inference...
2026-07-30 21:06:14 - app.services.yolo_service - INFO - No potholes detected in the image.
2026-07-30 21:06:14 - app.agents.vision_agent - INFO - VisionAgent analysis complete. Found 0 items.
2026-07-30 21:06:15 - app.agents.vision_agent - INFO - VisionAgent starting analysis.
2026-07-30 21:06:15 - app.services.yolo_service - INFO - Running YOLO inference...
2026-07-30 21:06:15 - app.services.yolo_service - INFO - No potholes detected in the image.
2026-07-30 21:06:15 - app.agents.vision_agent - INFO - VisionAgent analysis complete. Found 0 items.
2026-07-30 21:06:16 - app.agents.vision_agent - INFO - VisionAgent starting analysis.
2026-07-30 21:06:16 - app.services.yolo_service - INFO - Running YOLO inference...
2026-07-30 21:06:16 - app.services.yolo_service - INFO - No potholes detected in the image.
2026-07-30 21:06:16 - app.agents.vision_agent - INFO - VisionAgent analysis complete. Found 0 items.
2026-07-30 21:06:17 - app.agents.vision_agent - INFO - VisionAgent starting analysis.
2026-07-30 21:06:17 - app.services.yolo_service - INFO - Running YOLO inference...
2026-07-30 21:06:17 - app.services.yolo_service - INFO - No potholes detected in the image.
2026-07-30 21:06:17 - app.agents.vision_agent - INFO - VisionAgent analysis complete. Found 0 items.
2026-07-30 21:06:18 - app.agents.vision_agent - INFO - VisionAgent starting analysis.
2026-07-30 21:06:18 - app.services.yolo_service - INFO - Running YOLO inference...
2026-07-30 21:06:18 - app.services.yolo_service - INFO - No potholes detected in the image.
2026-07-30 21:06:18 - app.agents.vision_agent - INFO - VisionAgent analysis complete. Found 0 items.
2026-07-30 21:06:19 - app.agents.vision_agent - INFO - VisionAgent starting analysis.
2026-07-30 21:06:19 - app.services.yolo_service - INFO - Running YOLO inference...
2026-07-30 21:06:20 - app.services.yolo_service - INFO - Detected 1 pothole(s).
2026-07-30 21:06:20 - app.agents.vision_agent - INFO - VisionAgent analysis complete. Found 1 items.
2026-07-30 21:06:20 - app.agents.vision_agent - INFO - VisionAgent starting analysis.
2026-07-30 21:06:20 - app.services.yolo_service - INFO - Running YOLO inference...
2026-07-30 21:06:21 - app.services.yolo_service - INFO - Detected 1 pothole(s).
2026-07-30 21:06:21 - app.agents.vision_agent - INFO - VisionAgent analysis complete. Found 1 items.
2026-07-30 21:06:21 - app.agents.vision_agent - INFO - VisionAgent starting analysis.
2026-07-30 21:06:22 - app.services.yolo_service - INFO - Running YOLO inference...
2026-07-30 21:06:22 - app.services.yolo_service - INFO - No potholes detected in the image.
2026-07-30 21:06:22 - app.agents.vision_agent - INFO - VisionAgent analysis complete. Found 0 items.
2026-07-30 21:06:23 - app.agents.vision_agent - INFO - VisionAgent starting analysis.
2026-07-30 21:06:23 - app.services.yolo_service - INFO - Running YOLO inference...
2026-07-30 21:06:23 - app.services.yolo_service - INFO - No potholes detected in the image.
2026-07-30 21:06:23 - app.agents.vision_agent - INFO - VisionAgent analysis complete. Found 0 items.
2026-07-30 21:06:24 - app.agents.vision_agent - INFO - VisionAgent starting analysis.
2026-07-30 21:06:24 - app.services.yolo_service - INFO - Running YOLO inference...
2026-07-30 21:06:24 - app.services.yolo_service - INFO - No potholes detected in the image.
2026-07-30 21:06:24 - app.agents.vision_agent - INFO - VisionAgent analysis complete. Found 0 items.
2026-07-30 21:06:25 - app.agents.vision_agent - INFO - VisionAgent starting analysis.
2026-07-30 21:06:25 - app.services.yolo_service - INFO - Running YOLO inference...
2026-07-30 21:06:25 - app.services.yolo_service - INFO - No potholes detected in the image.
2026-07-30 21:06:25 - app.agents.vision_agent - INFO - VisionAgent analysis complete. Found 0 items.
2026-07-30 21:06:26 - app.agents.vision_agent - INFO - VisionAgent starting analysis.
2026-07-30 21:06:26 - app.services.yolo_service - INFO - Running YOLO inference...
2026-07-30 21:06:26 - app.services.yolo_service - INFO - No potholes detected in the image.
2026-07-30 21:06:26 - app.agents.vision_agent - INFO - VisionAgent analysis complete. Found 0 items.
2026-07-30 21:06:27 - app.agents.vision_agent - INFO - VisionAgent starting analysis.
2026-07-30 21:06:27 - app.services.yolo_service - INFO - Running YOLO inference...
2026-07-30 21:06:27 - app.services.yolo_service - INFO - No potholes detected in the image.
2026-07-30 21:06:27 - app.agents.vision_agent - INFO - VisionAgent analysis complete. Found 0 items.
2026-07-30 21:06:28 - app.agents.vision_agent - INFO - VisionAgent starting analysis.
2026-07-30 21:06:28 - app.services.yolo_service - INFO - Running YOLO inference...
2026-07-30 21:06:28 - app.services.yolo_service - INFO - No potholes detected in the image.
2026-07-30 21:06:28 - app.agents.vision_agent - INFO - VisionAgent analysis complete. Found 0 items.
2026-07-30 21:06:29 - app.agents.vision_agent - INFO - VisionAgent starting analysis.
2026-07-30 21:06:29 - app.services.yolo_service - INFO - Running YOLO inference...
2026-07-30 21:06:29 - app.services.yolo_service - INFO - No potholes detected in the image.
2026-07-30 21:06:29 - app.agents.vision_agent - INFO - VisionAgent analysis complete. Found 0 items.
2026-07-30 21:06:30 - app.agents.vision_agent - INFO - VisionAgent starting analysis.
2026-07-30 21:06:30 - app.services.yolo_service - INFO - Running YOLO inference...
2026-07-30 21:06:30 - app.services.yolo_service - INFO - No potholes detected in the image.
2026-07-30 21:06:30 - app.agents.vision_agent - INFO - VisionAgent analysis complete. Found 0 items.
2026-07-30 21:06:31 - app.agents.vision_agent - INFO - VisionAgent starting analysis.
2026-07-30 21:06:31 - app.services.yolo_service - INFO - Running YOLO inference...
2026-07-30 21:06:31 - app.services.yolo_service - INFO - No potholes detected in the image.
2026-07-30 21:06:31 - app.agents.vision_agent - INFO - VisionAgent analysis complete. Found 0 items.
2026-07-30 21:06:32 - app.agents.vision_agent - INFO - VisionAgent starting analysis.
2026-07-30 21:06:32 - app.services.yolo_service - INFO - Running YOLO inference...
2026-07-30 21:06:32 - app.services.yolo_service - INFO - No potholes detected in the image.
2026-07-30 21:06:32 - app.agents.vision_agent - INFO - VisionAgent analysis complete. Found 0 items.
2026-07-30 21:06:33 - app.agents.vision_agent - INFO - VisionAgent starting analysis.
2026-07-30 21:06:33 - app.services.yolo_service - INFO - Running YOLO inference...
2026-07-30 21:06:33 - app.services.yolo_service - INFO - No potholes detected in the image.
2026-07-30 21:06:33 - app.agents.vision_agent - INFO - VisionAgent analysis complete. Found 0 items.
2026-07-30 21:06:34 - app.agents.vision_agent - INFO - VisionAgent starting analysis.
2026-07-30 21:06:34 - app.services.yolo_service - INFO - Running YOLO inference...
2026-07-30 21:06:34 - app.services.yolo_service - INFO - No potholes detected in the image.
2026-07-30 21:06:34 - app.agents.vision_agent - INFO - VisionAgent analysis complete. Found 0 items.
2026-07-30 21:06:35 - app.agents.vision_agent - INFO - VisionAgent starting analysis.
2026-07-30 21:06:35 - app.services.yolo_service - INFO - Running YOLO inference...
2026-07-30 21:06:35 - app.services.yolo_service - INFO - No potholes detected in the image.
2026-07-30 21:06:35 - app.agents.vision_agent - INFO - VisionAgent analysis complete. Found 0 items.
2026-07-30 21:06:36 - app.agents.vision_agent - INFO - VisionAgent starting analysis.
2026-07-30 21:06:36 - app.services.yolo_service - INFO - Running YOLO inference...
2026-07-30 21:06:37 - app.services.yolo_service - INFO - No potholes detected in the image.
2026-07-30 21:06:37 - app.agents.vision_agent - INFO - VisionAgent analysis complete. Found 0 items.
2026-07-30 21:06:37 - app.agents.vision_agent - INFO - VisionAgent starting analysis.
2026-07-30 21:06:37 - app.services.yolo_service - INFO - Running YOLO inference...
2026-07-30 21:06:38 - app.services.yolo_service - INFO - No potholes detected in the image.
2026-07-30 21:06:38 - app.agents.vision_agent - INFO - VisionAgent analysis complete. Found 0 items.
2026-07-30 21:06:39 - app.agents.vision_agent - INFO - VisionAgent starting analysis.
2026-07-30 21:06:39 - app.services.yolo_service - INFO - Running YOLO inference...
2026-07-30 21:06:39 - app.services.yolo_service - INFO - No potholes detected in the image.
2026-07-30 21:06:39 - app.agents.vision_agent - INFO - VisionAgent analysis complete. Found 0 items.
2026-07-30 21:06:40 - app.agents.vision_agent - INFO - VisionAgent starting analysis.
2026-07-30 21:06:40 - app.services.yolo_service - INFO - Running YOLO inference...
2026-07-30 21:06:40 - app.services.yolo_service - INFO - No potholes detected in the image.
2026-07-30 21:06:40 - app.agents.vision_agent - INFO - VisionAgent analysis complete. Found 0 items.
2026-07-30 21:06:41 - app.agents.vision_agent - INFO - VisionAgent starting analysis.
2026-07-30 21:06:41 - app.services.yolo_service - INFO - Running YOLO inference...
2026-07-30 21:06:41 - app.services.yolo_service - INFO - No potholes detected in the image.
2026-07-30 21:06:41 - app.agents.vision_agent - INFO - VisionAgent analysis complete. Found 0 items.
2026-07-30 21:06:42 - app.agents.vision_agent - INFO - VisionAgent starting analysis.
2026-07-30 21:06:42 - app.services.yolo_service - INFO - Running YOLO inference...
2026-07-30 21:06:42 - app.services.yolo_service - INFO - No potholes detected in the image.
2026-07-30 21:06:42 - app.agents.vision_agent - INFO - VisionAgent analysis complete. Found 0 items.
2026-07-30 21:06:43 - app.agents.vision_agent - INFO - VisionAgent starting analysis.
2026-07-30 21:06:43 - app.services.yolo_service - INFO - Running YOLO inference...
2026-07-30 21:06:43 - app.services.yolo_service - INFO - No potholes detected in the image.
2026-07-30 21:06:43 - app.agents.vision_agent - INFO - VisionAgent analysis complete. Found 0 items.
2026-07-30 21:06:44 - app.agents.vision_agent - INFO - VisionAgent starting analysis.
2026-07-30 21:06:44 - app.services.yolo_service - INFO - Running YOLO inference...
2026-07-30 21:06:44 - app.services.yolo_service - INFO - No potholes detected in the image.
2026-07-30 21:06:44 - app.agents.vision_agent - INFO - VisionAgent analysis complete. Found 0 items.
2026-07-30 21:06:45 - app.agents.vision_agent - INFO - VisionAgent starting analysis.
2026-07-30 21:06:45 - app.services.yolo_service - INFO - Running YOLO inference...
2026-07-30 21:06:45 - app.services.yolo_service - INFO - No potholes detected in the image.
2026-07-30 21:06:45 - app.agents.vision_agent - INFO - VisionAgent analysis complete. Found 0 items.
2026-07-30 21:06:46 - app.agents.vision_agent - INFO - VisionAgent starting analysis.
2026-07-30 21:06:46 - app.services.yolo_service - INFO - Running YOLO inference...
2026-07-30 21:06:46 - app.services.yolo_service - INFO - No potholes detected in the image.
2026-07-30 21:06:46 - app.agents.vision_agent - INFO - VisionAgent analysis complete. Found 0 items.
2026-07-30 21:06:47 - app.agents.vision_agent - INFO - VisionAgent starting analysis.
2026-07-30 21:06:47 - app.services.yolo_service - INFO - Running YOLO inference...
2026-07-30 21:06:47 - app.services.yolo_service - INFO - No potholes detected in the image.
2026-07-30 21:06:47 - app.agents.vision_agent - INFO - VisionAgent analysis complete. Found 0 items.
2026-07-30 21:06:48 - app.agents.vision_agent - INFO - VisionAgent starting analysis.
2026-07-30 21:06:48 - app.services.yolo_service - INFO - Running YOLO inference...
2026-07-30 21:06:48 - app.services.yolo_service - INFO - No potholes detected in the image.
2026-07-30 21:06:48 - app.agents.vision_agent - INFO - VisionAgent analysis complete. Found 0 items.
2026-07-30 21:06:49 - app.agents.vision_agent - INFO - VisionAgent starting analysis.
2026-07-30 21:06:49 - app.services.yolo_service - INFO - Running YOLO inference...
2026-07-30 21:06:49 - app.services.yolo_service - INFO - No potholes detected in the image.
2026-07-30 21:06:49 - app.agents.vision_agent - INFO - VisionAgent analysis complete. Found 0 items.
2026-07-30 21:06:50 - app.agents.vision_agent - INFO - VisionAgent starting analysis.
2026-07-30 21:06:50 - app.services.yolo_service - INFO - Running YOLO inference...
2026-07-30 21:06:51 - app.services.yolo_service - INFO - No potholes detected in the image.
2026-07-30 21:06:51 - app.agents.vision_agent - INFO - VisionAgent analysis complete. Found 0 items.
2026-07-30 21:06:51 - app.agents.vision_agent - INFO - VisionAgent starting analysis.
2026-07-30 21:06:51 - app.services.yolo_service - INFO - Running YOLO inference...
2026-07-30 21:06:52 - app.services.yolo_service - INFO - No potholes detected in the image.
2026-07-30 21:06:52 - app.agents.vision_agent - INFO - VisionAgent analysis complete. Found 0 items.
2026-07-30 21:06:52 - app.agents.vision_agent - INFO - VisionAgent starting analysis.
2026-07-30 21:06:52 - app.services.yolo_service - INFO - Running YOLO inference...
2026-07-30 21:06:53 - app.services.yolo_service - INFO - No potholes detected in the image.
2026-07-30 21:06:53 - app.agents.vision_agent - INFO - VisionAgent analysis complete. Found 0 items.
2026-07-30 21:06:54 - app.agents.vision_agent - INFO - VisionAgent starting analysis.
2026-07-30 21:06:54 - app.services.yolo_service - INFO - Running YOLO inference...
2026-07-30 21:06:54 - app.services.yolo_service - INFO - No potholes detected in the image.
2026-07-30 21:06:54 - app.agents.vision_agent - INFO - VisionAgent analysis complete. Found 0 items.
2026-07-30 21:06:55 - app.agents.vision_agent - INFO - VisionAgent starting analysis.
2026-07-30 21:06:55 - app.services.yolo_service - INFO - Running YOLO inference...
2026-07-30 21:06:55 - app.services.yolo_service - INFO - No potholes detected in the image.
2026-07-30 21:06:55 - app.agents.vision_agent - INFO - VisionAgent analysis complete. Found 0 items.
2026-07-30 21:06:56 - app.agents.vision_agent - INFO - VisionAgent starting analysis.
2026-07-30 21:06:56 - app.services.yolo_service - INFO - Running YOLO inference...
2026-07-30 21:06:56 - app.services.yolo_service - INFO - No potholes detected in the image.
2026-07-30 21:06:56 - app.agents.vision_agent - INFO - VisionAgent analysis complete. Found 0 items.
2026-07-30 21:06:57 - app.agents.vision_agent - INFO - VisionAgent starting analysis.
2026-07-30 21:06:57 - app.services.yolo_service - INFO - Running YOLO inference...
2026-07-30 21:06:57 - app.services.yolo_service - INFO - No potholes detected in the image.
2026-07-30 21:06:57 - app.agents.vision_agent - INFO - VisionAgent analysis complete. Found 0 items.
2026-07-30 21:06:58 - app.agents.vision_agent - INFO - VisionAgent starting analysis.
2026-07-30 21:06:58 - app.services.yolo_service - INFO - Running YOLO inference...
2026-07-30 21:06:58 - app.services.yolo_service - INFO - No potholes detected in the image.
2026-07-30 21:06:58 - app.agents.vision_agent - INFO - VisionAgent analysis complete. Found 0 items.
2026-07-30 21:06:59 - app.agents.vision_agent - INFO - VisionAgent starting analysis.
2026-07-30 21:06:59 - app.services.yolo_service - INFO - Running YOLO inference...
2026-07-30 21:06:59 - app.services.yolo_service - INFO - No potholes detected in the image.
2026-07-30 21:06:59 - app.agents.vision_agent - INFO - VisionAgent analysis complete. Found 0 items.
2026-07-30 21:07:00 - app.agents.vision_agent - INFO - VisionAgent starting analysis.
2026-07-30 21:07:00 - app.services.yolo_service - INFO - Running YOLO inference...
2026-07-30 21:07:00 - app.services.yolo_service - INFO - No potholes detected in the image.
2026-07-30 21:07:00 - app.agents.vision_agent - INFO - VisionAgent analysis complete. Found 0 items.
2026-07-30 21:07:01 - app.agents.vision_agent - INFO - VisionAgent starting analysis.
2026-07-30 21:07:01 - app.services.yolo_service - INFO - Running YOLO inference...
2026-07-30 21:07:01 - app.services.yolo_service - INFO - No potholes detected in the image.
2026-07-30 21:07:01 - app.agents.vision_agent - INFO - VisionAgent analysis complete. Found 0 items.
2026-07-30 21:07:02 - app.agents.vision_agent - INFO - VisionAgent starting analysis.
2026-07-30 21:07:02 - app.services.yolo_service - INFO - Running YOLO inference...
2026-07-30 21:07:02 - app.services.yolo_service - INFO - No potholes detected in the image.
2026-07-30 21:07:02 - app.agents.vision_agent - INFO - VisionAgent analysis complete. Found 0 items.
2026-07-30 21:07:03 - app.agents.vision_agent - INFO - VisionAgent starting analysis.
2026-07-30 21:07:03 - app.services.yolo_service - INFO - Running YOLO inference...
2026-07-30 21:07:03 - app.services.yolo_service - INFO - No potholes detected in the image.
2026-07-30 21:07:03 - app.agents.vision_agent - INFO - VisionAgent analysis complete. Found 0 items.
2026-07-30 21:07:04 - app.agents.vision_agent - INFO - VisionAgent starting analysis.
2026-07-30 21:07:04 - app.services.yolo_service - INFO - Running YOLO inference...
2026-07-30 21:07:04 - app.services.yolo_service - INFO - No potholes detected in the image.
2026-07-30 21:07:04 - app.agents.vision_agent - INFO - VisionAgent analysis complete. Found 0 items.
2026-07-30 21:07:05 - app.agents.vision_agent - INFO - VisionAgent starting analysis.
2026-07-30 21:07:05 - app.services.yolo_service - INFO - Running YOLO inference...
2026-07-30 21:07:06 - app.services.yolo_service - INFO - No potholes detected in the image.
2026-07-30 21:07:06 - app.agents.vision_agent - INFO - VisionAgent analysis complete. Found 0 items.
2026-07-30 21:07:06 - app.agents.vision_agent - INFO - VisionAgent starting analysis.
2026-07-30 21:07:06 - app.services.yolo_service - INFO - Running YOLO inference...
2026-07-30 21:07:07 - app.services.yolo_service - INFO - No potholes detected in the image.
2026-07-30 21:07:07 - app.agents.vision_agent - INFO - VisionAgent analysis complete. Found 0 items.
2026-07-30 21:07:07 - app.agents.vision_agent - INFO - VisionAgent starting analysis.
2026-07-30 21:07:08 - app.services.yolo_service - INFO - Running YOLO inference...
2026-07-30 21:07:08 - app.services.yolo_service - INFO - No potholes detected in the image.
2026-07-30 21:07:08 - app.agents.vision_agent - INFO - VisionAgent analysis complete. Found 0 items.
2026-07-30 21:07:09 - app.agents.vision_agent - INFO - VisionAgent starting analysis.
2026-07-30 21:07:09 - app.services.yolo_service - INFO - Running YOLO inference...
2026-07-30 21:07:09 - app.services.yolo_service - INFO - Detected 1 pothole(s).
2026-07-30 21:07:09 - app.agents.vision_agent - INFO - VisionAgent analysis complete. Found 1 items.
2026-07-30 21:07:10 - app.agents.vision_agent - INFO - VisionAgent starting analysis.
2026-07-30 21:07:10 - app.services.yolo_service - INFO - Running YOLO inference...
2026-07-30 21:07:10 - app.services.yolo_service - INFO - Detected 1 pothole(s).
2026-07-30 21:07:10 - app.agents.vision_agent - INFO - VisionAgent analysis complete. Found 1 items.
2026-07-30 21:07:11 - app.agents.vision_agent - INFO - VisionAgent starting analysis.
2026-07-30 21:07:11 - app.services.yolo_service - INFO - Running YOLO inference...
2026-07-30 21:07:11 - app.services.yolo_service - INFO - Detected 1 pothole(s).
2026-07-30 21:07:11 - app.agents.vision_agent - INFO - VisionAgent analysis complete. Found 1 items.
2026-07-30 21:07:12 - app.agents.vision_agent - INFO - VisionAgent starting analysis.
2026-07-30 21:07:12 - app.services.yolo_service - INFO - Running YOLO inference...
2026-07-30 21:07:12 - app.services.yolo_service - INFO - No potholes detected in the image.
2026-07-30 21:07:12 - app.agents.vision_agent - INFO - VisionAgent analysis complete. Found 0 items.
2026-07-30 21:07:13 - app.agents.vision_agent - INFO - VisionAgent starting analysis.
2026-07-30 21:07:13 - app.services.yolo_service - INFO - Running YOLO inference...
2026-07-30 21:07:13 - app.services.yolo_service - INFO - No potholes detected in the image.
2026-07-30 21:07:13 - app.agents.vision_agent - INFO - VisionAgent analysis complete. Found 0 items.
2026-07-30 21:07:14 - app.agents.vision_agent - INFO - VisionAgent starting analysis.
2026-07-30 21:07:14 - app.services.yolo_service - INFO - Running YOLO inference...
2026-07-30 21:07:14 - app.services.yolo_service - INFO - No potholes detected in the image.
2026-07-30 21:07:14 - app.agents.vision_agent - INFO - VisionAgent analysis complete. Found 0 items.
2026-07-30 21:07:15 - app.agents.vision_agent - INFO - VisionAgent starting analysis.
2026-07-30 21:07:15 - app.services.yolo_service - INFO - Running YOLO inference...
2026-07-30 21:07:15 - app.services.yolo_service - INFO - No potholes detected in the image.
2026-07-30 21:07:15 - app.agents.vision_agent - INFO - VisionAgent analysis complete. Found 0 items.
2026-07-30 21:07:16 - app.agents.vision_agent - INFO - VisionAgent starting analysis.
2026-07-30 21:07:16 - app.services.yolo_service - INFO - Running YOLO inference...
2026-07-30 21:07:16 - app.services.yolo_service - INFO - No potholes detected in the image.
2026-07-30 21:07:16 - app.agents.vision_agent - INFO - VisionAgent analysis complete. Found 0 items.
2026-07-30 21:07:17 - app.agents.vision_agent - INFO - VisionAgent starting analysis.
2026-07-30 21:07:17 - app.services.yolo_service - INFO - Running YOLO inference...
2026-07-30 21:07:17 - app.services.yolo_service - INFO - No potholes detected in the image.
2026-07-30 21:07:17 - app.agents.vision_agent - INFO - VisionAgent analysis complete. Found 0 items.
2026-07-30 21:07:18 - app.agents.vision_agent - INFO - VisionAgent starting analysis.
2026-07-30 21:07:18 - app.services.yolo_service - INFO - Running YOLO inference...
2026-07-30 21:07:18 - app.services.yolo_service - INFO - No potholes detected in the image.
2026-07-30 21:07:18 - app.agents.vision_agent - INFO - VisionAgent analysis complete. Found 0 items.
2026-07-30 21:07:19 - app.agents.vision_agent - INFO - VisionAgent starting analysis.
2026-07-30 21:07:19 - app.services.yolo_service - INFO - Running YOLO inference...
2026-07-30 21:07:19 - app.services.yolo_service - INFO - No potholes detected in the image.
2026-07-30 21:07:19 - app.agents.vision_agent - INFO - VisionAgent analysis complete. Found 0 items.
2026-07-30 21:07:20 - app.agents.vision_agent - INFO - VisionAgent starting analysis.
2026-07-30 21:07:20 - app.services.yolo_service - INFO - Running YOLO inference...
2026-07-30 21:07:20 - app.services.yolo_service - INFO - No potholes detected in the image.
2026-07-30 21:07:20 - app.agents.vision_agent - INFO - VisionAgent analysis complete. Found 0 items.
2026-07-30 21:07:21 - app.agents.vision_agent - INFO - VisionAgent starting analysis.
2026-07-30 21:07:21 - app.services.yolo_service - INFO - Running YOLO inference...
2026-07-30 21:07:21 - app.services.yolo_service - INFO - No potholes detected in the image.
2026-07-30 21:07:21 - app.agents.vision_agent - INFO - VisionAgent analysis complete. Found 0 items.
2026-07-30 21:07:22 - app.agents.vision_agent - INFO - VisionAgent starting analysis.
2026-07-30 21:07:22 - app.services.yolo_service - INFO - Running YOLO inference...
2026-07-30 21:07:23 - app.services.yolo_service - INFO - No potholes detected in the image.
2026-07-30 21:07:23 - app.agents.vision_agent - INFO - VisionAgent analysis complete. Found 0 items.
2026-07-30 21:07:23 - app.agents.vision_agent - INFO - VisionAgent starting analysis.
2026-07-30 21:07:23 - app.services.yolo_service - INFO - Running YOLO inference...
2026-07-30 21:07:24 - app.services.yolo_service - INFO - No potholes detected in the image.
2026-07-30 21:07:24 - app.agents.vision_agent - INFO - VisionAgent analysis complete. Found 0 items.
2026-07-30 21:07:24 - app.agents.vision_agent - INFO - VisionAgent starting analysis.
2026-07-30 21:07:24 - app.services.yolo_service - INFO - Running YOLO inference...
2026-07-30 21:07:25 - app.services.yolo_service - INFO - No potholes detected in the image.
2026-07-30 21:07:25 - app.agents.vision_agent - INFO - VisionAgent analysis complete. Found 0 items.
2026-07-30 21:07:26 - app.agents.vision_agent - INFO - VisionAgent starting analysis.
2026-07-30 21:07:26 - app.services.yolo_service - INFO - Running YOLO inference...
2026-07-30 21:07:26 - app.services.yolo_service - INFO - No potholes detected in the image.
2026-07-30 21:07:26 - app.agents.vision_agent - INFO - VisionAgent analysis complete. Found 0 items.
2026-07-30 21:07:27 - app.agents.vision_agent - INFO - VisionAgent starting analysis.
2026-07-30 21:07:27 - app.services.yolo_service - INFO - Running YOLO inference...
2026-07-30 21:07:27 - app.services.yolo_service - INFO - No potholes detected in the image.
2026-07-30 21:07:27 - app.agents.vision_agent - INFO - VisionAgent analysis complete. Found 0 items.
2026-07-30 21:07:28 - app.agents.vision_agent - INFO - VisionAgent starting analysis.
2026-07-30 21:07:28 - app.services.yolo_service - INFO - Running YOLO inference...
2026-07-30 21:07:28 - app.services.yolo_service - INFO - No potholes detected in the image.
2026-07-30 21:07:28 - app.agents.vision_agent - INFO - VisionAgent analysis complete. Found 0 items.
2026-07-30 21:07:29 - app.agents.vision_agent - INFO - VisionAgent starting analysis.
2026-07-30 21:07:29 - app.services.yolo_service - INFO - Running YOLO inference...
2026-07-30 21:07:29 - app.services.yolo_service - INFO - No potholes detected in the image.
2026-07-30 21:07:29 - app.agents.vision_agent - INFO - VisionAgent analysis complete. Found 0 items.
2026-07-30 21:07:30 - app.agents.vision_agent - INFO - VisionAgent starting analysis.
2026-07-30 21:07:30 - app.services.yolo_service - INFO - Running YOLO inference...
2026-07-30 21:07:30 - app.services.yolo_service - INFO - No potholes detected in the image.
2026-07-30 21:07:30 - app.agents.vision_agent - INFO - VisionAgent analysis complete. Found 0 items.
2026-07-30 21:07:31 - app.agents.vision_agent - INFO - VisionAgent starting analysis.
2026-07-30 21:07:31 - app.services.yolo_service - INFO - Running YOLO inference...
2026-07-30 21:07:31 - app.services.yolo_service - INFO - No potholes detected in the image.
2026-07-30 21:07:31 - app.agents.vision_agent - INFO - VisionAgent analysis complete. Found 0 items.
2026-07-30 21:07:32 - app.agents.vision_agent - INFO - VisionAgent starting analysis.
2026-07-30 21:07:32 - app.services.yolo_service - INFO - Running YOLO inference...
2026-07-30 21:07:32 - app.services.yolo_service - INFO - Detected 1 pothole(s).
2026-07-30 21:07:32 - app.agents.vision_agent - INFO - VisionAgent analysis complete. Found 1 items.
2026-07-30 21:07:33 - app.agents.vision_agent - INFO - VisionAgent starting analysis.
2026-07-30 21:07:33 - app.services.yolo_service - INFO - Running YOLO inference...
2026-07-30 21:07:33 - app.services.yolo_service - INFO - Detected 1 pothole(s).
2026-07-30 21:07:33 - app.agents.vision_agent - INFO - VisionAgent analysis complete. Found 1 items.
2026-07-30 21:07:34 - app.agents.vision_agent - INFO - VisionAgent starting analysis.
2026-07-30 21:07:34 - app.services.yolo_service - INFO - Running YOLO inference...
2026-07-30 21:07:34 - app.services.yolo_service - INFO - No potholes detected in the image.
2026-07-30 21:07:34 - app.agents.vision_agent - INFO - VisionAgent analysis complete. Found 0 items.
2026-07-30 21:07:35 - app.agents.vision_agent - INFO - VisionAgent starting analysis.
2026-07-30 21:07:35 - app.services.yolo_service - INFO - Running YOLO inference...
2026-07-30 21:07:35 - app.services.yolo_service - INFO - No potholes detected in the image.
2026-07-30 21:07:35 - app.agents.vision_agent - INFO - VisionAgent analysis complete. Found 0 items.
2026-07-30 21:07:36 - app.agents.vision_agent - INFO - VisionAgent starting analysis.
2026-07-30 21:07:36 - app.services.yolo_service - INFO - Running YOLO inference...
2026-07-30 21:07:36 - app.services.yolo_service - INFO - No potholes detected in the image.
2026-07-30 21:07:36 - app.agents.vision_agent - INFO - VisionAgent analysis complete. Found 0 items.
2026-07-30 21:07:37 - app.agents.vision_agent - INFO - VisionAgent starting analysis.
2026-07-30 21:07:37 - app.services.yolo_service - INFO - Running YOLO inference...
2026-07-30 21:07:38 - app.services.yolo_service - INFO - No potholes detected in the image.
2026-07-30 21:07:38 - app.agents.vision_agent - INFO - VisionAgent analysis complete. Found 0 items.
2026-07-30 21:07:38 - app.agents.vision_agent - INFO - VisionAgent starting analysis.
2026-07-30 21:07:38 - app.services.yolo_service - INFO - Running YOLO inference...
2026-07-30 21:07:39 - app.services.yolo_service - INFO - No potholes detected in the image.
2026-07-30 21:07:39 - app.agents.vision_agent - INFO - VisionAgent analysis complete. Found 0 items.
2026-07-30 21:07:40 - app.agents.vision_agent - INFO - VisionAgent starting analysis.
2026-07-30 21:07:40 - app.services.yolo_service - INFO - Running YOLO inference...
2026-07-30 21:07:40 - app.services.yolo_service - INFO - No potholes detected in the image.
2026-07-30 21:07:40 - app.agents.vision_agent - INFO - VisionAgent analysis complete. Found 0 items.
2026-07-30 21:07:41 - app.agents.vision_agent - INFO - VisionAgent starting analysis.
2026-07-30 21:07:41 - app.services.yolo_service - INFO - Running YOLO inference...
2026-07-30 21:07:41 - app.services.yolo_service - INFO - No potholes detected in the image.
2026-07-30 21:07:41 - app.agents.vision_agent - INFO - VisionAgent analysis complete. Found 0 items.
2026-07-30 21:07:42 - app.agents.vision_agent - INFO - VisionAgent starting analysis.
2026-07-30 21:07:42 - app.services.yolo_service - INFO - Running YOLO inference...
2026-07-30 21:07:42 - app.services.yolo_service - INFO - No potholes detected in the image.
2026-07-30 21:07:42 - app.agents.vision_agent - INFO - VisionAgent analysis complete. Found 0 items.
2026-07-30 21:07:43 - app.agents.vision_agent - INFO - VisionAgent starting analysis.
2026-07-30 21:07:43 - app.services.yolo_service - INFO - Running YOLO inference...
2026-07-30 21:07:43 - app.services.yolo_service - INFO - No potholes detected in the image.
2026-07-30 21:07:43 - app.agents.vision_agent - INFO - VisionAgent analysis complete. Found 0 items.
2026-07-30 21:07:44 - app.agents.vision_agent - INFO - VisionAgent starting analysis.
2026-07-30 21:07:44 - app.services.yolo_service - INFO - Running YOLO inference...
2026-07-30 21:07:44 - app.services.yolo_service - INFO - No potholes detected in the image.
2026-07-30 21:07:44 - app.agents.vision_agent - INFO - VisionAgent analysis complete. Found 0 items.
2026-07-30 21:07:45 - app.agents.vision_agent - INFO - VisionAgent starting analysis.
2026-07-30 21:07:45 - app.services.yolo_service - INFO - Running YOLO inference...
2026-07-30 21:07:45 - app.services.yolo_service - INFO - No potholes detected in the image.
2026-07-30 21:07:45 - app.agents.vision_agent - INFO - VisionAgent analysis complete. Found 0 items.
2026-07-30 21:07:46 - app.agents.vision_agent - INFO - VisionAgent starting analysis.
2026-07-30 21:07:46 - app.services.yolo_service - INFO - Running YOLO inference...
2026-07-30 21:07:46 - app.services.yolo_service - INFO - No potholes detected in the image.
2026-07-30 21:07:46 - app.agents.vision_agent - INFO - VisionAgent analysis complete. Found 0 items.
2026-07-30 21:07:47 - app.agents.vision_agent - INFO - VisionAgent starting analysis.
2026-07-30 21:07:47 - app.services.yolo_service - INFO - Running YOLO inference...
2026-07-30 21:07:47 - app.services.yolo_service - INFO - No potholes detected in the image.
2026-07-30 21:07:47 - app.agents.vision_agent - INFO - VisionAgent analysis complete. Found 0 items.
2026-07-30 21:07:48 - app.agents.vision_agent - INFO - VisionAgent starting analysis.
2026-07-30 21:07:48 - app.services.yolo_service - INFO - Running YOLO inference...
2026-07-30 21:07:48 - app.services.yolo_service - INFO - No potholes detected in the image.
2026-07-30 21:07:48 - app.agents.vision_agent - INFO - VisionAgent analysis complete. Found 0 items.
2026-07-30 21:07:49 - app.agents.vision_agent - INFO - VisionAgent starting analysis.
2026-07-30 21:07:49 - app.services.yolo_service - INFO - Running YOLO inference...
2026-07-30 21:07:49 - app.services.yolo_service - INFO - No potholes detected in the image.
2026-07-30 21:07:49 - app.agents.vision_agent - INFO - VisionAgent analysis complete. Found 0 items.
2026-07-30 21:07:50 - app.agents.vision_agent - INFO - VisionAgent starting analysis.
2026-07-30 21:07:50 - app.services.yolo_service - INFO - Running YOLO inference...
2026-07-30 21:07:50 - app.services.yolo_service - INFO - No potholes detected in the image.
2026-07-30 21:07:50 - app.agents.vision_agent - INFO - VisionAgent analysis complete. Found 0 items.
2026-07-30 21:07:51 - app.agents.vision_agent - INFO - VisionAgent starting analysis.
2026-07-30 21:07:51 - app.services.yolo_service - INFO - Running YOLO inference...
2026-07-30 21:07:51 - app.services.yolo_service - INFO - No potholes detected in the image.
2026-07-30 21:07:51 - app.agents.vision_agent - INFO - VisionAgent analysis complete. Found 0 items.
2026-07-30 21:07:52 - app.agents.vision_agent - INFO - VisionAgent starting analysis.
2026-07-30 21:07:52 - app.services.yolo_service - INFO - Running YOLO inference...
2026-07-30 21:07:53 - app.services.yolo_service - INFO - No potholes detected in the image.
2026-07-30 21:07:53 - app.agents.vision_agent - INFO - VisionAgent analysis complete. Found 0 items.
2026-07-30 21:07:54 - app.agents.vision_agent - INFO - VisionAgent starting analysis.
2026-07-30 21:07:54 - app.services.yolo_service - INFO - Running YOLO inference...
2026-07-30 21:07:54 - app.services.yolo_service - INFO - No potholes detected in the image.
2026-07-30 21:07:54 - app.agents.vision_agent - INFO - VisionAgent analysis complete. Found 0 items.
2026-07-30 21:07:55 - app.agents.vision_agent - INFO - VisionAgent starting analysis.
2026-07-30 21:07:55 - app.services.yolo_service - INFO - Running YOLO inference...
2026-07-30 21:07:55 - app.services.yolo_service - INFO - No potholes detected in the image.
2026-07-30 21:07:55 - app.agents.vision_agent - INFO - VisionAgent analysis complete. Found 0 items.
2026-07-30 21:07:56 - app.agents.vision_agent - INFO - VisionAgent starting analysis.
2026-07-30 21:07:56 - app.services.yolo_service - INFO - Running YOLO inference...
2026-07-30 21:07:56 - app.services.yolo_service - INFO - No potholes detected in the image.
2026-07-30 21:07:56 - app.agents.vision_agent - INFO - VisionAgent analysis complete. Found 0 items.
2026-07-30 21:07:57 - app.agents.vision_agent - INFO - VisionAgent starting analysis.
2026-07-30 21:07:57 - app.services.yolo_service - INFO - Running YOLO inference...
2026-07-30 21:07:57 - app.services.yolo_service - INFO - Detected 1 pothole(s).
2026-07-30 21:07:57 - app.agents.vision_agent - INFO - VisionAgent analysis complete. Found 1 items.
2026-07-30 21:07:58 - app.agents.vision_agent - INFO - VisionAgent starting analysis.
2026-07-30 21:07:58 - app.services.yolo_service - INFO - Running YOLO inference...
2026-07-30 21:07:58 - app.services.yolo_service - INFO - Detected 1 pothole(s).
2026-07-30 21:07:58 - app.agents.vision_agent - INFO - VisionAgent analysis complete. Found 1 items.
2026-07-30 21:07:59 - app.agents.vision_agent - INFO - VisionAgent starting analysis.
2026-07-30 21:07:59 - app.services.yolo_service - INFO - Running YOLO inference...
2026-07-30 21:07:59 - app.services.yolo_service - INFO - No potholes detected in the image.
2026-07-30 21:07:59 - app.agents.vision_agent - INFO - VisionAgent analysis complete. Found 0 items.
2026-07-30 21:08:00 - app.agents.vision_agent - INFO - VisionAgent starting analysis.
2026-07-30 21:08:00 - app.services.yolo_service - INFO - Running YOLO inference...
2026-07-30 21:08:00 - app.services.yolo_service - INFO - No potholes detected in the image.
2026-07-30 21:08:00 - app.agents.vision_agent - INFO - VisionAgent analysis complete. Found 0 items.
2026-07-30 21:08:01 - app.agents.vision_agent - INFO - VisionAgent starting analysis.
2026-07-30 21:08:01 - app.services.yolo_service - INFO - Running YOLO inference...
2026-07-30 21:08:01 - app.services.yolo_service - INFO - No potholes detected in the image.
2026-07-30 21:08:01 - app.agents.vision_agent - INFO - VisionAgent analysis complete. Found 0 items.
2026-07-30 21:08:02 - app.agents.vision_agent - INFO - VisionAgent starting analysis.
2026-07-30 21:08:02 - app.services.yolo_service - INFO - Running YOLO inference...
2026-07-30 21:08:02 - app.services.yolo_service - INFO - No potholes detected in the image.
2026-07-30 21:08:02 - app.agents.vision_agent - INFO - VisionAgent analysis complete. Found 0 items.
2026-07-30 21:08:03 - app.agents.vision_agent - INFO - VisionAgent starting analysis.
2026-07-30 21:08:03 - app.services.yolo_service - INFO - Running YOLO inference...
2026-07-30 21:08:03 - app.services.yolo_service - INFO - No potholes detected in the image.
2026-07-30 21:08:03 - app.agents.vision_agent - INFO - VisionAgent analysis complete. Found 0 items.
2026-07-30 21:08:04 - app.agents.vision_agent - INFO - VisionAgent starting analysis.
2026-07-30 21:08:04 - app.services.yolo_service - INFO - Running YOLO inference...
2026-07-30 21:08:04 - app.services.yolo_service - INFO - No potholes detected in the image.
2026-07-30 21:08:04 - app.agents.vision_agent - INFO - VisionAgent analysis complete. Found 0 items.
2026-07-30 21:08:05 - app.agents.vision_agent - INFO - VisionAgent starting analysis.
2026-07-30 21:08:05 - app.services.yolo_service - INFO - Running YOLO inference...
2026-07-30 21:08:05 - app.services.yolo_service - INFO - No potholes detected in the image.
2026-07-30 21:08:05 - app.agents.vision_agent - INFO - VisionAgent analysis complete. Found 0 items.
2026-07-30 21:08:06 - app.agents.vision_agent - INFO - VisionAgent starting analysis.
2026-07-30 21:08:06 - app.services.yolo_service - INFO - Running YOLO inference...
2026-07-30 21:08:06 - app.services.yolo_service - INFO - No potholes detected in the image.
2026-07-30 21:08:06 - app.agents.vision_agent - INFO - VisionAgent analysis complete. Found 0 items.
2026-07-30 21:08:07 - app.agents.vision_agent - INFO - VisionAgent starting analysis.
2026-07-30 21:08:07 - app.services.yolo_service - INFO - Running YOLO inference...
2026-07-30 21:08:08 - app.services.yolo_service - INFO - No potholes detected in the image.
2026-07-30 21:08:08 - app.agents.vision_agent - INFO - VisionAgent analysis complete. Found 0 items.
2026-07-30 21:08:08 - app.agents.vision_agent - INFO - VisionAgent starting analysis.
2026-07-30 21:08:08 - app.services.yolo_service - INFO - Running YOLO inference...
2026-07-30 21:08:09 - app.services.yolo_service - INFO - No potholes detected in the image.
2026-07-30 21:08:09 - app.agents.vision_agent - INFO - VisionAgent analysis complete. Found 0 items.
2026-07-30 21:08:09 - app.agents.vision_agent - INFO - VisionAgent starting analysis.
2026-07-30 21:08:09 - app.services.yolo_service - INFO - Running YOLO inference...
2026-07-30 21:08:10 - app.services.yolo_service - INFO - No potholes detected in the image.
2026-07-30 21:08:10 - app.agents.vision_agent - INFO - VisionAgent analysis complete. Found 0 items.
2026-07-30 21:08:11 - app.agents.vision_agent - INFO - VisionAgent starting analysis.
2026-07-30 21:08:11 - app.services.yolo_service - INFO - Running YOLO inference...
2026-07-30 21:08:11 - app.services.yolo_service - INFO - No potholes detected in the image.
2026-07-30 21:08:11 - app.agents.vision_agent - INFO - VisionAgent analysis complete. Found 0 items.
2026-07-30 21:08:12 - app.agents.vision_agent - INFO - VisionAgent starting analysis.
2026-07-30 21:08:12 - app.services.yolo_service - INFO - Running YOLO inference...
2026-07-30 21:08:12 - app.services.yolo_service - INFO - No potholes detected in the image.
2026-07-30 21:08:12 - app.agents.vision_agent - INFO - VisionAgent analysis complete. Found 0 items.
2026-07-30 21:08:13 - app.agents.vision_agent - INFO - VisionAgent starting analysis.
2026-07-30 21:08:13 - app.services.yolo_service - INFO - Running YOLO inference...
2026-07-30 21:08:13 - app.services.yolo_service - INFO - No potholes detected in the image.
2026-07-30 21:08:13 - app.agents.vision_agent - INFO - VisionAgent analysis complete. Found 0 items.
2026-07-30 21:08:14 - app.agents.vision_agent - INFO - VisionAgent starting analysis.
2026-07-30 21:08:14 - app.services.yolo_service - INFO - Running YOLO inference...
2026-07-30 21:08:14 - app.services.yolo_service - INFO - No potholes detected in the image.
2026-07-30 21:08:14 - app.agents.vision_agent - INFO - VisionAgent analysis complete. Found 0 items.
2026-07-30 21:08:15 - app.agents.vision_agent - INFO - VisionAgent starting analysis.
2026-07-30 21:08:15 - app.services.yolo_service - INFO - Running YOLO inference...
2026-07-30 21:08:15 - app.services.yolo_service - INFO - No potholes detected in the image.
2026-07-30 21:08:15 - app.agents.vision_agent - INFO - VisionAgent analysis complete. Found 0 items.
2026-07-30 21:08:16 - app.agents.vision_agent - INFO - VisionAgent starting analysis.
2026-07-30 21:08:16 - app.services.yolo_service - INFO - Running YOLO inference...
2026-07-30 21:08:16 - app.services.yolo_service - INFO - No potholes detected in the image.
2026-07-30 21:08:16 - app.agents.vision_agent - INFO - VisionAgent analysis complete. Found 0 items.
2026-07-30 21:08:17 - app.agents.vision_agent - INFO - VisionAgent starting analysis.
2026-07-30 21:08:17 - app.services.yolo_service - INFO - Running YOLO inference...
2026-07-30 21:08:17 - app.services.yolo_service - INFO - No potholes detected in the image.
2026-07-30 21:08:17 - app.agents.vision_agent - INFO - VisionAgent analysis complete. Found 0 items.
2026-07-30 21:08:18 - app.agents.vision_agent - INFO - VisionAgent starting analysis.
2026-07-30 21:08:18 - app.services.yolo_service - INFO - Running YOLO inference...
2026-07-30 21:08:18 - app.services.yolo_service - INFO - No potholes detected in the image.
2026-07-30 21:08:18 - app.agents.vision_agent - INFO - VisionAgent analysis complete. Found 0 items.
2026-07-30 21:08:19 - app.agents.vision_agent - INFO - VisionAgent starting analysis.
2026-07-30 21:08:19 - app.services.yolo_service - INFO - Running YOLO inference...
2026-07-30 21:08:19 - app.services.yolo_service - INFO - No potholes detected in the image.
2026-07-30 21:08:19 - app.agents.vision_agent - INFO - VisionAgent analysis complete. Found 0 items.
2026-07-30 21:08:20 - app.agents.vision_agent - INFO - VisionAgent starting analysis.
2026-07-30 21:08:20 - app.services.yolo_service - INFO - Running YOLO inference...
2026-07-30 21:08:20 - app.services.yolo_service - INFO - No potholes detected in the image.
2026-07-30 21:08:20 - app.agents.vision_agent - INFO - VisionAgent analysis complete. Found 0 items.
2026-07-30 21:08:21 - app.agents.vision_agent - INFO - VisionAgent starting analysis.
2026-07-30 21:08:21 - app.services.yolo_service - INFO - Running YOLO inference...
2026-07-30 21:08:21 - app.services.yolo_service - INFO - No potholes detected in the image.
2026-07-30 21:08:21 - app.agents.vision_agent - INFO - VisionAgent analysis complete. Found 0 items.
2026-07-30 21:08:22 - app.agents.vision_agent - INFO - VisionAgent starting analysis.
2026-07-30 21:08:22 - app.services.yolo_service - INFO - Running YOLO inference...
2026-07-30 21:08:23 - app.services.yolo_service - INFO - No potholes detected in the image.
2026-07-30 21:08:23 - app.agents.vision_agent - INFO - VisionAgent analysis complete. Found 0 items.
2026-07-30 21:08:23 - app.agents.vision_agent - INFO - VisionAgent starting analysis.
2026-07-30 21:08:23 - app.services.yolo_service - INFO - Running YOLO inference...
2026-07-30 21:08:24 - app.services.yolo_service - INFO - No potholes detected in the image.
2026-07-30 21:08:24 - app.agents.vision_agent - INFO - VisionAgent analysis complete. Found 0 items.
2026-07-30 21:08:24 - app.agents.vision_agent - INFO - VisionAgent starting analysis.
2026-07-30 21:08:24 - app.services.yolo_service - INFO - Running YOLO inference...
2026-07-30 21:08:25 - app.services.yolo_service - INFO - No potholes detected in the image.
2026-07-30 21:08:25 - app.agents.vision_agent - INFO - VisionAgent analysis complete. Found 0 items.
2026-07-30 21:08:26 - app.agents.vision_agent - INFO - VisionAgent starting analysis.
2026-07-30 21:08:26 - app.services.yolo_service - INFO - Running YOLO inference...
2026-07-30 21:08:26 - app.services.yolo_service - INFO - No potholes detected in the image.
2026-07-30 21:08:26 - app.agents.vision_agent - INFO - VisionAgent analysis complete. Found 0 items.
2026-07-30 21:08:27 - app.agents.vision_agent - INFO - VisionAgent starting analysis.
2026-07-30 21:08:27 - app.services.yolo_service - INFO - Running YOLO inference...
2026-07-30 21:08:27 - app.services.yolo_service - INFO - No potholes detected in the image.
2026-07-30 21:08:27 - app.agents.vision_agent - INFO - VisionAgent analysis complete. Found 0 items.
2026-07-30 21:08:28 - app.agents.vision_agent - INFO - VisionAgent starting analysis.
2026-07-30 21:08:28 - app.services.yolo_service - INFO - Running YOLO inference...
2026-07-30 21:08:28 - app.services.yolo_service - INFO - No potholes detected in the image.
2026-07-30 21:08:28 - app.agents.vision_agent - INFO - VisionAgent analysis complete. Found 0 items.
2026-07-30 21:08:29 - app.agents.vision_agent - INFO - VisionAgent starting analysis.
2026-07-30 21:08:29 - app.services.yolo_service - INFO - Running YOLO inference...
2026-07-30 21:08:29 - app.services.yolo_service - INFO - No potholes detected in the image.
2026-07-30 21:08:29 - app.agents.vision_agent - INFO - VisionAgent analysis complete. Found 0 items.
2026-07-30 21:08:30 - app.agents.vision_agent - INFO - VisionAgent starting analysis.
2026-07-30 21:08:30 - app.services.yolo_service - INFO - Running YOLO inference...
2026-07-30 21:08:30 - app.services.yolo_service - INFO - No potholes detected in the image.
2026-07-30 21:08:30 - app.agents.vision_agent - INFO - VisionAgent analysis complete. Found 0 items.
2026-07-30 21:08:31 - app.agents.vision_agent - INFO - VisionAgent starting analysis.
2026-07-30 21:08:31 - app.services.yolo_service - INFO - Running YOLO inference...
2026-07-30 21:08:31 - app.services.yolo_service - INFO - No potholes detected in the image.
2026-07-30 21:08:31 - app.agents.vision_agent - INFO - VisionAgent analysis complete. Found 0 items.
2026-07-30 21:08:32 - app.agents.vision_agent - INFO - VisionAgent starting analysis.
2026-07-30 21:08:32 - app.services.yolo_service - INFO - Running YOLO inference...
2026-07-30 21:08:32 - app.services.yolo_service - INFO - No potholes detected in the image.
2026-07-30 21:08:32 - app.agents.vision_agent - INFO - VisionAgent analysis complete. Found 0 items.
2026-07-30 21:08:33 - app.agents.vision_agent - INFO - VisionAgent starting analysis.
2026-07-30 21:08:33 - app.services.yolo_service - INFO - Running YOLO inference...
2026-07-30 21:08:33 - app.services.yolo_service - INFO - No potholes detected in the image.
2026-07-30 21:08:33 - app.agents.vision_agent - INFO - VisionAgent analysis complete. Found 0 items.
2026-07-30 21:08:34 - app.agents.vision_agent - INFO - VisionAgent starting analysis.
2026-07-30 21:08:34 - app.services.yolo_service - INFO - Running YOLO inference...
2026-07-30 21:08:34 - app.services.yolo_service - INFO - No potholes detected in the image.
2026-07-30 21:08:34 - app.agents.vision_agent - INFO - VisionAgent analysis complete. Found 0 items.
2026-07-30 21:08:35 - app.agents.vision_agent - INFO - VisionAgent starting analysis.
2026-07-30 21:08:35 - app.services.yolo_service - INFO - Running YOLO inference...
2026-07-30 21:08:35 - app.services.yolo_service - INFO - Detected 1 pothole(s).
2026-07-30 21:08:35 - app.agents.vision_agent - INFO - VisionAgent analysis complete. Found 1 items.
2026-07-30 21:08:36 - app.agents.vision_agent - INFO - VisionAgent starting analysis.
2026-07-30 21:08:36 - app.services.yolo_service - INFO - Running YOLO inference...
2026-07-30 21:08:36 - app.services.yolo_service - INFO - No potholes detected in the image.
2026-07-30 21:08:36 - app.agents.vision_agent - INFO - VisionAgent analysis complete. Found 0 items.
2026-07-30 21:08:37 - app.agents.vision_agent - INFO - VisionAgent starting analysis.
2026-07-30 21:08:37 - app.services.yolo_service - INFO - Running YOLO inference...
2026-07-30 21:08:37 - app.services.yolo_service - INFO - No potholes detected in the image.
2026-07-30 21:08:37 - app.agents.vision_agent - INFO - VisionAgent analysis complete. Found 0 items.
2026-07-30 21:08:38 - app.agents.vision_agent - INFO - VisionAgent starting analysis.
2026-07-30 21:08:38 - app.services.yolo_service - INFO - Running YOLO inference...
2026-07-30 21:08:38 - app.services.yolo_service - INFO - No potholes detected in the image.
2026-07-30 21:08:38 - app.agents.vision_agent - INFO - VisionAgent analysis complete. Found 0 items.
2026-07-30 21:08:39 - app.agents.vision_agent - INFO - VisionAgent starting analysis.
2026-07-30 21:08:39 - app.services.yolo_service - INFO - Running YOLO inference...
2026-07-30 21:08:40 - app.services.yolo_service - INFO - No potholes detected in the image.
2026-07-30 21:08:40 - app.agents.vision_agent - INFO - VisionAgent analysis complete. Found 0 items.
2026-07-30 21:08:40 - app.agents.vision_agent - INFO - VisionAgent starting analysis.
2026-07-30 21:08:40 - app.services.yolo_service - INFO - Running YOLO inference...
2026-07-30 21:08:41 - app.services.yolo_service - INFO - No potholes detected in the image.
2026-07-30 21:08:41 - app.agents.vision_agent - INFO - VisionAgent analysis complete. Found 0 items.
2026-07-30 21:08:42 - app.agents.vision_agent - INFO - VisionAgent starting analysis.
2026-07-30 21:08:42 - app.services.yolo_service - INFO - Running YOLO inference...
2026-07-30 21:08:42 - app.services.yolo_service - INFO - No potholes detected in the image.
2026-07-30 21:08:42 - app.agents.vision_agent - INFO - VisionAgent analysis complete. Found 0 items.
2026-07-30 21:08:43 - app.agents.vision_agent - INFO - VisionAgent starting analysis.
2026-07-30 21:08:43 - app.services.yolo_service - INFO - Running YOLO inference...
2026-07-30 21:08:43 - app.services.yolo_service - INFO - No potholes detected in the image.
2026-07-30 21:08:43 - app.agents.vision_agent - INFO - VisionAgent analysis complete. Found 0 items.
2026-07-30 21:08:44 - app.agents.vision_agent - INFO - VisionAgent starting analysis.
2026-07-30 21:08:44 - app.services.yolo_service - INFO - Running YOLO inference...
2026-07-30 21:08:44 - app.services.yolo_service - INFO - No potholes detected in the image.
2026-07-30 21:08:44 - app.agents.vision_agent - INFO - VisionAgent analysis complete. Found 0 items.
2026-07-30 21:08:45 - app.agents.vision_agent - INFO - VisionAgent starting analysis.
2026-07-30 21:08:45 - app.services.yolo_service - INFO - Running YOLO inference...
2026-07-30 21:08:45 - app.services.yolo_service - INFO - Detected 1 pothole(s).
2026-07-30 21:08:45 - app.agents.vision_agent - INFO - VisionAgent analysis complete. Found 1 items.
2026-07-30 21:08:46 - app.agents.vision_agent - INFO - VisionAgent starting analysis.
2026-07-30 21:08:46 - app.services.yolo_service - INFO - Running YOLO inference...
2026-07-30 21:08:46 - app.services.yolo_service - INFO - Detected 1 pothole(s).
2026-07-30 21:08:46 - app.agents.vision_agent - INFO - VisionAgent analysis complete. Found 1 items.
2026-07-30 21:08:47 - app.agents.vision_agent - INFO - VisionAgent starting analysis.
2026-07-30 21:08:47 - app.services.yolo_service - INFO - Running YOLO inference...
2026-07-30 21:08:47 - app.services.yolo_service - INFO - Detected 1 pothole(s).
2026-07-30 21:08:47 - app.agents.vision_agent - INFO - VisionAgent analysis complete. Found 1 items.
2026-07-30 21:08:48 - app.agents.vision_agent - INFO - VisionAgent starting analysis.
2026-07-30 21:08:48 - app.services.yolo_service - INFO - Running YOLO inference...
2026-07-30 21:08:48 - app.services.yolo_service - INFO - Detected 1 pothole(s).
2026-07-30 21:08:48 - app.agents.vision_agent - INFO - VisionAgent analysis complete. Found 1 items.
2026-07-30 21:08:49 - app.agents.vision_agent - INFO - VisionAgent starting analysis.
2026-07-30 21:08:49 - app.services.yolo_service - INFO - Running YOLO inference...
2026-07-30 21:08:49 - app.services.yolo_service - INFO - No potholes detected in the image.
2026-07-30 21:08:49 - app.agents.vision_agent - INFO - VisionAgent analysis complete. Found 0 items.
2026-07-30 21:08:50 - app.agents.vision_agent - INFO - VisionAgent starting analysis.
2026-07-30 21:08:50 - app.services.yolo_service - INFO - Running YOLO inference...
2026-07-30 21:08:50 - app.services.yolo_service - INFO - No potholes detected in the image.
2026-07-30 21:08:50 - app.agents.vision_agent - INFO - VisionAgent analysis complete. Found 0 items.
2026-07-30 21:08:51 - app.agents.vision_agent - INFO - VisionAgent starting analysis.
2026-07-30 21:08:51 - app.services.yolo_service - INFO - Running YOLO inference...
2026-07-30 21:08:51 - app.services.yolo_service - INFO - No potholes detected in the image.
2026-07-30 21:08:51 - app.agents.vision_agent - INFO - VisionAgent analysis complete. Found 0 items.
2026-07-30 21:08:52 - app.agents.vision_agent - INFO - VisionAgent starting analysis.
2026-07-30 21:08:52 - app.services.yolo_service - INFO - Running YOLO inference...
2026-07-30 21:08:52 - app.services.yolo_service - INFO - No potholes detected in the image.
2026-07-30 21:08:52 - app.agents.vision_agent - INFO - VisionAgent analysis complete. Found 0 items.
2026-07-30 21:08:53 - app.agents.vision_agent - INFO - VisionAgent starting analysis.
2026-07-30 21:08:53 - app.services.yolo_service - INFO - Running YOLO inference...
2026-07-30 21:08:53 - app.services.yolo_service - INFO - No potholes detected in the image.
2026-07-30 21:08:53 - app.agents.vision_agent - INFO - VisionAgent analysis complete. Found 0 items.
2026-07-30 21:08:54 - app.agents.vision_agent - INFO - VisionAgent starting analysis.
2026-07-30 21:08:54 - app.services.yolo_service - INFO - Running YOLO inference...
2026-07-30 21:08:55 - app.services.yolo_service - INFO - No potholes detected in the image.
2026-07-30 21:08:55 - app.agents.vision_agent - INFO - VisionAgent analysis complete. Found 0 items.
2026-07-30 21:08:55 - app.agents.vision_agent - INFO - VisionAgent starting analysis.
2026-07-30 21:08:55 - app.services.yolo_service - INFO - Running YOLO inference...
2026-07-30 21:08:56 - app.services.yolo_service - INFO - No potholes detected in the image.
2026-07-30 21:08:56 - app.agents.vision_agent - INFO - VisionAgent analysis complete. Found 0 items.
2026-07-30 21:08:57 - app.agents.vision_agent - INFO - VisionAgent starting analysis.
2026-07-30 21:08:57 - app.services.yolo_service - INFO - Running YOLO inference...
2026-07-30 21:08:57 - app.services.yolo_service - INFO - No potholes detected in the image.
2026-07-30 21:08:57 - app.agents.vision_agent - INFO - VisionAgent analysis complete. Found 0 items.
2026-07-30 21:08:58 - app.agents.vision_agent - INFO - VisionAgent starting analysis.
2026-07-30 21:08:58 - app.services.yolo_service - INFO - Running YOLO inference...
2026-07-30 21:08:58 - app.services.yolo_service - INFO - No potholes detected in the image.
2026-07-30 21:08:58 - app.agents.vision_agent - INFO - VisionAgent analysis complete. Found 0 items.
2026-07-30 21:08:59 - app.agents.vision_agent - INFO - VisionAgent starting analysis.
2026-07-30 21:08:59 - app.services.yolo_service - INFO - Running YOLO inference...
2026-07-30 21:08:59 - app.services.yolo_service - INFO - No potholes detected in the image.
2026-07-30 21:08:59 - app.agents.vision_agent - INFO - VisionAgent analysis complete. Found 0 items.
2026-07-30 21:09:00 - app.agents.vision_agent - INFO - VisionAgent starting analysis.
2026-07-30 21:09:00 - app.services.yolo_service - INFO - Running YOLO inference...
2026-07-30 21:09:00 - app.services.yolo_service - INFO - No potholes detected in the image.
2026-07-30 21:09:00 - app.agents.vision_agent - INFO - VisionAgent analysis complete. Found 0 items.
2026-07-30 21:09:01 - app.agents.vision_agent - INFO - VisionAgent starting analysis.
2026-07-30 21:09:01 - app.services.yolo_service - INFO - Running YOLO inference...
2026-07-30 21:09:01 - app.services.yolo_service - INFO - No potholes detected in the image.
2026-07-30 21:09:01 - app.agents.vision_agent - INFO - VisionAgent analysis complete. Found 0 items.
2026-07-30 21:09:02 - app.agents.vision_agent - INFO - VisionAgent starting analysis.
2026-07-30 21:09:02 - app.services.yolo_service - INFO - Running YOLO inference...
2026-07-30 21:09:02 - app.services.yolo_service - INFO - No potholes detected in the image.
2026-07-30 21:09:02 - app.agents.vision_agent - INFO - VisionAgent analysis complete. Found 0 items.
2026-07-30 21:09:03 - app.agents.vision_agent - INFO - VisionAgent starting analysis.
2026-07-30 21:09:03 - app.services.yolo_service - INFO - Running YOLO inference...
2026-07-30 21:09:03 - app.services.yolo_service - INFO - No potholes detected in the image.
2026-07-30 21:09:03 - app.agents.vision_agent - INFO - VisionAgent analysis complete. Found 0 items.
2026-07-30 21:09:04 - app.agents.vision_agent - INFO - VisionAgent starting analysis.
2026-07-30 21:09:04 - app.services.yolo_service - INFO - Running YOLO inference...
2026-07-30 21:09:04 - app.services.yolo_service - INFO - No potholes detected in the image.
2026-07-30 21:09:04 - app.agents.vision_agent - INFO - VisionAgent analysis complete. Found 0 items.
2026-07-30 21:09:05 - app.agents.vision_agent - INFO - VisionAgent starting analysis.
2026-07-30 21:09:05 - app.services.yolo_service - INFO - Running YOLO inference...
2026-07-30 21:09:05 - app.services.yolo_service - INFO - No potholes detected in the image.
2026-07-30 21:09:05 - app.agents.vision_agent - INFO - VisionAgent analysis complete. Found 0 items.
2026-07-30 21:09:06 - app.agents.vision_agent - INFO - VisionAgent starting analysis.
2026-07-30 21:09:06 - app.services.yolo_service - INFO - Running YOLO inference...
2026-07-30 21:09:06 - app.services.yolo_service - INFO - No potholes detected in the image.
2026-07-30 21:09:06 - app.agents.vision_agent - INFO - VisionAgent analysis complete. Found 0 items.
2026-07-30 21:09:07 - app.agents.vision_agent - INFO - VisionAgent starting analysis.
2026-07-30 21:09:07 - app.services.yolo_service - INFO - Running YOLO inference...
2026-07-30 21:09:07 - app.services.yolo_service - INFO - No potholes detected in the image.
2026-07-30 21:09:07 - app.agents.vision_agent - INFO - VisionAgent analysis complete. Found 0 items.
2026-07-30 21:09:08 - app.agents.vision_agent - INFO - VisionAgent starting analysis.
2026-07-30 21:09:08 - app.services.yolo_service - INFO - Running YOLO inference...
2026-07-30 21:09:08 - app.services.yolo_service - INFO - No potholes detected in the image.
2026-07-30 21:09:08 - app.agents.vision_agent - INFO - VisionAgent analysis complete. Found 0 items.
2026-07-30 21:09:09 - app.agents.vision_agent - INFO - VisionAgent starting analysis.
2026-07-30 21:09:09 - app.services.yolo_service - INFO - Running YOLO inference...
2026-07-30 21:09:10 - app.services.yolo_service - INFO - No potholes detected in the image.
2026-07-30 21:09:10 - app.agents.vision_agent - INFO - VisionAgent analysis complete. Found 0 items.
2026-07-30 21:09:10 - app.agents.vision_agent - INFO - VisionAgent starting analysis.
2026-07-30 21:09:10 - app.services.yolo_service - INFO - Running YOLO inference...
2026-07-30 21:09:11 - app.services.yolo_service - INFO - Detected 1 pothole(s).
2026-07-30 21:09:11 - app.agents.vision_agent - INFO - VisionAgent analysis complete. Found 1 items.
2026-07-30 21:09:12 - app.agents.vision_agent - INFO - VisionAgent starting analysis.
2026-07-30 21:09:12 - app.services.yolo_service - INFO - Running YOLO inference...
2026-07-30 21:09:12 - app.services.yolo_service - INFO - No potholes detected in the image.
2026-07-30 21:09:12 - app.agents.vision_agent - INFO - VisionAgent analysis complete. Found 0 items.
2026-07-30 21:09:13 - app.agents.vision_agent - INFO - VisionAgent starting analysis.
2026-07-30 21:09:13 - app.services.yolo_service - INFO - Running YOLO inference...
2026-07-30 21:09:13 - app.services.yolo_service - INFO - No potholes detected in the image.
2026-07-30 21:09:13 - app.agents.vision_agent - INFO - VisionAgent analysis complete. Found 0 items.
2026-07-30 21:09:14 - app.agents.vision_agent - INFO - VisionAgent starting analysis.
2026-07-30 21:09:14 - app.services.yolo_service - INFO - Running YOLO inference...
2026-07-30 21:09:14 - app.services.yolo_service - INFO - No potholes detected in the image.
2026-07-30 21:09:14 - app.agents.vision_agent - INFO - VisionAgent analysis complete. Found 0 items.
2026-07-30 21:09:16 - app.agents.vision_agent - INFO - VisionAgent starting analysis.
2026-07-30 21:09:16 - app.services.yolo_service - INFO - Running YOLO inference...
2026-07-30 21:09:16 - app.services.yolo_service - INFO - No potholes detected in the image.
2026-07-30 21:09:16 - app.agents.vision_agent - INFO - VisionAgent analysis complete. Found 0 items.
2026-07-30 21:09:17 - app.agents.vision_agent - INFO - VisionAgent starting analysis.
2026-07-30 21:09:17 - app.services.yolo_service - INFO - Running YOLO inference...
2026-07-30 21:09:17 - app.services.yolo_service - INFO - No potholes detected in the image.
2026-07-30 21:09:17 - app.agents.vision_agent - INFO - VisionAgent analysis complete. Found 0 items.
2026-07-30 21:09:18 - app.agents.vision_agent - INFO - VisionAgent starting analysis.
2026-07-30 21:09:18 - app.services.yolo_service - INFO - Running YOLO inference...
2026-07-30 21:09:18 - app.services.yolo_service - INFO - No potholes detected in the image.
2026-07-30 21:09:18 - app.agents.vision_agent - INFO - VisionAgent analysis complete. Found 0 items.
2026-07-30 21:09:20 - app.agents.vision_agent - INFO - VisionAgent starting analysis.
2026-07-30 21:09:20 - app.services.yolo_service - INFO - Running YOLO inference...
2026-07-30 21:09:20 - app.services.yolo_service - INFO - No potholes detected in the image.
2026-07-30 21:09:20 - app.agents.vision_agent - INFO - VisionAgent analysis complete. Found 0 items.
2026-07-30 21:09:21 - app.agents.vision_agent - INFO - VisionAgent starting analysis.
2026-07-30 21:09:21 - app.services.yolo_service - INFO - Running YOLO inference...
2026-07-30 21:09:21 - app.services.yolo_service - INFO - No potholes detected in the image.
2026-07-30 21:09:21 - app.agents.vision_agent - INFO - VisionAgent analysis complete. Found 0 items.
2026-07-30 21:09:22 - app.agents.vision_agent - INFO - VisionAgent starting analysis.
2026-07-30 21:09:22 - app.services.yolo_service - INFO - Running YOLO inference...
2026-07-30 21:09:22 - app.services.yolo_service - INFO - No potholes detected in the image.
2026-07-30 21:09:22 - app.agents.vision_agent - INFO - VisionAgent analysis complete. Found 0 items.
2026-07-30 21:09:24 - app.agents.vision_agent - INFO - VisionAgent starting analysis.
2026-07-30 21:09:24 - app.services.yolo_service - INFO - Running YOLO inference...
2026-07-30 21:09:24 - app.services.yolo_service - INFO - No potholes detected in the image.
2026-07-30 21:09:24 - app.agents.vision_agent - INFO - VisionAgent analysis complete. Found 0 items.
2026-07-30 21:09:25 - app.agents.vision_agent - INFO - VisionAgent starting analysis.
2026-07-30 21:09:25 - app.services.yolo_service - INFO - Running YOLO inference...
2026-07-30 21:09:25 - app.services.yolo_service - INFO - No potholes detected in the image.
2026-07-30 21:09:25 - app.agents.vision_agent - INFO - VisionAgent analysis complete. Found 0 items.
2026-07-30 21:09:26 - app.agents.vision_agent - INFO - VisionAgent starting analysis.
2026-07-30 21:09:26 - app.services.yolo_service - INFO - Running YOLO inference...
2026-07-30 21:09:26 - app.services.yolo_service - INFO - No potholes detected in the image.
2026-07-30 21:09:26 - app.agents.vision_agent - INFO - VisionAgent analysis complete. Found 0 items.
2026-07-30 21:09:28 - app.agents.vision_agent - INFO - VisionAgent starting analysis.
2026-07-30 21:09:28 - app.services.yolo_service - INFO - Running YOLO inference...
2026-07-30 21:09:28 - app.services.yolo_service - INFO - No potholes detected in the image.
2026-07-30 21:09:28 - app.agents.vision_agent - INFO - VisionAgent analysis complete. Found 0 items.
2026-07-30 21:09:29 - app.agents.vision_agent - INFO - VisionAgent starting analysis.
2026-07-30 21:09:29 - app.services.yolo_service - INFO - Running YOLO inference...
2026-07-30 21:09:29 - app.services.yolo_service - INFO - No potholes detected in the image.
2026-07-30 21:09:29 - app.agents.vision_agent - INFO - VisionAgent analysis complete. Found 0 items.
2026-07-30 21:09:30 - app.agents.vision_agent - INFO - VisionAgent starting analysis.
2026-07-30 21:09:30 - app.services.yolo_service - INFO - Running YOLO inference...
2026-07-30 21:09:30 - app.services.yolo_service - INFO - No potholes detected in the image.
2026-07-30 21:09:30 - app.agents.vision_agent - INFO - VisionAgent analysis complete. Found 0 items.
2026-07-30 21:09:32 - app.agents.vision_agent - INFO - VisionAgent starting analysis.
2026-07-30 21:09:32 - app.services.yolo_service - INFO - Running YOLO inference...
2026-07-30 21:09:32 - app.services.yolo_service - INFO - No potholes detected in the image.
2026-07-30 21:09:32 - app.agents.vision_agent - INFO - VisionAgent analysis complete. Found 0 items.
2026-07-30 21:09:33 - app.agents.vision_agent - INFO - VisionAgent starting analysis.
2026-07-30 21:09:33 - app.services.yolo_service - INFO - Running YOLO inference...
2026-07-30 21:09:33 - app.services.yolo_service - INFO - No potholes detected in the image.
2026-07-30 21:09:33 - app.agents.vision_agent - INFO - VisionAgent analysis complete. Found 0 items.
2026-07-30 21:09:34 - app.agents.vision_agent - INFO - VisionAgent starting analysis.
2026-07-30 21:09:34 - app.services.yolo_service - INFO - Running YOLO inference...
2026-07-30 21:09:34 - app.services.yolo_service - INFO - No potholes detected in the image.
2026-07-30 21:09:34 - app.agents.vision_agent - INFO - VisionAgent analysis complete. Found 0 items.
2026-07-30 21:09:36 - app.agents.vision_agent - INFO - VisionAgent starting analysis.
2026-07-30 21:09:36 - app.services.yolo_service - INFO - Running YOLO inference...
2026-07-30 21:09:36 - app.services.yolo_service - INFO - No potholes detected in the image.
2026-07-30 21:09:36 - app.agents.vision_agent - INFO - VisionAgent analysis complete. Found 0 items.
2026-07-30 21:09:37 - app.agents.vision_agent - INFO - VisionAgent starting analysis.
2026-07-30 21:09:37 - app.services.yolo_service - INFO - Running YOLO inference...
2026-07-30 21:09:37 - app.services.yolo_service - INFO - No potholes detected in the image.
2026-07-30 21:09:37 - app.agents.vision_agent - INFO - VisionAgent analysis complete. Found 0 items.
2026-07-30 21:09:38 - app.agents.vision_agent - INFO - VisionAgent starting analysis.
2026-07-30 21:09:38 - app.services.yolo_service - INFO - Running YOLO inference...
2026-07-30 21:09:38 - app.services.yolo_service - INFO - Detected 1 pothole(s).
2026-07-30 21:09:38 - app.agents.vision_agent - INFO - VisionAgent analysis complete. Found 1 items.
2026-07-30 21:09:40 - app.agents.vision_agent - INFO - VisionAgent starting analysis.
2026-07-30 21:09:40 - app.services.yolo_service - INFO - Running YOLO inference...
2026-07-30 21:09:40 - app.services.yolo_service - INFO - No potholes detected in the image.
2026-07-30 21:09:40 - app.agents.vision_agent - INFO - VisionAgent analysis complete. Found 0 items.
2026-07-30 21:09:41 - app.agents.vision_agent - INFO - VisionAgent starting analysis.
2026-07-30 21:09:41 - app.services.yolo_service - INFO - Running YOLO inference...
2026-07-30 21:09:41 - app.services.yolo_service - INFO - No potholes detected in the image.
2026-07-30 21:09:41 - app.agents.vision_agent - INFO - VisionAgent analysis complete. Found 0 items.
2026-07-30 21:09:42 - app.agents.vision_agent - INFO - VisionAgent starting analysis.
2026-07-30 21:09:42 - app.services.yolo_service - INFO - Running YOLO inference...
2026-07-30 21:09:42 - app.services.yolo_service - INFO - No potholes detected in the image.
2026-07-30 21:09:42 - app.agents.vision_agent - INFO - VisionAgent analysis complete. Found 0 items.
2026-07-30 21:09:44 - app.agents.vision_agent - INFO - VisionAgent starting analysis.
2026-07-30 21:09:44 - app.services.yolo_service - INFO - Running YOLO inference...
2026-07-30 21:09:44 - app.services.yolo_service - INFO - No potholes detected in the image.
2026-07-30 21:09:44 - app.agents.vision_agent - INFO - VisionAgent analysis complete. Found 0 items.
2026-07-30 21:09:45 - app.agents.vision_agent - INFO - VisionAgent starting analysis.
2026-07-30 21:09:45 - app.services.yolo_service - INFO - Running YOLO inference...
2026-07-30 21:09:45 - app.services.yolo_service - INFO - No potholes detected in the image.
2026-07-30 21:09:45 - app.agents.vision_agent - INFO - VisionAgent analysis complete. Found 0 items.
2026-07-30 21:09:46 - app.agents.vision_agent - INFO - VisionAgent starting analysis.
2026-07-30 21:09:46 - app.services.yolo_service - INFO - Running YOLO inference...
2026-07-30 21:09:46 - app.services.yolo_service - INFO - No potholes detected in the image.
2026-07-30 21:09:46 - app.agents.vision_agent - INFO - VisionAgent analysis complete. Found 0 items.
2026-07-30 21:09:48 - app.agents.vision_agent - INFO - VisionAgent starting analysis.
2026-07-30 21:09:48 - app.services.yolo_service - INFO - Running YOLO inference...
2026-07-30 21:09:48 - app.services.yolo_service - INFO - No potholes detected in the image.
2026-07-30 21:09:48 - app.agents.vision_agent - INFO - VisionAgent analysis complete. Found 0 items.
2026-07-30 21:09:49 - app.agents.vision_agent - INFO - VisionAgent starting analysis.
2026-07-30 21:09:49 - app.services.yolo_service - INFO - Running YOLO inference...
2026-07-30 21:09:49 - app.services.yolo_service - INFO - No potholes detected in the image.
2026-07-30 21:09:49 - app.agents.vision_agent - INFO - VisionAgent analysis complete. Found 0 items.
2026-07-30 21:09:50 - app.agents.vision_agent - INFO - VisionAgent starting analysis.
2026-07-30 21:09:50 - app.services.yolo_service - INFO - Running YOLO inference...
2026-07-30 21:09:50 - app.services.yolo_service - INFO - No potholes detected in the image.
2026-07-30 21:09:50 - app.agents.vision_agent - INFO - VisionAgent analysis complete. Found 0 items.
2026-07-30 21:09:52 - app.agents.vision_agent - INFO - VisionAgent starting analysis.
2026-07-30 21:09:52 - app.services.yolo_service - INFO - Running YOLO inference...
2026-07-30 21:09:52 - app.services.yolo_service - INFO - No potholes detected in the image.
2026-07-30 21:09:52 - app.agents.vision_agent - INFO - VisionAgent analysis complete. Found 0 items.
2026-07-30 21:09:53 - app.agents.vision_agent - INFO - VisionAgent starting analysis.
2026-07-30 21:09:53 - app.services.yolo_service - INFO - Running YOLO inference...
2026-07-30 21:09:53 - app.services.yolo_service - INFO - No potholes detected in the image.
2026-07-30 21:09:53 - app.agents.vision_agent - INFO - VisionAgent analysis complete. Found 0 items.
2026-07-30 21:09:54 - app.agents.vision_agent - INFO - VisionAgent starting analysis.
2026-07-30 21:09:54 - app.services.yolo_service - INFO - Running YOLO inference...
2026-07-30 21:09:54 - app.services.yolo_service - INFO - No potholes detected in the image.
2026-07-30 21:09:54 - app.agents.vision_agent - INFO - VisionAgent analysis complete. Found 0 items.
2026-07-30 21:09:56 - app.agents.vision_agent - INFO - VisionAgent starting analysis.
2026-07-30 21:09:56 - app.services.yolo_service - INFO - Running YOLO inference...
2026-07-30 21:09:56 - app.services.yolo_service - INFO - No potholes detected in the image.
2026-07-30 21:09:56 - app.agents.vision_agent - INFO - VisionAgent analysis complete. Found 0 items.
2026-07-30 21:09:57 - app.agents.vision_agent - INFO - VisionAgent starting analysis.
2026-07-30 21:09:57 - app.services.yolo_service - INFO - Running YOLO inference...
2026-07-30 21:09:57 - app.services.yolo_service - INFO - No potholes detected in the image.
2026-07-30 21:09:57 - app.agents.vision_agent - INFO - VisionAgent analysis complete. Found 0 items.
2026-07-30 21:09:58 - app.agents.vision_agent - INFO - VisionAgent starting analysis.
2026-07-30 21:09:58 - app.services.yolo_service - INFO - Running YOLO inference...
2026-07-30 21:09:59 - app.services.yolo_service - INFO - No potholes detected in the image.
2026-07-30 21:09:59 - app.agents.vision_agent - INFO - VisionAgent analysis complete. Found 0 items.
2026-07-30 21:10:00 - app.agents.vision_agent - INFO - VisionAgent starting analysis.
2026-07-30 21:10:00 - app.services.yolo_service - INFO - Running YOLO inference...
2026-07-30 21:10:00 - app.services.yolo_service - INFO - No potholes detected in the image.
2026-07-30 21:10:00 - app.agents.vision_agent - INFO - VisionAgent analysis complete. Found 0 items.
2026-07-30 21:10:01 - app.agents.vision_agent - INFO - VisionAgent starting analysis.
2026-07-30 21:10:01 - app.services.yolo_service - INFO - Running YOLO inference...
2026-07-30 21:10:01 - app.services.yolo_service - INFO - No potholes detected in the image.
2026-07-30 21:10:01 - app.agents.vision_agent - INFO - VisionAgent analysis complete. Found 0 items.
2026-07-30 21:10:02 - app.agents.vision_agent - INFO - VisionAgent starting analysis.
2026-07-30 21:10:02 - app.services.yolo_service - INFO - Running YOLO inference...
2026-07-30 21:10:02 - app.services.yolo_service - INFO - No potholes detected in the image.
2026-07-30 21:10:02 - app.agents.vision_agent - INFO - VisionAgent analysis complete. Found 0 items.
2026-07-30 21:10:04 - app.agents.vision_agent - INFO - VisionAgent starting analysis.
2026-07-30 21:10:04 - app.services.yolo_service - INFO - Running YOLO inference...
2026-07-30 21:10:04 - app.services.yolo_service - INFO - No potholes detected in the image.
2026-07-30 21:10:04 - app.agents.vision_agent - INFO - VisionAgent analysis complete. Found 0 items.
2026-07-30 21:10:05 - app.agents.vision_agent - INFO - VisionAgent starting analysis.
2026-07-30 21:10:05 - app.services.yolo_service - INFO - Running YOLO inference...
2026-07-30 21:10:05 - app.services.yolo_service - INFO - No potholes detected in the image.
2026-07-30 21:10:05 - app.agents.vision_agent - INFO - VisionAgent analysis complete. Found 0 items.
2026-07-30 21:10:06 - app.agents.vision_agent - INFO - VisionAgent starting analysis.
2026-07-30 21:10:06 - app.services.yolo_service - INFO - Running YOLO inference...
2026-07-30 21:10:06 - app.services.yolo_service - INFO - No potholes detected in the image.
2026-07-30 21:10:06 - app.agents.vision_agent - INFO - VisionAgent analysis complete. Found 0 items.
2026-07-30 21:10:08 - app.agents.vision_agent - INFO - VisionAgent starting analysis.
2026-07-30 21:10:08 - app.services.yolo_service - INFO - Running YOLO inference...
2026-07-30 21:10:08 - app.services.yolo_service - INFO - No potholes detected in the image.
2026-07-30 21:10:08 - app.agents.vision_agent - INFO - VisionAgent analysis complete. Found 0 items.
2026-07-30 21:10:09 - app.agents.vision_agent - INFO - VisionAgent starting analysis.
2026-07-30 21:10:09 - app.services.yolo_service - INFO - Running YOLO inference...
2026-07-30 21:10:09 - app.services.yolo_service - INFO - No potholes detected in the image.
2026-07-30 21:10:09 - app.agents.vision_agent - INFO - VisionAgent analysis complete. Found 0 items.
2026-07-30 21:10:10 - app.agents.vision_agent - INFO - VisionAgent starting analysis.
2026-07-30 21:10:10 - app.services.yolo_service - INFO - Running YOLO inference...
2026-07-30 21:10:10 - app.services.yolo_service - INFO - No potholes detected in the image.
2026-07-30 21:10:10 - app.agents.vision_agent - INFO - VisionAgent analysis complete. Found 0 items.
2026-07-30 21:10:12 - app.agents.vision_agent - INFO - VisionAgent starting analysis.
2026-07-30 21:10:12 - app.services.yolo_service - INFO - Running YOLO inference...
2026-07-30 21:10:12 - app.services.yolo_service - INFO - No potholes detected in the image.
2026-07-30 21:10:12 - app.agents.vision_agent - INFO - VisionAgent analysis complete. Found 0 items.
2026-07-30 21:10:13 - app.agents.vision_agent - INFO - VisionAgent starting analysis.
2026-07-30 21:10:13 - app.services.yolo_service - INFO - Running YOLO inference...
2026-07-30 21:10:13 - app.services.yolo_service - INFO - No potholes detected in the image.
2026-07-30 21:10:13 - app.agents.vision_agent - INFO - VisionAgent analysis complete. Found 0 items.
2026-07-30 21:10:14 - app.agents.vision_agent - INFO - VisionAgent starting analysis.
2026-07-30 21:10:14 - app.services.yolo_service - INFO - Running YOLO inference...
2026-07-30 21:10:14 - app.services.yolo_service - INFO - No potholes detected in the image.
2026-07-30 21:10:14 - app.agents.vision_agent - INFO - VisionAgent analysis complete. Found 0 items.
2026-07-30 21:10:26 - app.models.loaders - INFO - Initialized ModelLoader singleton.
2026-07-30 21:10:26 - app.agents.vision_agent - INFO - VisionAgent initialized.
2026-07-30 21:10:26 - app.database.firebase - INFO - Initializing Firebase with credentials from C:\Users\MONALISA DAS\RoadGuardianAI\firebase-credentials.json
2026-07-30 21:10:27 - app.database.firebase - INFO - Successfully initialized Firebase Admin SDK.
2026-07-30 21:10:27 - app.database.firebase - INFO - Firestore client created.
2026-07-30 21:10:27 - app.agents.vision_agent - INFO - VisionAgent starting analysis.
2026-07-30 21:10:27 - app.models.loaders - INFO - Loading YOLOv8 pothole model from C:\Users\MONALISA DAS\RoadGuardianAI\backend\app\models\pothole\best.pt...
2026-07-30 21:10:27 - app.models.loaders - INFO - Successfully loaded YOLOv8 pothole model.
2026-07-30 21:10:27 - app.services.yolo_service - INFO - Running YOLO inference...
2026-07-30 21:10:31 - app.services.yolo_service - INFO - No potholes detected in the image.
2026-07-30 21:10:31 - app.agents.vision_agent - INFO - VisionAgent analysis complete. Found 0 items.
2026-07-30 21:10:32 - app.agents.vision_agent - INFO - VisionAgent starting analysis.
2026-07-30 21:10:32 - app.services.yolo_service - INFO - Running YOLO inference...
2026-07-30 21:10:32 - app.services.yolo_service - INFO - No potholes detected in the image.
2026-07-30 21:10:32 - app.agents.vision_agent - INFO - VisionAgent analysis complete. Found 0 items.
2026-07-30 21:10:33 - app.agents.vision_agent - INFO - VisionAgent starting analysis.
2026-07-30 21:10:33 - app.services.yolo_service - INFO - Running YOLO inference...
2026-07-30 21:10:33 - app.services.yolo_service - INFO - No potholes detected in the image.
2026-07-30 21:10:33 - app.agents.vision_agent - INFO - VisionAgent analysis complete. Found 0 items.
2026-07-30 21:10:35 - app.agents.vision_agent - INFO - VisionAgent starting analysis.
2026-07-30 21:10:35 - app.services.yolo_service - INFO - Running YOLO inference...
2026-07-30 21:10:35 - app.services.yolo_service - INFO - No potholes detected in the image.
2026-07-30 21:10:35 - app.agents.vision_agent - INFO - VisionAgent analysis complete. Found 0 items.
2026-07-30 21:10:36 - app.agents.vision_agent - INFO - VisionAgent starting analysis.
2026-07-30 21:10:36 - app.services.yolo_service - INFO - Running YOLO inference...
2026-07-30 21:10:36 - app.services.yolo_service - INFO - No potholes detected in the image.
2026-07-30 21:10:36 - app.agents.vision_agent - INFO - VisionAgent analysis complete. Found 0 items.
2026-07-30 21:10:37 - app.agents.vision_agent - INFO - VisionAgent starting analysis.
2026-07-30 21:10:37 - app.services.yolo_service - INFO - Running YOLO inference...
2026-07-30 21:10:37 - app.services.yolo_service - INFO - No potholes detected in the image.
2026-07-30 21:10:37 - app.agents.vision_agent - INFO - VisionAgent analysis complete. Found 0 items.
2026-07-30 21:10:39 - app.agents.vision_agent - INFO - VisionAgent starting analysis.
2026-07-30 21:10:39 - app.services.yolo_service - INFO - Running YOLO inference...
2026-07-30 21:10:39 - app.services.yolo_service - INFO - No potholes detected in the image.
2026-07-30 21:10:39 - app.agents.vision_agent - INFO - VisionAgent analysis complete. Found 0 items.
2026-07-30 21:10:40 - app.agents.vision_agent - INFO - VisionAgent starting analysis.
2026-07-30 21:10:40 - app.services.yolo_service - INFO - Running YOLO inference...
2026-07-30 21:10:40 - app.services.yolo_service - INFO - No potholes detected in the image.
2026-07-30 21:10:40 - app.agents.vision_agent - INFO - VisionAgent analysis complete. Found 0 items.
2026-07-30 21:10:41 - app.agents.vision_agent - INFO - VisionAgent starting analysis.
2026-07-30 21:10:41 - app.services.yolo_service - INFO - Running YOLO inference...
2026-07-30 21:10:41 - app.services.yolo_service - INFO - No potholes detected in the image.
2026-07-30 21:10:41 - app.agents.vision_agent - INFO - VisionAgent analysis complete. Found 0 items.
2026-07-30 21:10:43 - app.agents.vision_agent - INFO - VisionAgent starting analysis.
2026-07-30 21:10:43 - app.services.yolo_service - INFO - Running YOLO inference...
2026-07-30 21:10:43 - app.services.yolo_service - INFO - No potholes detected in the image.
2026-07-30 21:10:43 - app.agents.vision_agent - INFO - VisionAgent analysis complete. Found 0 items.
2026-07-30 21:10:44 - app.agents.vision_agent - INFO - VisionAgent starting analysis.
2026-07-30 21:10:44 - app.services.yolo_service - INFO - Running YOLO inference...
2026-07-30 21:10:44 - app.services.yolo_service - INFO - No potholes detected in the image.
2026-07-30 21:10:44 - app.agents.vision_agent - INFO - VisionAgent analysis complete. Found 0 items.
2026-07-30 21:10:45 - app.agents.vision_agent - INFO - VisionAgent starting analysis.
2026-07-30 21:10:45 - app.services.yolo_service - INFO - Running YOLO inference...
2026-07-30 21:10:45 - app.services.yolo_service - INFO - No potholes detected in the image.
2026-07-30 21:10:45 - app.agents.vision_agent - INFO - VisionAgent analysis complete. Found 0 items.
2026-07-30 21:10:46 - app.agents.vision_agent - INFO - VisionAgent starting analysis.
2026-07-30 21:10:46 - app.services.yolo_service - INFO - Running YOLO inference...
2026-07-30 21:10:47 - app.services.yolo_service - INFO - No potholes detected in the image.
2026-07-30 21:10:47 - app.agents.vision_agent - INFO - VisionAgent analysis complete. Found 0 items.
2026-07-30 21:10:48 - app.agents.vision_agent - INFO - VisionAgent starting analysis.
2026-07-30 21:10:48 - app.services.yolo_service - INFO - Running YOLO inference...
2026-07-30 21:10:48 - app.services.yolo_service - INFO - No potholes detected in the image.
2026-07-30 21:10:48 - app.agents.vision_agent - INFO - VisionAgent analysis complete. Found 0 items.
2026-07-30 21:10:49 - app.agents.vision_agent - INFO - VisionAgent starting analysis.
2026-07-30 21:10:49 - app.services.yolo_service - INFO - Running YOLO inference...
2026-07-30 21:10:49 - app.services.yolo_service - INFO - No potholes detected in the image.
2026-07-30 21:10:49 - app.agents.vision_agent - INFO - VisionAgent analysis complete. Found 0 items.
2026-07-30 21:10:50 - app.agents.vision_agent - INFO - VisionAgent starting analysis.
2026-07-30 21:10:50 - app.services.yolo_service - INFO - Running YOLO inference...
2026-07-30 21:10:51 - app.services.yolo_service - INFO - No potholes detected in the image.
2026-07-30 21:10:51 - app.agents.vision_agent - INFO - VisionAgent analysis complete. Found 0 items.
2026-07-30 21:10:52 - app.agents.vision_agent - INFO - VisionAgent starting analysis.
2026-07-30 21:10:52 - app.services.yolo_service - INFO - Running YOLO inference...
2026-07-30 21:10:52 - app.services.yolo_service - INFO - No potholes detected in the image.
2026-07-30 21:10:52 - app.agents.vision_agent - INFO - VisionAgent analysis complete. Found 0 items.
2026-07-30 21:10:53 - app.agents.vision_agent - INFO - VisionAgent starting analysis.
2026-07-30 21:10:53 - app.services.yolo_service - INFO - Running YOLO inference...
2026-07-30 21:10:53 - app.services.yolo_service - INFO - No potholes detected in the image.
2026-07-30 21:10:53 - app.agents.vision_agent - INFO - VisionAgent analysis complete. Found 0 items.
2026-07-30 21:10:54 - app.agents.vision_agent - INFO - VisionAgent starting analysis.
2026-07-30 21:10:54 - app.services.yolo_service - INFO - Running YOLO inference...
2026-07-30 21:10:55 - app.services.yolo_service - INFO - No potholes detected in the image.
2026-07-30 21:10:55 - app.agents.vision_agent - INFO - VisionAgent analysis complete. Found 0 items.
2026-07-30 21:10:56 - app.agents.vision_agent - INFO - VisionAgent starting analysis.
2026-07-30 21:10:56 - app.services.yolo_service - INFO - Running YOLO inference...
2026-07-30 21:10:56 - app.services.yolo_service - INFO - No potholes detected in the image.
2026-07-30 21:10:56 - app.agents.vision_agent - INFO - VisionAgent analysis complete. Found 0 items.
2026-07-30 21:10:57 - app.agents.vision_agent - INFO - VisionAgent starting analysis.
2026-07-30 21:10:57 - app.services.yolo_service - INFO - Running YOLO inference...
2026-07-30 21:10:57 - app.services.yolo_service - INFO - No potholes detected in the image.
2026-07-30 21:10:57 - app.agents.vision_agent - INFO - VisionAgent analysis complete. Found 0 items.
2026-07-30 21:10:58 - app.agents.vision_agent - INFO - VisionAgent starting analysis.
2026-07-30 21:10:58 - app.services.yolo_service - INFO - Running YOLO inference...
2026-07-30 21:10:59 - app.services.yolo_service - INFO - No potholes detected in the image.
2026-07-30 21:10:59 - app.agents.vision_agent - INFO - VisionAgent analysis complete. Found 0 items.
2026-07-30 21:11:00 - app.agents.vision_agent - INFO - VisionAgent starting analysis.
2026-07-30 21:11:00 - app.services.yolo_service - INFO - Running YOLO inference...
2026-07-30 21:11:00 - app.services.yolo_service - INFO - No potholes detected in the image.
2026-07-30 21:11:00 - app.agents.vision_agent - INFO - VisionAgent analysis complete. Found 0 items.
2026-07-30 21:11:01 - app.agents.vision_agent - INFO - VisionAgent starting analysis.
2026-07-30 21:11:01 - app.services.yolo_service - INFO - Running YOLO inference...
2026-07-30 21:11:01 - app.services.yolo_service - INFO - No potholes detected in the image.
2026-07-30 21:11:01 - app.agents.vision_agent - INFO - VisionAgent analysis complete. Found 0 items.
2026-07-30 21:11:02 - app.agents.vision_agent - INFO - VisionAgent starting analysis.
2026-07-30 21:11:02 - app.services.yolo_service - INFO - Running YOLO inference...
2026-07-30 21:11:03 - app.services.yolo_service - INFO - No potholes detected in the image.
2026-07-30 21:11:03 - app.agents.vision_agent - INFO - VisionAgent analysis complete. Found 0 items.
2026-07-30 21:11:04 - app.agents.vision_agent - INFO - VisionAgent starting analysis.
2026-07-30 21:11:04 - app.services.yolo_service - INFO - Running YOLO inference...
2026-07-30 21:11:04 - app.services.yolo_service - INFO - No potholes detected in the image.
2026-07-30 21:11:04 - app.agents.vision_agent - INFO - VisionAgent analysis complete. Found 0 items.
2026-07-30 21:11:05 - app.agents.vision_agent - INFO - VisionAgent starting analysis.
2026-07-30 21:11:05 - app.services.yolo_service - INFO - Running YOLO inference...
2026-07-30 21:11:05 - app.services.yolo_service - INFO - No potholes detected in the image.
2026-07-30 21:11:05 - app.agents.vision_agent - INFO - VisionAgent analysis complete. Found 0 items.
2026-07-30 21:11:06 - app.agents.vision_agent - INFO - VisionAgent starting analysis.
2026-07-30 21:11:06 - app.services.yolo_service - INFO - Running YOLO inference...
2026-07-30 21:11:07 - app.services.yolo_service - INFO - No potholes detected in the image.
2026-07-30 21:11:07 - app.agents.vision_agent - INFO - VisionAgent analysis complete. Found 0 items.
2026-07-30 21:11:08 - app.agents.vision_agent - INFO - VisionAgent starting analysis.
2026-07-30 21:11:08 - app.services.yolo_service - INFO - Running YOLO inference...
2026-07-30 21:11:08 - app.services.yolo_service - INFO - No potholes detected in the image.
2026-07-30 21:11:08 - app.agents.vision_agent - INFO - VisionAgent analysis complete. Found 0 items.
2026-07-30 21:11:09 - app.agents.vision_agent - INFO - VisionAgent starting analysis.
2026-07-30 21:11:09 - app.services.yolo_service - INFO - Running YOLO inference...
2026-07-30 21:11:09 - app.services.yolo_service - INFO - No potholes detected in the image.
2026-07-30 21:11:09 - app.agents.vision_agent - INFO - VisionAgent analysis complete. Found 0 items.
2026-07-30 21:11:10 - app.agents.vision_agent - INFO - VisionAgent starting analysis.
2026-07-30 21:11:10 - app.services.yolo_service - INFO - Running YOLO inference...
2026-07-30 21:11:11 - app.services.yolo_service - INFO - No potholes detected in the image.
2026-07-30 21:11:11 - app.agents.vision_agent - INFO - VisionAgent analysis complete. Found 0 items.
2026-07-30 21:11:12 - app.agents.vision_agent - INFO - VisionAgent starting analysis.
2026-07-30 21:11:12 - app.services.yolo_service - INFO - Running YOLO inference...
2026-07-30 21:11:12 - app.services.yolo_service - INFO - No potholes detected in the image.
2026-07-30 21:11:12 - app.agents.vision_agent - INFO - VisionAgent analysis complete. Found 0 items.
2026-07-30 21:11:13 - app.agents.vision_agent - INFO - VisionAgent starting analysis.
2026-07-30 21:11:13 - app.services.yolo_service - INFO - Running YOLO inference...
2026-07-30 21:11:13 - app.services.yolo_service - INFO - No potholes detected in the image.
2026-07-30 21:11:13 - app.agents.vision_agent - INFO - VisionAgent analysis complete. Found 0 items.
2026-07-30 21:11:14 - app.agents.vision_agent - INFO - VisionAgent starting analysis.
2026-07-30 21:11:14 - app.services.yolo_service - INFO - Running YOLO inference...
2026-07-30 21:11:15 - app.services.yolo_service - ERROR - Error during YOLO inference: name 'normalized_area' is not defined
2026-07-30 21:11:15 - app.agents.vision_agent - ERROR - VisionAgent failed during analysis: name 'normalized_area' is not defined
2026-07-30 21:11:15 - app.api.predict - ERROR - Frame prediction failed: name 'normalized_area' is not defined
2026-07-30 21:11:16 - app.agents.vision_agent - INFO - VisionAgent starting analysis.
2026-07-30 21:11:16 - app.services.yolo_service - INFO - Running YOLO inference...
2026-07-30 21:11:16 - app.services.yolo_service - INFO - No potholes detected in the image.
2026-07-30 21:11:16 - app.agents.vision_agent - INFO - VisionAgent analysis complete. Found 0 items.
2026-07-30 21:11:24 - app.models.loaders - INFO - Initialized ModelLoader singleton.
2026-07-30 21:11:24 - app.agents.vision_agent - INFO - VisionAgent initialized.
2026-07-30 21:11:24 - app.database.firebase - INFO - Initializing Firebase with credentials from C:\Users\MONALISA DAS\RoadGuardianAI\firebase-credentials.json
2026-07-30 21:11:24 - app.database.firebase - INFO - Successfully initialized Firebase Admin SDK.
2026-07-30 21:11:24 - app.database.firebase - INFO - Firestore client created.
2026-07-30 21:11:24 - app.agents.vision_agent - INFO - VisionAgent starting analysis.
2026-07-30 21:11:24 - app.models.loaders - INFO - Loading YOLOv8 pothole model from C:\Users\MONALISA DAS\RoadGuardianAI\backend\app\models\pothole\best.pt...
2026-07-30 21:11:24 - app.models.loaders - INFO - Successfully loaded YOLOv8 pothole model.
2026-07-30 21:11:24 - app.services.yolo_service - INFO - Running YOLO inference...
2026-07-30 21:11:27 - app.services.yolo_service - INFO - No potholes detected in the image.
2026-07-30 21:11:27 - app.agents.vision_agent - INFO - VisionAgent analysis complete. Found 0 items.
2026-07-30 21:11:29 - app.agents.vision_agent - INFO - VisionAgent starting analysis.
2026-07-30 21:11:29 - app.services.yolo_service - INFO - Running YOLO inference...
2026-07-30 21:11:29 - app.services.yolo_service - INFO - No potholes detected in the image.
2026-07-30 21:11:29 - app.agents.vision_agent - INFO - VisionAgent analysis complete. Found 0 items.
2026-07-30 21:11:30 - app.agents.vision_agent - INFO - VisionAgent starting analysis.
2026-07-30 21:11:30 - app.services.yolo_service - INFO - Running YOLO inference...
2026-07-30 21:11:30 - app.services.yolo_service - INFO - No potholes detected in the image.
2026-07-30 21:11:30 - app.agents.vision_agent - INFO - VisionAgent analysis complete. Found 0 items.
2026-07-30 21:11:31 - app.agents.vision_agent - INFO - VisionAgent starting analysis.
2026-07-30 21:11:31 - app.services.yolo_service - INFO - Running YOLO inference...
2026-07-30 21:11:31 - app.services.yolo_service - INFO - No potholes detected in the image.
2026-07-30 21:11:31 - app.agents.vision_agent - INFO - VisionAgent analysis complete. Found 0 items.
2026-07-30 21:11:32 - app.agents.vision_agent - INFO - VisionAgent starting analysis.
2026-07-30 21:11:32 - app.services.yolo_service - INFO - Running YOLO inference...
2026-07-30 21:11:32 - app.services.yolo_service - INFO - No potholes detected in the image.
2026-07-30 21:11:32 - app.agents.vision_agent - INFO - VisionAgent analysis complete. Found 0 items.
2026-07-30 21:11:33 - app.agents.vision_agent - INFO - VisionAgent starting analysis.
2026-07-30 21:11:33 - app.services.yolo_service - INFO - Running YOLO inference...
2026-07-30 21:11:33 - app.services.yolo_service - INFO - No potholes detected in the image.
2026-07-30 21:11:33 - app.agents.vision_agent - INFO - VisionAgent analysis complete. Found 0 items.
2026-07-30 21:11:43 - app.agents.vision_agent - INFO - VisionAgent starting analysis.
2026-07-30 21:11:43 - app.services.yolo_service - INFO - Running YOLO inference...
2026-07-30 21:11:43 - app.services.yolo_service - INFO - No potholes detected in the image.
2026-07-30 21:11:43 - app.agents.vision_agent - INFO - VisionAgent analysis complete. Found 0 items.
2026-07-30 21:11:43 - app.agents.vision_agent - INFO - VisionAgent starting analysis.
2026-07-30 21:11:43 - app.services.yolo_service - INFO - Running YOLO inference...
2026-07-30 21:11:44 - app.services.yolo_service - INFO - No potholes detected in the image.
2026-07-30 21:11:44 - app.agents.vision_agent - INFO - VisionAgent analysis complete. Found 0 items.
2026-07-30 21:11:44 - app.agents.vision_agent - INFO - VisionAgent starting analysis.
2026-07-30 21:11:44 - app.services.yolo_service - INFO - Running YOLO inference...
2026-07-30 21:11:45 - app.services.yolo_service - INFO - No potholes detected in the image.
2026-07-30 21:11:45 - app.agents.vision_agent - INFO - VisionAgent analysis complete. Found 0 items.
2026-07-30 21:11:45 - app.agents.vision_agent - INFO - VisionAgent starting analysis.
2026-07-30 21:11:45 - app.services.yolo_service - INFO - Running YOLO inference...
2026-07-30 21:11:46 - app.services.yolo_service - INFO - No potholes detected in the image.
2026-07-30 21:11:46 - app.agents.vision_agent - INFO - VisionAgent analysis complete. Found 0 items.
2026-07-30 21:11:47 - app.agents.vision_agent - INFO - VisionAgent starting analysis.
2026-07-30 21:11:47 - app.services.yolo_service - INFO - Running YOLO inference...
2026-07-30 21:11:47 - app.services.yolo_service - ERROR - Error during YOLO inference: name 'normalized_area' is not defined
2026-07-30 21:11:47 - app.agents.vision_agent - ERROR - VisionAgent failed during analysis: name 'normalized_area' is not defined
2026-07-30 21:11:47 - app.api.predict - ERROR - Frame prediction failed: name 'normalized_area' is not defined
2026-07-30 21:11:48 - app.agents.vision_agent - INFO - VisionAgent starting analysis.
2026-07-30 21:11:48 - app.services.yolo_service - INFO - Running YOLO inference...
2026-07-30 21:11:48 - app.services.yolo_service - ERROR - Error during YOLO inference: name 'normalized_area' is not defined
2026-07-30 21:11:48 - app.agents.vision_agent - ERROR - VisionAgent failed during analysis: name 'normalized_area' is not defined
2026-07-30 21:11:48 - app.api.predict - ERROR - Frame prediction failed: name 'normalized_area' is not defined
2026-07-30 21:11:49 - app.agents.vision_agent - INFO - VisionAgent starting analysis.
2026-07-30 21:11:49 - app.services.yolo_service - INFO - Running YOLO inference...
2026-07-30 21:11:49 - app.services.yolo_service - INFO - No potholes detected in the image.
2026-07-30 21:11:49 - app.agents.vision_agent - INFO - VisionAgent analysis complete. Found 0 items.
2026-07-30 21:11:50 - app.agents.vision_agent - INFO - VisionAgent starting analysis.
2026-07-30 21:11:50 - app.services.yolo_service - INFO - Running YOLO inference...
2026-07-30 21:11:50 - app.services.yolo_service - INFO - No potholes detected in the image.
2026-07-30 21:11:50 - app.agents.vision_agent - INFO - VisionAgent analysis complete. Found 0 items.
2026-07-30 21:11:51 - app.agents.vision_agent - INFO - VisionAgent starting analysis.
2026-07-30 21:11:51 - app.services.yolo_service - INFO - Running YOLO inference...
2026-07-30 21:11:51 - app.services.yolo_service - INFO - No potholes detected in the image.
2026-07-30 21:11:51 - app.agents.vision_agent - INFO - VisionAgent analysis complete. Found 0 items.
2026-07-30 21:11:52 - app.agents.vision_agent - INFO - VisionAgent starting analysis.
2026-07-30 21:11:52 - app.services.yolo_service - INFO - Running YOLO inference...
2026-07-30 21:11:52 - app.services.yolo_service - INFO - No potholes detected in the image.
2026-07-30 21:11:52 - app.agents.vision_agent - INFO - VisionAgent analysis complete. Found 0 items.
2026-07-30 21:11:53 - app.agents.vision_agent - INFO - VisionAgent starting analysis.
2026-07-30 21:11:53 - app.services.yolo_service - INFO - Running YOLO inference...
2026-07-30 21:11:53 - app.services.yolo_service - INFO - No potholes detected in the image.
2026-07-30 21:11:53 - app.agents.vision_agent - INFO - VisionAgent analysis complete. Found 0 items.
2026-07-30 21:11:54 - app.agents.vision_agent - INFO - VisionAgent starting analysis.
2026-07-30 21:11:54 - app.services.yolo_service - INFO - Running YOLO inference...
2026-07-30 21:11:54 - app.services.yolo_service - INFO - No potholes detected in the image.
2026-07-30 21:11:54 - app.agents.vision_agent - INFO - VisionAgent analysis complete. Found 0 items.
2026-07-30 21:11:55 - app.agents.vision_agent - INFO - VisionAgent starting analysis.
2026-07-30 21:11:55 - app.services.yolo_service - INFO - Running YOLO inference...
2026-07-30 21:11:55 - app.services.yolo_service - INFO - No potholes detected in the image.
2026-07-30 21:11:55 - app.agents.vision_agent - INFO - VisionAgent analysis complete. Found 0 items.
2026-07-30 21:11:56 - app.agents.vision_agent - INFO - VisionAgent starting analysis.
2026-07-30 21:11:56 - app.services.yolo_service - INFO - Running YOLO inference...
2026-07-30 21:11:56 - app.services.yolo_service - INFO - No potholes detected in the image.
2026-07-30 21:11:56 - app.agents.vision_agent - INFO - VisionAgent analysis complete. Found 0 items.
2026-07-30 21:11:57 - app.agents.vision_agent - INFO - VisionAgent starting analysis.
2026-07-30 21:11:57 - app.services.yolo_service - INFO - Running YOLO inference...
2026-07-30 21:11:58 - app.services.yolo_service - INFO - No potholes detected in the image.
2026-07-30 21:11:58 - app.agents.vision_agent - INFO - VisionAgent analysis complete. Found 0 items.
2026-07-30 21:11:58 - app.agents.vision_agent - INFO - VisionAgent starting analysis.
2026-07-30 21:11:58 - app.services.yolo_service - INFO - Running YOLO inference...
2026-07-30 21:11:59 - app.services.yolo_service - INFO - No potholes detected in the image.
2026-07-30 21:11:59 - app.agents.vision_agent - INFO - VisionAgent analysis complete. Found 0 items.
2026-07-30 21:11:59 - app.agents.vision_agent - INFO - VisionAgent starting analysis.
2026-07-30 21:11:59 - app.services.yolo_service - INFO - Running YOLO inference...
2026-07-30 21:12:00 - app.services.yolo_service - INFO - No potholes detected in the image.
2026-07-30 21:12:00 - app.agents.vision_agent - INFO - VisionAgent analysis complete. Found 0 items.
2026-07-30 21:12:00 - app.agents.vision_agent - INFO - VisionAgent starting analysis.
2026-07-30 21:12:00 - app.services.yolo_service - INFO - Running YOLO inference...
2026-07-30 21:12:01 - app.services.yolo_service - INFO - No potholes detected in the image.
2026-07-30 21:12:01 - app.agents.vision_agent - INFO - VisionAgent analysis complete. Found 0 items.
2026-07-30 21:12:01 - app.agents.vision_agent - INFO - VisionAgent starting analysis.
2026-07-30 21:12:01 - app.services.yolo_service - INFO - Running YOLO inference...
2026-07-30 21:12:02 - app.services.yolo_service - INFO - No potholes detected in the image.
2026-07-30 21:12:02 - app.agents.vision_agent - INFO - VisionAgent analysis complete. Found 0 items.
2026-07-30 21:12:02 - app.agents.vision_agent - INFO - VisionAgent starting analysis.
2026-07-30 21:12:02 - app.services.yolo_service - INFO - Running YOLO inference...
2026-07-30 21:12:03 - app.services.yolo_service - INFO - No potholes detected in the image.
2026-07-30 21:12:03 - app.agents.vision_agent - INFO - VisionAgent analysis complete. Found 0 items.
2026-07-30 21:12:04 - app.agents.vision_agent - INFO - VisionAgent starting analysis.
2026-07-30 21:12:04 - app.services.yolo_service - INFO - Running YOLO inference...
2026-07-30 21:12:04 - app.services.yolo_service - INFO - No potholes detected in the image.
2026-07-30 21:12:04 - app.agents.vision_agent - INFO - VisionAgent analysis complete. Found 0 items.
2026-07-30 21:12:05 - app.agents.vision_agent - INFO - VisionAgent starting analysis.
2026-07-30 21:12:05 - app.services.yolo_service - INFO - Running YOLO inference...
2026-07-30 21:12:05 - app.services.yolo_service - INFO - No potholes detected in the image.
2026-07-30 21:12:05 - app.agents.vision_agent - INFO - VisionAgent analysis complete. Found 0 items.
2026-07-30 21:12:06 - app.agents.vision_agent - INFO - VisionAgent starting analysis.
2026-07-30 21:12:06 - app.services.yolo_service - INFO - Running YOLO inference...
2026-07-30 21:12:06 - app.services.yolo_service - INFO - No potholes detected in the image.
2026-07-30 21:12:06 - app.agents.vision_agent - INFO - VisionAgent analysis complete. Found 0 items.
2026-07-30 21:12:07 - app.agents.vision_agent - INFO - VisionAgent starting analysis.
2026-07-30 21:12:07 - app.services.yolo_service - INFO - Running YOLO inference...
2026-07-30 21:12:07 - app.services.yolo_service - INFO - No potholes detected in the image.
2026-07-30 21:12:07 - app.agents.vision_agent - INFO - VisionAgent analysis complete. Found 0 items.
2026-07-30 21:12:08 - app.agents.vision_agent - INFO - VisionAgent starting analysis.
2026-07-30 21:12:08 - app.services.yolo_service - INFO - Running YOLO inference...
2026-07-30 21:12:08 - app.services.yolo_service - INFO - No potholes detected in the image.
2026-07-30 21:12:08 - app.agents.vision_agent - INFO - VisionAgent analysis complete. Found 0 items.
2026-07-30 21:12:09 - app.agents.vision_agent - INFO - VisionAgent starting analysis.
2026-07-30 21:12:09 - app.services.yolo_service - INFO - Running YOLO inference...
2026-07-30 21:12:09 - app.services.yolo_service - INFO - No potholes detected in the image.
2026-07-30 21:12:09 - app.agents.vision_agent - INFO - VisionAgent analysis complete. Found 0 items.
2026-07-30 21:12:10 - app.agents.vision_agent - INFO - VisionAgent starting analysis.
2026-07-30 21:12:10 - app.services.yolo_service - INFO - Running YOLO inference...
2026-07-30 21:12:10 - app.services.yolo_service - INFO - No potholes detected in the image.
2026-07-30 21:12:10 - app.agents.vision_agent - INFO - VisionAgent analysis complete. Found 0 items.
2026-07-30 21:12:29 - app.models.loaders - INFO - Initialized ModelLoader singleton.
2026-07-30 21:12:29 - app.agents.vision_agent - INFO - VisionAgent initialized.
2026-07-30 21:12:29 - app.database.firebase - INFO - Initializing Firebase with credentials from C:\Users\MONALISA DAS\RoadGuardianAI\firebase-credentials.json
2026-07-30 21:12:29 - app.database.firebase - INFO - Successfully initialized Firebase Admin SDK.
2026-07-30 21:12:29 - app.database.firebase - INFO - Firestore client created.
2026-07-30 21:12:29 - app.agents.vision_agent - INFO - VisionAgent starting analysis.
2026-07-30 21:12:29 - app.models.loaders - INFO - Loading YOLOv8 pothole model from C:\Users\MONALISA DAS\RoadGuardianAI\backend\app\models\pothole\best.pt...
2026-07-30 21:12:30 - app.models.loaders - INFO - Successfully loaded YOLOv8 pothole model.
2026-07-30 21:12:30 - app.services.yolo_service - INFO - Running YOLO inference...
2026-07-30 21:12:39 - app.services.yolo_service - INFO - No potholes detected in the image.
2026-07-30 21:12:39 - app.agents.vision_agent - INFO - VisionAgent analysis complete. Found 0 items.
2026-07-30 21:12:40 - app.agents.vision_agent - INFO - VisionAgent starting analysis.
2026-07-30 21:12:40 - app.services.yolo_service - INFO - Running YOLO inference...
2026-07-30 21:12:41 - app.services.yolo_service - ERROR - Error during YOLO inference: name 'normalized_area' is not defined
2026-07-30 21:12:41 - app.agents.vision_agent - ERROR - VisionAgent failed during analysis: name 'normalized_area' is not defined
2026-07-30 21:12:41 - app.api.predict - ERROR - Frame prediction failed: name 'normalized_area' is not defined
2026-07-30 21:12:41 - app.agents.vision_agent - INFO - VisionAgent starting analysis.
2026-07-30 21:12:41 - app.services.yolo_service - INFO - Running YOLO inference...
2026-07-30 21:12:42 - app.services.yolo_service - ERROR - Error during YOLO inference: name 'normalized_area' is not defined
2026-07-30 21:12:42 - app.agents.vision_agent - ERROR - VisionAgent failed during analysis: name 'normalized_area' is not defined
2026-07-30 21:12:42 - app.api.predict - ERROR - Frame prediction failed: name 'normalized_area' is not defined
2026-07-30 21:12:42 - app.agents.vision_agent - INFO - VisionAgent starting analysis.
2026-07-30 21:12:42 - app.services.yolo_service - INFO - Running YOLO inference...
2026-07-30 21:12:43 - app.services.yolo_service - ERROR - Error during YOLO inference: name 'normalized_area' is not defined
2026-07-30 21:12:43 - app.agents.vision_agent - ERROR - VisionAgent failed during analysis: name 'normalized_area' is not defined
2026-07-30 21:12:43 - app.api.predict - ERROR - Frame prediction failed: name 'normalized_area' is not defined
2026-07-30 21:12:43 - app.agents.vision_agent - INFO - VisionAgent starting analysis.
2026-07-30 21:12:43 - app.services.yolo_service - INFO - Running YOLO inference...
2026-07-30 21:12:44 - app.services.yolo_service - ERROR - Error during YOLO inference: name 'normalized_area' is not defined
2026-07-30 21:12:44 - app.agents.vision_agent - ERROR - VisionAgent failed during analysis: name 'normalized_area' is not defined
2026-07-30 21:12:44 - app.api.predict - ERROR - Frame prediction failed: name 'normalized_area' is not defined
2026-07-30 21:12:44 - app.agents.vision_agent - INFO - VisionAgent starting analysis.
2026-07-30 21:12:44 - app.services.yolo_service - INFO - Running YOLO inference...
2026-07-30 21:12:45 - app.services.yolo_service - ERROR - Error during YOLO inference: name 'normalized_area' is not defined
2026-07-30 21:12:45 - app.agents.vision_agent - ERROR - VisionAgent failed during analysis: name 'normalized_area' is not defined
2026-07-30 21:12:45 - app.api.predict - ERROR - Frame prediction failed: name 'normalized_area' is not defined
2026-07-30 21:12:45 - app.agents.vision_agent - INFO - VisionAgent starting analysis.
2026-07-30 21:12:45 - app.services.yolo_service - INFO - Running YOLO inference...
2026-07-30 21:12:46 - app.services.yolo_service - ERROR - Error during YOLO inference: name 'normalized_area' is not defined
2026-07-30 21:12:46 - app.agents.vision_agent - ERROR - VisionAgent failed during analysis: name 'normalized_area' is not defined
2026-07-30 21:12:46 - app.api.predict - ERROR - Frame prediction failed: name 'normalized_area' is not defined
2026-07-30 21:12:46 - app.agents.vision_agent - INFO - VisionAgent starting analysis.
2026-07-30 21:12:46 - app.services.yolo_service - INFO - Running YOLO inference...
2026-07-30 21:12:47 - app.services.yolo_service - ERROR - Error during YOLO inference: name 'normalized_area' is not defined
2026-07-30 21:12:47 - app.agents.vision_agent - ERROR - VisionAgent failed during analysis: name 'normalized_area' is not defined
2026-07-30 21:12:47 - app.api.predict - ERROR - Frame prediction failed: name 'normalized_area' is not defined
2026-07-30 21:12:47 - app.agents.vision_agent - INFO - VisionAgent starting analysis.
2026-07-30 21:12:47 - app.services.yolo_service - INFO - Running YOLO inference...
2026-07-30 21:12:48 - app.services.yolo_service - INFO - No potholes detected in the image.
2026-07-30 21:12:48 - app.agents.vision_agent - INFO - VisionAgent analysis complete. Found 0 items.
2026-07-30 21:12:48 - app.agents.vision_agent - INFO - VisionAgent starting analysis.
2026-07-30 21:12:48 - app.services.yolo_service - INFO - Running YOLO inference...
2026-07-30 21:12:49 - app.services.yolo_service - ERROR - Error during YOLO inference: name 'normalized_area' is not defined
2026-07-30 21:12:49 - app.agents.vision_agent - ERROR - VisionAgent failed during analysis: name 'normalized_area' is not defined
2026-07-30 21:12:49 - app.api.predict - ERROR - Frame prediction failed: name 'normalized_area' is not defined
2026-07-30 21:12:49 - app.agents.vision_agent - INFO - VisionAgent starting analysis.
2026-07-30 21:12:49 - app.services.yolo_service - INFO - Running YOLO inference...
2026-07-30 21:12:50 - app.services.yolo_service - ERROR - Error during YOLO inference: name 'normalized_area' is not defined
2026-07-30 21:12:50 - app.agents.vision_agent - ERROR - VisionAgent failed during analysis: name 'normalized_area' is not defined
2026-07-30 21:12:50 - app.api.predict - ERROR - Frame prediction failed: name 'normalized_area' is not defined
2026-07-30 21:12:50 - app.agents.vision_agent - INFO - VisionAgent starting analysis.
2026-07-30 21:12:50 - app.services.yolo_service - INFO - Running YOLO inference...
2026-07-30 21:12:51 - app.services.yolo_service - ERROR - Error during YOLO inference: name 'normalized_area' is not defined
2026-07-30 21:12:51 - app.agents.vision_agent - ERROR - VisionAgent failed during analysis: name 'normalized_area' is not defined
2026-07-30 21:12:51 - app.api.predict - ERROR - Frame prediction failed: name 'normalized_area' is not defined
2026-07-30 21:12:51 - app.agents.vision_agent - INFO - VisionAgent starting analysis.
2026-07-30 21:12:51 - app.services.yolo_service - INFO - Running YOLO inference...
2026-07-30 21:12:52 - app.services.yolo_service - ERROR - Error during YOLO inference: name 'normalized_area' is not defined
2026-07-30 21:12:52 - app.agents.vision_agent - ERROR - VisionAgent failed during analysis: name 'normalized_area' is not defined
2026-07-30 21:12:52 - app.api.predict - ERROR - Frame prediction failed: name 'normalized_area' is not defined
2026-07-30 21:12:52 - app.agents.vision_agent - INFO - VisionAgent starting analysis.
2026-07-30 21:12:52 - app.services.yolo_service - INFO - Running YOLO inference...
2026-07-30 21:12:53 - app.services.yolo_service - ERROR - Error during YOLO inference: name 'normalized_area' is not defined
2026-07-30 21:12:53 - app.agents.vision_agent - ERROR - VisionAgent failed during analysis: name 'normalized_area' is not defined
2026-07-30 21:12:53 - app.api.predict - ERROR - Frame prediction failed: name 'normalized_area' is not defined
2026-07-30 21:12:54 - app.agents.vision_agent - INFO - VisionAgent starting analysis.
2026-07-30 21:12:54 - app.services.yolo_service - INFO - Running YOLO inference...
2026-07-30 21:12:54 - app.services.yolo_service - ERROR - Error during YOLO inference: name 'normalized_area' is not defined
2026-07-30 21:12:54 - app.agents.vision_agent - ERROR - VisionAgent failed during analysis: name 'normalized_area' is not defined
2026-07-30 21:12:54 - app.api.predict - ERROR - Frame prediction failed: name 'normalized_area' is not defined
2026-07-30 21:12:55 - app.agents.vision_agent - INFO - VisionAgent starting analysis.
2026-07-30 21:12:55 - app.services.yolo_service - INFO - Running YOLO inference...
2026-07-30 21:12:55 - app.services.yolo_service - ERROR - Error during YOLO inference: name 'normalized_area' is not defined
2026-07-30 21:12:55 - app.agents.vision_agent - ERROR - VisionAgent failed during analysis: name 'normalized_area' is not defined
2026-07-30 21:12:55 - app.api.predict - ERROR - Frame prediction failed: name 'normalized_area' is not defined
2026-07-30 21:12:56 - app.agents.vision_agent - INFO - VisionAgent starting analysis.
2026-07-30 21:12:56 - app.services.yolo_service - INFO - Running YOLO inference...
2026-07-30 21:12:56 - app.services.yolo_service - ERROR - Error during YOLO inference: name 'normalized_area' is not defined
2026-07-30 21:12:56 - app.agents.vision_agent - ERROR - VisionAgent failed during analysis: name 'normalized_area' is not defined
2026-07-30 21:12:56 - app.api.predict - ERROR - Frame prediction failed: name 'normalized_area' is not defined
2026-07-30 21:12:57 - app.agents.vision_agent - INFO - VisionAgent starting analysis.
2026-07-30 21:12:57 - app.services.yolo_service - INFO - Running YOLO inference...
2026-07-30 21:12:57 - app.services.yolo_service - ERROR - Error during YOLO inference: name 'normalized_area' is not defined
2026-07-30 21:12:57 - app.agents.vision_agent - ERROR - VisionAgent failed during analysis: name 'normalized_area' is not defined
2026-07-30 21:12:57 - app.api.predict - ERROR - Frame prediction failed: name 'normalized_area' is not defined
2026-07-30 21:12:58 - app.agents.vision_agent - INFO - VisionAgent starting analysis.
2026-07-30 21:12:58 - app.services.yolo_service - INFO - Running YOLO inference...
2026-07-30 21:12:59 - app.services.yolo_service - ERROR - Error during YOLO inference: name 'normalized_area' is not defined
2026-07-30 21:12:59 - app.agents.vision_agent - ERROR - VisionAgent failed during analysis: name 'normalized_area' is not defined
2026-07-30 21:12:59 - app.api.predict - ERROR - Frame prediction failed: name 'normalized_area' is not defined
2026-07-30 21:12:59 - app.agents.vision_agent - INFO - VisionAgent starting analysis.
2026-07-30 21:12:59 - app.services.yolo_service - INFO - Running YOLO inference...
2026-07-30 21:12:59 - app.services.yolo_service - ERROR - Error during YOLO inference: name 'normalized_area' is not defined
2026-07-30 21:12:59 - app.agents.vision_agent - ERROR - VisionAgent failed during analysis: name 'normalized_area' is not defined
2026-07-30 21:12:59 - app.api.predict - ERROR - Frame prediction failed: name 'normalized_area' is not defined
2026-07-30 21:13:00 - app.agents.vision_agent - INFO - VisionAgent starting analysis.
2026-07-30 21:13:00 - app.services.yolo_service - INFO - Running YOLO inference...
2026-07-30 21:13:00 - app.services.yolo_service - ERROR - Error during YOLO inference: name 'normalized_area' is not defined
2026-07-30 21:13:00 - app.agents.vision_agent - ERROR - VisionAgent failed during analysis: name 'normalized_area' is not defined
2026-07-30 21:13:00 - app.api.predict - ERROR - Frame prediction failed: name 'normalized_area' is not defined
2026-07-30 21:13:01 - app.agents.vision_agent - INFO - VisionAgent starting analysis.
2026-07-30 21:13:01 - app.services.yolo_service - INFO - Running YOLO inference...
2026-07-30 21:13:02 - app.services.yolo_service - ERROR - Error during YOLO inference: name 'normalized_area' is not defined
2026-07-30 21:13:02 - app.agents.vision_agent - ERROR - VisionAgent failed during analysis: name 'normalized_area' is not defined
2026-07-30 21:13:02 - app.api.predict - ERROR - Frame prediction failed: name 'normalized_area' is not defined
2026-07-30 21:13:02 - app.agents.vision_agent - INFO - VisionAgent starting analysis.
2026-07-30 21:13:02 - app.services.yolo_service - INFO - Running YOLO inference...
2026-07-30 21:13:03 - app.services.yolo_service - ERROR - Error during YOLO inference: name 'normalized_area' is not defined
2026-07-30 21:13:03 - app.agents.vision_agent - ERROR - VisionAgent failed during analysis: name 'normalized_area' is not defined
2026-07-30 21:13:03 - app.api.predict - ERROR - Frame prediction failed: name 'normalized_area' is not defined
2026-07-30 21:13:03 - app.agents.vision_agent - INFO - VisionAgent starting analysis.
2026-07-30 21:13:03 - app.services.yolo_service - INFO - Running YOLO inference...
2026-07-30 21:13:04 - app.services.yolo_service - ERROR - Error during YOLO inference: name 'normalized_area' is not defined
2026-07-30 21:13:04 - app.agents.vision_agent - ERROR - VisionAgent failed during analysis: name 'normalized_area' is not defined
2026-07-30 21:13:04 - app.api.predict - ERROR - Frame prediction failed: name 'normalized_area' is not defined
2026-07-30 21:13:04 - app.agents.vision_agent - INFO - VisionAgent starting analysis.
2026-07-30 21:13:04 - app.services.yolo_service - INFO - Running YOLO inference...
2026-07-30 21:13:05 - app.services.yolo_service - ERROR - Error during YOLO inference: name 'normalized_area' is not defined
2026-07-30 21:13:05 - app.agents.vision_agent - ERROR - VisionAgent failed during analysis: name 'normalized_area' is not defined
2026-07-30 21:13:05 - app.api.predict - ERROR - Frame prediction failed: name 'normalized_area' is not defined
2026-07-30 21:13:05 - app.agents.vision_agent - INFO - VisionAgent starting analysis.
2026-07-30 21:13:05 - app.services.yolo_service - INFO - Running YOLO inference...
2026-07-30 21:13:06 - app.services.yolo_service - ERROR - Error during YOLO inference: name 'normalized_area' is not defined
2026-07-30 21:13:06 - app.agents.vision_agent - ERROR - VisionAgent failed during analysis: name 'normalized_area' is not defined
2026-07-30 21:13:06 - app.api.predict - ERROR - Frame prediction failed: name 'normalized_area' is not defined
2026-07-30 21:13:06 - app.agents.vision_agent - INFO - VisionAgent starting analysis.
2026-07-30 21:13:06 - app.services.yolo_service - INFO - Running YOLO inference...
2026-07-30 21:13:07 - app.services.yolo_service - ERROR - Error during YOLO inference: name 'normalized_area' is not defined
2026-07-30 21:13:07 - app.agents.vision_agent - ERROR - VisionAgent failed during analysis: name 'normalized_area' is not defined
2026-07-30 21:13:07 - app.api.predict - ERROR - Frame prediction failed: name 'normalized_area' is not defined
2026-07-30 21:13:07 - app.agents.vision_agent - INFO - VisionAgent starting analysis.
2026-07-30 21:13:07 - app.services.yolo_service - INFO - Running YOLO inference...
2026-07-30 21:13:08 - app.services.yolo_service - ERROR - Error during YOLO inference: name 'normalized_area' is not defined
2026-07-30 21:13:08 - app.agents.vision_agent - ERROR - VisionAgent failed during analysis: name 'normalized_area' is not defined
2026-07-30 21:13:08 - app.api.predict - ERROR - Frame prediction failed: name 'normalized_area' is not defined
2026-07-30 21:13:08 - app.agents.vision_agent - INFO - VisionAgent starting analysis.
2026-07-30 21:13:08 - app.services.yolo_service - INFO - Running YOLO inference...
2026-07-30 21:13:09 - app.services.yolo_service - ERROR - Error during YOLO inference: name 'normalized_area' is not defined
2026-07-30 21:13:09 - app.agents.vision_agent - ERROR - VisionAgent failed during analysis: name 'normalized_area' is not defined
2026-07-30 21:13:09 - app.api.predict - ERROR - Frame prediction failed: name 'normalized_area' is not defined
2026-07-30 21:13:10 - app.agents.vision_agent - INFO - VisionAgent starting analysis.
2026-07-30 21:13:10 - app.services.yolo_service - INFO - Running YOLO inference...
2026-07-30 21:13:11 - app.services.yolo_service - ERROR - Error during YOLO inference: name 'normalized_area' is not defined
2026-07-30 21:13:11 - app.agents.vision_agent - ERROR - VisionAgent failed during analysis: name 'normalized_area' is not defined
2026-07-30 21:13:11 - app.api.predict - ERROR - Frame prediction failed: name 'normalized_area' is not defined
2026-07-30 21:13:11 - app.agents.vision_agent - INFO - VisionAgent starting analysis.
2026-07-30 21:13:11 - app.services.yolo_service - INFO - Running YOLO inference...
2026-07-30 21:13:12 - app.services.yolo_service - ERROR - Error during YOLO inference: name 'normalized_area' is not defined
2026-07-30 21:13:12 - app.agents.vision_agent - ERROR - VisionAgent failed during analysis: name 'normalized_area' is not defined
2026-07-30 21:13:12 - app.api.predict - ERROR - Frame prediction failed: name 'normalized_area' is not defined
2026-07-30 21:13:12 - app.agents.vision_agent - INFO - VisionAgent starting analysis.
2026-07-30 21:13:12 - app.services.yolo_service - INFO - Running YOLO inference...
2026-07-30 21:13:13 - app.services.yolo_service - ERROR - Error during YOLO inference: name 'normalized_area' is not defined
2026-07-30 21:13:13 - app.agents.vision_agent - ERROR - VisionAgent failed during analysis: name 'normalized_area' is not defined
2026-07-30 21:13:13 - app.api.predict - ERROR - Frame prediction failed: name 'normalized_area' is not defined
2026-07-30 21:13:13 - app.agents.vision_agent - INFO - VisionAgent starting analysis.
2026-07-30 21:13:13 - app.services.yolo_service - INFO - Running YOLO inference...
2026-07-30 21:13:14 - app.services.yolo_service - ERROR - Error during YOLO inference: name 'normalized_area' is not defined
2026-07-30 21:13:14 - app.agents.vision_agent - ERROR - VisionAgent failed during analysis: name 'normalized_area' is not defined
2026-07-30 21:13:14 - app.api.predict - ERROR - Frame prediction failed: name 'normalized_area' is not defined
2026-07-30 21:13:14 - app.agents.vision_agent - INFO - VisionAgent starting analysis.
2026-07-30 21:13:14 - app.services.yolo_service - INFO - Running YOLO inference...
2026-07-30 21:13:15 - app.services.yolo_service - ERROR - Error during YOLO inference: name 'normalized_area' is not defined
2026-07-30 21:13:15 - app.agents.vision_agent - ERROR - VisionAgent failed during analysis: name 'normalized_area' is not defined
2026-07-30 21:13:15 - app.api.predict - ERROR - Frame prediction failed: name 'normalized_area' is not defined
2026-07-30 21:13:15 - app.agents.vision_agent - INFO - VisionAgent starting analysis.
2026-07-30 21:13:15 - app.services.yolo_service - INFO - Running YOLO inference...
2026-07-30 21:13:16 - app.services.yolo_service - ERROR - Error during YOLO inference: name 'normalized_area' is not defined
2026-07-30 21:13:16 - app.agents.vision_agent - ERROR - VisionAgent failed during analysis: name 'normalized_area' is not defined
2026-07-30 21:13:16 - app.api.predict - ERROR - Frame prediction failed: name 'normalized_area' is not defined
2026-07-30 21:13:16 - app.agents.vision_agent - INFO - VisionAgent starting analysis.
2026-07-30 21:13:16 - app.services.yolo_service - INFO - Running YOLO inference...
2026-07-30 21:13:17 - app.services.yolo_service - ERROR - Error during YOLO inference: name 'normalized_area' is not defined
2026-07-30 21:13:17 - app.agents.vision_agent - ERROR - VisionAgent failed during analysis: name 'normalized_area' is not defined
2026-07-30 21:13:17 - app.api.predict - ERROR - Frame prediction failed: name 'normalized_area' is not defined
2026-07-30 21:13:17 - app.agents.vision_agent - INFO - VisionAgent starting analysis.
2026-07-30 21:13:17 - app.services.yolo_service - INFO - Running YOLO inference...
2026-07-30 21:13:18 - app.services.yolo_service - ERROR - Error during YOLO inference: name 'normalized_area' is not defined
2026-07-30 21:13:18 - app.agents.vision_agent - ERROR - VisionAgent failed during analysis: name 'normalized_area' is not defined
2026-07-30 21:13:18 - app.api.predict - ERROR - Frame prediction failed: name 'normalized_area' is not defined
2026-07-30 21:13:18 - app.agents.vision_agent - INFO - VisionAgent starting analysis.
2026-07-30 21:13:18 - app.services.yolo_service - INFO - Running YOLO inference...
2026-07-30 21:13:19 - app.services.yolo_service - ERROR - Error during YOLO inference: name 'normalized_area' is not defined
2026-07-30 21:13:19 - app.agents.vision_agent - ERROR - VisionAgent failed during analysis: name 'normalized_area' is not defined
2026-07-30 21:13:19 - app.api.predict - ERROR - Frame prediction failed: name 'normalized_area' is not defined
2026-07-30 21:13:19 - app.agents.vision_agent - INFO - VisionAgent starting analysis.
2026-07-30 21:13:19 - app.services.yolo_service - INFO - Running YOLO inference...
2026-07-30 21:13:20 - app.services.yolo_service - ERROR - Error during YOLO inference: name 'normalized_area' is not defined
2026-07-30 21:13:20 - app.agents.vision_agent - ERROR - VisionAgent failed during analysis: name 'normalized_area' is not defined
2026-07-30 21:13:20 - app.api.predict - ERROR - Frame prediction failed: name 'normalized_area' is not defined
2026-07-30 21:13:21 - app.agents.vision_agent - INFO - VisionAgent starting analysis.
2026-07-30 21:13:21 - app.services.yolo_service - INFO - Running YOLO inference...
2026-07-30 21:13:21 - app.services.yolo_service - ERROR - Error during YOLO inference: name 'normalized_area' is not defined
2026-07-30 21:13:21 - app.agents.vision_agent - ERROR - VisionAgent failed during analysis: name 'normalized_area' is not defined
2026-07-30 21:13:21 - app.api.predict - ERROR - Frame prediction failed: name 'normalized_area' is not defined
2026-07-30 21:13:22 - app.agents.vision_agent - INFO - VisionAgent starting analysis.
2026-07-30 21:13:22 - app.services.yolo_service - INFO - Running YOLO inference...
2026-07-30 21:13:22 - app.services.yolo_service - ERROR - Error during YOLO inference: name 'normalized_area' is not defined
2026-07-30 21:13:22 - app.agents.vision_agent - ERROR - VisionAgent failed during analysis: name 'normalized_area' is not defined
2026-07-30 21:13:22 - app.api.predict - ERROR - Frame prediction failed: name 'normalized_area' is not defined
2026-07-30 21:13:23 - app.agents.vision_agent - INFO - VisionAgent starting analysis.
2026-07-30 21:13:23 - app.services.yolo_service - INFO - Running YOLO inference...
2026-07-30 21:13:23 - app.services.yolo_service - ERROR - Error during YOLO inference: name 'normalized_area' is not defined
2026-07-30 21:13:23 - app.agents.vision_agent - ERROR - VisionAgent failed during analysis: name 'normalized_area' is not defined
2026-07-30 21:13:23 - app.api.predict - ERROR - Frame prediction failed: name 'normalized_area' is not defined
2026-07-30 21:13:24 - app.agents.vision_agent - INFO - VisionAgent starting analysis.
2026-07-30 21:13:24 - app.services.yolo_service - INFO - Running YOLO inference...
2026-07-30 21:13:24 - app.services.yolo_service - ERROR - Error during YOLO inference: name 'normalized_area' is not defined
2026-07-30 21:13:24 - app.agents.vision_agent - ERROR - VisionAgent failed during analysis: name 'normalized_area' is not defined
2026-07-30 21:13:24 - app.api.predict - ERROR - Frame prediction failed: name 'normalized_area' is not defined
2026-07-30 21:13:25 - app.agents.vision_agent - INFO - VisionAgent starting analysis.
2026-07-30 21:13:25 - app.services.yolo_service - INFO - Running YOLO inference...
2026-07-30 21:13:25 - app.services.yolo_service - ERROR - Error during YOLO inference: name 'normalized_area' is not defined
2026-07-30 21:13:25 - app.agents.vision_agent - ERROR - VisionAgent failed during analysis: name 'normalized_area' is not defined
2026-07-30 21:13:25 - app.api.predict - ERROR - Frame prediction failed: name 'normalized_area' is not defined
2026-07-30 21:13:26 - app.agents.vision_agent - INFO - VisionAgent starting analysis.
2026-07-30 21:13:26 - app.services.yolo_service - INFO - Running YOLO inference...
2026-07-30 21:13:26 - app.services.yolo_service - ERROR - Error during YOLO inference: name 'normalized_area' is not defined
2026-07-30 21:13:26 - app.agents.vision_agent - ERROR - VisionAgent failed during analysis: name 'normalized_area' is not defined
2026-07-30 21:13:26 - app.api.predict - ERROR - Frame prediction failed: name 'normalized_area' is not defined
2026-07-30 21:13:27 - app.agents.vision_agent - INFO - VisionAgent starting analysis.
2026-07-30 21:13:27 - app.services.yolo_service - INFO - Running YOLO inference...
2026-07-30 21:13:27 - app.services.yolo_service - ERROR - Error during YOLO inference: name 'normalized_area' is not defined
2026-07-30 21:13:27 - app.agents.vision_agent - ERROR - VisionAgent failed during analysis: name 'normalized_area' is not defined
2026-07-30 21:13:27 - app.api.predict - ERROR - Frame prediction failed: name 'normalized_area' is not defined
2026-07-30 21:13:28 - app.agents.vision_agent - INFO - VisionAgent starting analysis.
2026-07-30 21:13:28 - app.services.yolo_service - INFO - Running YOLO inference...
2026-07-30 21:13:28 - app.services.yolo_service - ERROR - Error during YOLO inference: name 'normalized_area' is not defined
2026-07-30 21:13:28 - app.agents.vision_agent - ERROR - VisionAgent failed during analysis: name 'normalized_area' is not defined
2026-07-30 21:13:28 - app.api.predict - ERROR - Frame prediction failed: name 'normalized_area' is not defined
2026-07-30 21:13:29 - app.agents.vision_agent - INFO - VisionAgent starting analysis.
2026-07-30 21:13:29 - app.services.yolo_service - INFO - Running YOLO inference...
2026-07-30 21:13:30 - app.services.yolo_service - ERROR - Error during YOLO inference: name 'normalized_area' is not defined
2026-07-30 21:13:30 - app.agents.vision_agent - ERROR - VisionAgent failed during analysis: name 'normalized_area' is not defined
2026-07-30 21:13:30 - app.api.predict - ERROR - Frame prediction failed: name 'normalized_area' is not defined
2026-07-30 21:13:30 - app.agents.vision_agent - INFO - VisionAgent starting analysis.
2026-07-30 21:13:30 - app.services.yolo_service - INFO - Running YOLO inference...
2026-07-30 21:13:31 - app.services.yolo_service - ERROR - Error during YOLO inference: name 'normalized_area' is not defined
2026-07-30 21:13:31 - app.agents.vision_agent - ERROR - VisionAgent failed during analysis: name 'normalized_area' is not defined
2026-07-30 21:13:31 - app.api.predict - ERROR - Frame prediction failed: name 'normalized_area' is not defined
2026-07-30 21:13:31 - app.agents.vision_agent - INFO - VisionAgent starting analysis.
2026-07-30 21:13:31 - app.services.yolo_service - INFO - Running YOLO inference...
2026-07-30 21:13:32 - app.services.yolo_service - ERROR - Error during YOLO inference: name 'normalized_area' is not defined
2026-07-30 21:13:32 - app.agents.vision_agent - ERROR - VisionAgent failed during analysis: name 'normalized_area' is not defined
2026-07-30 21:13:32 - app.api.predict - ERROR - Frame prediction failed: name 'normalized_area' is not defined
2026-07-30 21:13:32 - app.agents.vision_agent - INFO - VisionAgent starting analysis.
2026-07-30 21:13:32 - app.services.yolo_service - INFO - Running YOLO inference...
2026-07-30 21:13:33 - app.services.yolo_service - ERROR - Error during YOLO inference: name 'normalized_area' is not defined
2026-07-30 21:13:33 - app.agents.vision_agent - ERROR - VisionAgent failed during analysis: name 'normalized_area' is not defined
2026-07-30 21:13:33 - app.api.predict - ERROR - Frame prediction failed: name 'normalized_area' is not defined
2026-07-30 21:13:33 - app.agents.vision_agent - INFO - VisionAgent starting analysis.
2026-07-30 21:13:33 - app.services.yolo_service - INFO - Running YOLO inference...
2026-07-30 21:13:34 - app.services.yolo_service - ERROR - Error during YOLO inference: name 'normalized_area' is not defined
2026-07-30 21:13:34 - app.agents.vision_agent - ERROR - VisionAgent failed during analysis: name 'normalized_area' is not defined
2026-07-30 21:13:34 - app.api.predict - ERROR - Frame prediction failed: name 'normalized_area' is not defined
2026-07-30 21:13:34 - app.agents.vision_agent - INFO - VisionAgent starting analysis.
2026-07-30 21:13:34 - app.services.yolo_service - INFO - Running YOLO inference...
2026-07-30 21:13:35 - app.services.yolo_service - ERROR - Error during YOLO inference: name 'normalized_area' is not defined
2026-07-30 21:13:35 - app.agents.vision_agent - ERROR - VisionAgent failed during analysis: name 'normalized_area' is not defined
2026-07-30 21:13:35 - app.api.predict - ERROR - Frame prediction failed: name 'normalized_area' is not defined
2026-07-30 21:13:35 - app.agents.vision_agent - INFO - VisionAgent starting analysis.
2026-07-30 21:13:35 - app.services.yolo_service - INFO - Running YOLO inference...
2026-07-30 21:13:36 - app.services.yolo_service - ERROR - Error during YOLO inference: name 'normalized_area' is not defined
2026-07-30 21:13:36 - app.agents.vision_agent - ERROR - VisionAgent failed during analysis: name 'normalized_area' is not defined
2026-07-30 21:13:36 - app.api.predict - ERROR - Frame prediction failed: name 'normalized_area' is not defined
2026-07-30 21:13:36 - app.agents.vision_agent - INFO - VisionAgent starting analysis.
2026-07-30 21:13:36 - app.services.yolo_service - INFO - Running YOLO inference...
2026-07-30 21:13:37 - app.services.yolo_service - ERROR - Error during YOLO inference: name 'normalized_area' is not defined
2026-07-30 21:13:37 - app.agents.vision_agent - ERROR - VisionAgent failed during analysis: name 'normalized_area' is not defined
2026-07-30 21:13:37 - app.api.predict - ERROR - Frame prediction failed: name 'normalized_area' is not defined
2026-07-30 21:13:38 - app.agents.vision_agent - INFO - VisionAgent starting analysis.
2026-07-30 21:13:38 - app.services.yolo_service - INFO - Running YOLO inference...
2026-07-30 21:13:38 - app.services.yolo_service - ERROR - Error during YOLO inference: name 'normalized_area' is not defined
2026-07-30 21:13:38 - app.agents.vision_agent - ERROR - VisionAgent failed during analysis: name 'normalized_area' is not defined
2026-07-30 21:13:38 - app.api.predict - ERROR - Frame prediction failed: name 'normalized_area' is not defined
2026-07-30 21:13:39 - app.agents.vision_agent - INFO - VisionAgent starting analysis.
2026-07-30 21:13:39 - app.services.yolo_service - INFO - Running YOLO inference...
2026-07-30 21:13:39 - app.services.yolo_service - ERROR - Error during YOLO inference: name 'normalized_area' is not defined
2026-07-30 21:13:39 - app.agents.vision_agent - ERROR - VisionAgent failed during analysis: name 'normalized_area' is not defined
2026-07-30 21:13:39 - app.api.predict - ERROR - Frame prediction failed: name 'normalized_area' is not defined
2026-07-30 21:13:40 - app.agents.vision_agent - INFO - VisionAgent starting analysis.
2026-07-30 21:13:40 - app.services.yolo_service - INFO - Running YOLO inference...
2026-07-30 21:13:41 - app.services.yolo_service - ERROR - Error during YOLO inference: name 'normalized_area' is not defined
2026-07-30 21:13:41 - app.agents.vision_agent - ERROR - VisionAgent failed during analysis: name 'normalized_area' is not defined
2026-07-30 21:13:41 - app.api.predict - ERROR - Frame prediction failed: name 'normalized_area' is not defined
2026-07-30 21:13:41 - app.agents.vision_agent - INFO - VisionAgent starting analysis.
2026-07-30 21:13:41 - app.services.yolo_service - INFO - Running YOLO inference...
2026-07-30 21:13:42 - app.services.yolo_service - ERROR - Error during YOLO inference: name 'normalized_area' is not defined
2026-07-30 21:13:42 - app.agents.vision_agent - ERROR - VisionAgent failed during analysis: name 'normalized_area' is not defined
2026-07-30 21:13:42 - app.api.predict - ERROR - Frame prediction failed: name 'normalized_area' is not defined
2026-07-30 21:13:42 - app.agents.vision_agent - INFO - VisionAgent starting analysis.
2026-07-30 21:13:42 - app.services.yolo_service - INFO - Running YOLO inference...
2026-07-30 21:13:43 - app.services.yolo_service - ERROR - Error during YOLO inference: name 'normalized_area' is not defined
2026-07-30 21:13:43 - app.agents.vision_agent - ERROR - VisionAgent failed during analysis: name 'normalized_area' is not defined
2026-07-30 21:13:43 - app.api.predict - ERROR - Frame prediction failed: name 'normalized_area' is not defined
2026-07-30 21:13:43 - app.agents.vision_agent - INFO - VisionAgent starting analysis.
2026-07-30 21:13:43 - app.services.yolo_service - INFO - Running YOLO inference...
2026-07-30 21:13:44 - app.services.yolo_service - ERROR - Error during YOLO inference: name 'normalized_area' is not defined
2026-07-30 21:13:44 - app.agents.vision_agent - ERROR - VisionAgent failed during analysis: name 'normalized_area' is not defined
2026-07-30 21:13:44 - app.api.predict - ERROR - Frame prediction failed: name 'normalized_area' is not defined
2026-07-30 21:13:44 - app.agents.vision_agent - INFO - VisionAgent starting analysis.
2026-07-30 21:13:44 - app.services.yolo_service - INFO - Running YOLO inference...
2026-07-30 21:13:45 - app.services.yolo_service - ERROR - Error during YOLO inference: name 'normalized_area' is not defined
2026-07-30 21:13:45 - app.agents.vision_agent - ERROR - VisionAgent failed during analysis: name 'normalized_area' is not defined
2026-07-30 21:13:45 - app.api.predict - ERROR - Frame prediction failed: name 'normalized_area' is not defined
2026-07-30 21:13:45 - app.agents.vision_agent - INFO - VisionAgent starting analysis.
2026-07-30 21:13:45 - app.services.yolo_service - INFO - Running YOLO inference...
2026-07-30 21:13:46 - app.services.yolo_service - INFO - No potholes detected in the image.
2026-07-30 21:13:46 - app.agents.vision_agent - INFO - VisionAgent analysis complete. Found 0 items.
2026-07-30 21:13:46 - app.agents.vision_agent - INFO - VisionAgent starting analysis.
2026-07-30 21:13:46 - app.services.yolo_service - INFO - Running YOLO inference...
2026-07-30 21:13:47 - app.services.yolo_service - INFO - No potholes detected in the image.
2026-07-30 21:13:47 - app.agents.vision_agent - INFO - VisionAgent analysis complete. Found 0 items.
2026-07-30 21:13:47 - app.agents.vision_agent - INFO - VisionAgent starting analysis.
2026-07-30 21:13:47 - app.services.yolo_service - INFO - Running YOLO inference...
2026-07-30 21:13:48 - app.services.yolo_service - INFO - No potholes detected in the image.
2026-07-30 21:13:48 - app.agents.vision_agent - INFO - VisionAgent analysis complete. Found 0 items.
2026-07-30 21:13:48 - app.agents.vision_agent - INFO - VisionAgent starting analysis.
2026-07-30 21:13:48 - app.services.yolo_service - INFO - Running YOLO inference...
2026-07-30 21:13:49 - app.services.yolo_service - INFO - No potholes detected in the image.
2026-07-30 21:13:49 - app.agents.vision_agent - INFO - VisionAgent analysis complete. Found 0 items.
2026-07-30 21:13:50 - app.agents.vision_agent - INFO - VisionAgent starting analysis.
2026-07-30 21:13:50 - app.services.yolo_service - INFO - Running YOLO inference...
2026-07-30 21:13:50 - app.services.yolo_service - ERROR - Error during YOLO inference: name 'normalized_area' is not defined
2026-07-30 21:13:50 - app.agents.vision_agent - ERROR - VisionAgent failed during analysis: name 'normalized_area' is not defined
2026-07-30 21:13:50 - app.api.predict - ERROR - Frame prediction failed: name 'normalized_area' is not defined
2026-07-30 21:13:51 - app.agents.vision_agent - INFO - VisionAgent starting analysis.
2026-07-30 21:13:51 - app.services.yolo_service - INFO - Running YOLO inference...
2026-07-30 21:13:51 - app.services.yolo_service - ERROR - Error during YOLO inference: name 'normalized_area' is not defined
2026-07-30 21:13:51 - app.agents.vision_agent - ERROR - VisionAgent failed during analysis: name 'normalized_area' is not defined
2026-07-30 21:13:51 - app.api.predict - ERROR - Frame prediction failed: name 'normalized_area' is not defined
2026-07-30 21:13:52 - app.agents.vision_agent - INFO - VisionAgent starting analysis.
2026-07-30 21:13:52 - app.services.yolo_service - INFO - Running YOLO inference...
2026-07-30 21:13:52 - app.services.yolo_service - ERROR - Error during YOLO inference: name 'normalized_area' is not defined
2026-07-30 21:13:52 - app.agents.vision_agent - ERROR - VisionAgent failed during analysis: name 'normalized_area' is not defined
2026-07-30 21:13:52 - app.api.predict - ERROR - Frame prediction failed: name 'normalized_area' is not defined
2026-07-30 21:13:53 - app.agents.vision_agent - INFO - VisionAgent starting analysis.
2026-07-30 21:13:53 - app.services.yolo_service - INFO - Running YOLO inference...
2026-07-30 21:13:53 - app.services.yolo_service - INFO - No potholes detected in the image.
2026-07-30 21:13:53 - app.agents.vision_agent - INFO - VisionAgent analysis complete. Found 0 items.
2026-07-30 21:13:54 - app.agents.vision_agent - INFO - VisionAgent starting analysis.
2026-07-30 21:13:54 - app.services.yolo_service - INFO - Running YOLO inference...
2026-07-30 21:13:54 - app.services.yolo_service - INFO - No potholes detected in the image.
2026-07-30 21:13:54 - app.agents.vision_agent - INFO - VisionAgent analysis complete. Found 0 items.
2026-07-30 21:13:55 - app.agents.vision_agent - INFO - VisionAgent starting analysis.
2026-07-30 21:13:55 - app.services.yolo_service - INFO - Running YOLO inference...
2026-07-30 21:13:55 - app.services.yolo_service - INFO - No potholes detected in the image.
2026-07-30 21:13:55 - app.agents.vision_agent - INFO - VisionAgent analysis complete. Found 0 items.
2026-07-30 21:13:56 - app.agents.vision_agent - INFO - VisionAgent starting analysis.
2026-07-30 21:13:56 - app.services.yolo_service - INFO - Running YOLO inference...
2026-07-30 21:13:56 - app.services.yolo_service - INFO - No potholes detected in the image.
2026-07-30 21:13:56 - app.agents.vision_agent - INFO - VisionAgent analysis complete. Found 0 items.
2026-07-30 21:13:57 - app.agents.vision_agent - INFO - VisionAgent starting analysis.
2026-07-30 21:13:57 - app.services.yolo_service - INFO - Running YOLO inference...
2026-07-30 21:13:57 - app.services.yolo_service - INFO - No potholes detected in the image.
2026-07-30 21:13:57 - app.agents.vision_agent - INFO - VisionAgent analysis complete. Found 0 items.
2026-07-30 21:13:58 - app.agents.vision_agent - INFO - VisionAgent starting analysis.
2026-07-30 21:13:58 - app.services.yolo_service - INFO - Running YOLO inference...
2026-07-30 21:13:58 - app.services.yolo_service - INFO - No potholes detected in the image.
2026-07-30 21:13:58 - app.agents.vision_agent - INFO - VisionAgent analysis complete. Found 0 items.
2026-07-30 21:13:59 - app.agents.vision_agent - INFO - VisionAgent starting analysis.
2026-07-30 21:13:59 - app.services.yolo_service - INFO - Running YOLO inference...
2026-07-30 21:14:00 - app.services.yolo_service - INFO - No potholes detected in the image.
2026-07-30 21:14:00 - app.agents.vision_agent - INFO - VisionAgent analysis complete. Found 0 items.
2026-07-30 21:14:00 - app.agents.vision_agent - INFO - VisionAgent starting analysis.
2026-07-30 21:14:00 - app.services.yolo_service - INFO - Running YOLO inference...
2026-07-30 21:14:01 - app.services.yolo_service - INFO - No potholes detected in the image.
2026-07-30 21:14:01 - app.agents.vision_agent - INFO - VisionAgent analysis complete. Found 0 items.
2026-07-30 21:14:01 - app.agents.vision_agent - INFO - VisionAgent starting analysis.
2026-07-30 21:14:01 - app.services.yolo_service - INFO - Running YOLO inference...
2026-07-30 21:14:02 - app.services.yolo_service - INFO - No potholes detected in the image.
2026-07-30 21:14:02 - app.agents.vision_agent - INFO - VisionAgent analysis complete. Found 0 items.
2026-07-30 21:14:02 - app.agents.vision_agent - INFO - VisionAgent starting analysis.
2026-07-30 21:14:02 - app.services.yolo_service - INFO - Running YOLO inference...
2026-07-30 21:14:03 - app.services.yolo_service - INFO - No potholes detected in the image.
2026-07-30 21:14:03 - app.agents.vision_agent - INFO - VisionAgent analysis complete. Found 0 items.
2026-07-30 21:14:03 - app.agents.vision_agent - INFO - VisionAgent starting analysis.
2026-07-30 21:14:03 - app.services.yolo_service - INFO - Running YOLO inference...
2026-07-30 21:14:04 - app.services.yolo_service - INFO - No potholes detected in the image.
2026-07-30 21:14:04 - app.agents.vision_agent - INFO - VisionAgent analysis complete. Found 0 items.
2026-07-30 21:14:21 - app.models.loaders - INFO - Initialized ModelLoader singleton.
2026-07-30 21:14:21 - app.agents.vision_agent - INFO - VisionAgent initialized.
2026-07-30 21:14:21 - app.database.firebase - INFO - Initializing Firebase with credentials from C:\Users\MONALISA DAS\RoadGuardianAI\firebase-credentials.json
2026-07-30 21:14:21 - app.database.firebase - INFO - Successfully initialized Firebase Admin SDK.
2026-07-30 21:14:21 - app.database.firebase - INFO - Firestore client created.
2026-07-30 21:14:21 - app.agents.vision_agent - INFO - VisionAgent starting analysis.
2026-07-30 21:14:21 - app.models.loaders - INFO - Loading YOLOv8 pothole model from C:\Users\MONALISA DAS\RoadGuardianAI\backend\app\models\pothole\best.pt...
2026-07-30 21:14:22 - app.models.loaders - INFO - Successfully loaded YOLOv8 pothole model.
2026-07-30 21:14:22 - app.services.yolo_service - INFO - Running YOLO inference...
2026-07-30 21:14:29 - app.services.yolo_service - INFO - No potholes detected in the image.
2026-07-30 21:14:29 - app.agents.vision_agent - INFO - VisionAgent analysis complete. Found 0 items.
2026-07-30 21:14:29 - app.agents.vision_agent - INFO - VisionAgent starting analysis.
2026-07-30 21:14:29 - app.services.yolo_service - INFO - Running YOLO inference...
2026-07-30 21:14:29 - app.services.yolo_service - INFO - No potholes detected in the image.
2026-07-30 21:14:29 - app.agents.vision_agent - INFO - VisionAgent analysis complete. Found 0 items.
2026-07-30 21:14:29 - app.agents.vision_agent - INFO - VisionAgent starting analysis.
2026-07-30 21:14:29 - app.services.yolo_service - INFO - Running YOLO inference...
2026-07-30 21:14:29 - app.services.yolo_service - INFO - No potholes detected in the image.
2026-07-30 21:14:29 - app.agents.vision_agent - INFO - VisionAgent analysis complete. Found 0 items.
2026-07-30 21:14:30 - app.agents.vision_agent - INFO - VisionAgent starting analysis.
2026-07-30 21:14:30 - app.services.yolo_service - INFO - Running YOLO inference...
2026-07-30 21:14:31 - app.services.yolo_service - INFO - No potholes detected in the image.
2026-07-30 21:14:31 - app.agents.vision_agent - INFO - VisionAgent analysis complete. Found 0 items.
2026-07-30 21:14:31 - app.agents.vision_agent - INFO - VisionAgent starting analysis.
2026-07-30 21:14:31 - app.services.yolo_service - INFO - Running YOLO inference...
2026-07-30 21:14:32 - app.services.yolo_service - INFO - No potholes detected in the image.
2026-07-30 21:14:32 - app.agents.vision_agent - INFO - VisionAgent analysis complete. Found 0 items.
2026-07-30 21:14:32 - app.agents.vision_agent - INFO - VisionAgent starting analysis.
2026-07-30 21:14:32 - app.services.yolo_service - INFO - Running YOLO inference...
2026-07-30 21:14:33 - app.services.yolo_service - INFO - No potholes detected in the image.
2026-07-30 21:14:33 - app.agents.vision_agent - INFO - VisionAgent analysis complete. Found 0 items.
2026-07-30 21:14:33 - app.agents.vision_agent - INFO - VisionAgent starting analysis.
2026-07-30 21:14:33 - app.services.yolo_service - INFO - Running YOLO inference...
2026-07-30 21:14:34 - app.services.yolo_service - INFO - No potholes detected in the image.
2026-07-30 21:14:34 - app.agents.vision_agent - INFO - VisionAgent analysis complete. Found 0 items.
2026-07-30 21:14:35 - app.agents.vision_agent - INFO - VisionAgent starting analysis.
2026-07-30 21:14:35 - app.services.yolo_service - INFO - Running YOLO inference...
2026-07-30 21:14:35 - app.services.yolo_service - INFO - No potholes detected in the image.
2026-07-30 21:14:35 - app.agents.vision_agent - INFO - VisionAgent analysis complete. Found 0 items.
2026-07-30 21:14:36 - app.agents.vision_agent - INFO - VisionAgent starting analysis.
2026-07-30 21:14:36 - app.services.yolo_service - INFO - Running YOLO inference...
2026-07-30 21:14:36 - app.services.yolo_service - INFO - No potholes detected in the image.
2026-07-30 21:14:36 - app.agents.vision_agent - INFO - VisionAgent analysis complete. Found 0 items.
2026-07-30 21:14:37 - app.agents.vision_agent - INFO - VisionAgent starting analysis.
2026-07-30 21:14:37 - app.services.yolo_service - INFO - Running YOLO inference...
2026-07-30 21:14:37 - app.services.yolo_service - INFO - No potholes detected in the image.
2026-07-30 21:14:37 - app.agents.vision_agent - INFO - VisionAgent analysis complete. Found 0 items.
2026-07-30 21:14:38 - app.agents.vision_agent - INFO - VisionAgent starting analysis.
2026-07-30 21:14:38 - app.services.yolo_service - INFO - Running YOLO inference...
2026-07-30 21:14:38 - app.services.yolo_service - INFO - No potholes detected in the image.
2026-07-30 21:14:38 - app.agents.vision_agent - INFO - VisionAgent analysis complete. Found 0 items.
2026-07-30 21:14:39 - app.agents.vision_agent - INFO - VisionAgent starting analysis.
2026-07-30 21:14:39 - app.services.yolo_service - INFO - Running YOLO inference...
2026-07-30 21:14:39 - app.services.yolo_service - INFO - No potholes detected in the image.
2026-07-30 21:14:39 - app.agents.vision_agent - INFO - VisionAgent analysis complete. Found 0 items.
2026-07-30 21:14:40 - app.agents.vision_agent - INFO - VisionAgent starting analysis.
2026-07-30 21:14:40 - app.services.yolo_service - INFO - Running YOLO inference...
2026-07-30 21:14:40 - app.services.yolo_service - INFO - No potholes detected in the image.
2026-07-30 21:14:40 - app.agents.vision_agent - INFO - VisionAgent analysis complete. Found 0 items.
2026-07-30 21:14:40 - app.agents.vision_agent - INFO - VisionAgent starting analysis.
2026-07-30 21:14:40 - app.services.yolo_service - INFO - Running YOLO inference...
2026-07-30 21:14:41 - app.services.yolo_service - INFO - Detected 19 pothole(s).
2026-07-30 21:14:41 - app.agents.vision_agent - INFO - VisionAgent analysis complete. Found 19 items.
2026-07-30 21:15:07 - app.agents.vision_agent - INFO - VisionAgent starting analysis.
2026-07-30 21:15:07 - app.services.yolo_service - INFO - Running YOLO inference...
2026-07-30 21:15:07 - app.services.yolo_service - INFO - No potholes detected in the image.
2026-07-30 21:15:07 - app.agents.vision_agent - INFO - VisionAgent analysis complete. Found 0 items.
2026-07-30 21:15:08 - app.agents.vision_agent - INFO - VisionAgent starting analysis.
2026-07-30 21:15:08 - app.services.yolo_service - INFO - Running YOLO inference...
2026-07-30 21:15:08 - app.services.yolo_service - INFO - No potholes detected in the image.
2026-07-30 21:15:08 - app.agents.vision_agent - INFO - VisionAgent analysis complete. Found 0 items.
2026-07-30 21:15:09 - app.agents.vision_agent - INFO - VisionAgent starting analysis.
2026-07-30 21:15:09 - app.services.yolo_service - INFO - Running YOLO inference...
2026-07-30 21:15:09 - app.services.yolo_service - INFO - No potholes detected in the image.
2026-07-30 21:15:09 - app.agents.vision_agent - INFO - VisionAgent analysis complete. Found 0 items.
2026-07-30 21:15:10 - app.agents.vision_agent - INFO - VisionAgent starting analysis.
2026-07-30 21:15:10 - app.services.yolo_service - INFO - Running YOLO inference...
2026-07-30 21:15:10 - app.services.yolo_service - INFO - No potholes detected in the image.
2026-07-30 21:15:10 - app.agents.vision_agent - INFO - VisionAgent analysis complete. Found 0 items.
2026-07-30 21:15:11 - app.agents.vision_agent - INFO - VisionAgent starting analysis.
2026-07-30 21:15:11 - app.services.yolo_service - INFO - Running YOLO inference...
2026-07-30 21:15:11 - app.services.yolo_service - INFO - Detected 1 pothole(s).
2026-07-30 21:15:11 - app.agents.vision_agent - INFO - VisionAgent analysis complete. Found 1 items.
2026-07-30 21:15:12 - app.agents.vision_agent - INFO - VisionAgent starting analysis.
2026-07-30 21:15:12 - app.services.yolo_service - INFO - Running YOLO inference...
2026-07-30 21:15:13 - app.services.yolo_service - INFO - Detected 1 pothole(s).
2026-07-30 21:15:13 - app.agents.vision_agent - INFO - VisionAgent analysis complete. Found 1 items.
2026-07-30 21:15:13 - app.agents.vision_agent - INFO - VisionAgent starting analysis.
2026-07-30 21:15:13 - app.services.yolo_service - INFO - Running YOLO inference...
2026-07-30 21:15:14 - app.services.yolo_service - INFO - No potholes detected in the image.
2026-07-30 21:15:14 - app.agents.vision_agent - INFO - VisionAgent analysis complete. Found 0 items.
2026-07-30 21:15:15 - app.agents.vision_agent - INFO - VisionAgent starting analysis.
2026-07-30 21:15:15 - app.services.yolo_service - INFO - Running YOLO inference...
2026-07-30 21:15:15 - app.services.yolo_service - INFO - No potholes detected in the image.
2026-07-30 21:15:15 - app.agents.vision_agent - INFO - VisionAgent analysis complete. Found 0 items.
2026-07-30 21:15:16 - app.agents.vision_agent - INFO - VisionAgent starting analysis.
2026-07-30 21:15:16 - app.services.yolo_service - INFO - Running YOLO inference...
2026-07-30 21:15:16 - app.services.yolo_service - INFO - No potholes detected in the image.
2026-07-30 21:15:16 - app.agents.vision_agent - INFO - VisionAgent analysis complete. Found 0 items.
2026-07-30 21:15:17 - app.agents.vision_agent - INFO - VisionAgent starting analysis.
2026-07-30 21:15:17 - app.services.yolo_service - INFO - Running YOLO inference...
2026-07-30 21:15:17 - app.services.yolo_service - INFO - No potholes detected in the image.
2026-07-30 21:15:17 - app.agents.vision_agent - INFO - VisionAgent analysis complete. Found 0 items.
2026-07-30 21:15:18 - app.agents.vision_agent - INFO - VisionAgent starting analysis.
2026-07-30 21:15:18 - app.services.yolo_service - INFO - Running YOLO inference...
2026-07-30 21:15:18 - app.services.yolo_service - INFO - No potholes detected in the image.
2026-07-30 21:15:18 - app.agents.vision_agent - INFO - VisionAgent analysis complete. Found 0 items.
2026-07-30 21:15:19 - app.agents.vision_agent - INFO - VisionAgent starting analysis.
2026-07-30 21:15:19 - app.services.yolo_service - INFO - Running YOLO inference...
2026-07-30 21:15:19 - app.services.yolo_service - INFO - No potholes detected in the image.
2026-07-30 21:15:19 - app.agents.vision_agent - INFO - VisionAgent analysis complete. Found 0 items.
2026-07-30 21:15:20 - app.agents.vision_agent - INFO - VisionAgent starting analysis.
2026-07-30 21:15:20 - app.services.yolo_service - INFO - Running YOLO inference...
2026-07-30 21:15:20 - app.services.yolo_service - INFO - No potholes detected in the image.
2026-07-30 21:15:20 - app.agents.vision_agent - INFO - VisionAgent analysis complete. Found 0 items.
2026-07-30 21:15:21 - app.agents.vision_agent - INFO - VisionAgent starting analysis.
2026-07-30 21:15:21 - app.services.yolo_service - INFO - Running YOLO inference...
2026-07-30 21:15:21 - app.services.yolo_service - INFO - No potholes detected in the image.
2026-07-30 21:15:21 - app.agents.vision_agent - INFO - VisionAgent analysis complete. Found 0 items.
2026-07-30 21:15:22 - app.agents.vision_agent - INFO - VisionAgent starting analysis.
2026-07-30 21:15:22 - app.services.yolo_service - INFO - Running YOLO inference...
2026-07-30 21:15:22 - app.services.yolo_service - INFO - No potholes detected in the image.
2026-07-30 21:15:22 - app.agents.vision_agent - INFO - VisionAgent analysis complete. Found 0 items.
2026-07-30 21:15:23 - app.agents.vision_agent - INFO - VisionAgent starting analysis.
2026-07-30 21:15:23 - app.services.yolo_service - INFO - Running YOLO inference...
2026-07-30 21:15:23 - app.services.yolo_service - INFO - No potholes detected in the image.
2026-07-30 21:15:23 - app.agents.vision_agent - INFO - VisionAgent analysis complete. Found 0 items.
2026-07-30 21:15:24 - app.agents.vision_agent - INFO - VisionAgent starting analysis.
2026-07-30 21:15:24 - app.services.yolo_service - INFO - Running YOLO inference...
2026-07-30 21:15:24 - app.services.yolo_service - INFO - No potholes detected in the image.
2026-07-30 21:15:24 - app.agents.vision_agent - INFO - VisionAgent analysis complete. Found 0 items.
2026-07-30 21:15:25 - app.agents.vision_agent - INFO - VisionAgent starting analysis.
2026-07-30 21:15:25 - app.services.yolo_service - INFO - Running YOLO inference...
2026-07-30 21:15:25 - app.services.yolo_service - INFO - No potholes detected in the image.
2026-07-30 21:15:25 - app.agents.vision_agent - INFO - VisionAgent analysis complete. Found 0 items.
2026-07-30 21:15:26 - app.agents.vision_agent - INFO - VisionAgent starting analysis.
2026-07-30 21:15:26 - app.services.yolo_service - INFO - Running YOLO inference...
2026-07-30 21:15:27 - app.services.yolo_service - INFO - Detected 7 pothole(s).
2026-07-30 21:15:27 - app.agents.vision_agent - INFO - VisionAgent analysis complete. Found 7 items.
2026-07-30 21:15:27 - app.agents.vision_agent - INFO - VisionAgent starting analysis.
2026-07-30 21:15:27 - app.services.yolo_service - INFO - Running YOLO inference...
2026-07-30 21:15:28 - app.services.yolo_service - INFO - Detected 7 pothole(s).
2026-07-30 21:15:28 - app.agents.vision_agent - INFO - VisionAgent analysis complete. Found 7 items.
2026-07-30 21:15:28 - app.agents.vision_agent - INFO - VisionAgent starting analysis.
2026-07-30 21:15:28 - app.services.yolo_service - INFO - Running YOLO inference...
2026-07-30 21:15:29 - app.services.yolo_service - INFO - Detected 6 pothole(s).
2026-07-30 21:15:29 - app.agents.vision_agent - INFO - VisionAgent analysis complete. Found 6 items.
2026-07-30 21:15:29 - app.agents.vision_agent - INFO - VisionAgent starting analysis.
2026-07-30 21:15:29 - app.services.yolo_service - INFO - Running YOLO inference...
2026-07-30 21:15:30 - app.services.yolo_service - INFO - Detected 6 pothole(s).
2026-07-30 21:15:30 - app.agents.vision_agent - INFO - VisionAgent analysis complete. Found 6 items.
2026-07-30 21:15:31 - app.agents.vision_agent - INFO - VisionAgent starting analysis.
2026-07-30 21:15:31 - app.services.yolo_service - INFO - Running YOLO inference...
2026-07-30 21:15:31 - app.services.yolo_service - INFO - Detected 7 pothole(s).
2026-07-30 21:15:31 - app.agents.vision_agent - INFO - VisionAgent analysis complete. Found 7 items.
2026-07-30 21:15:32 - app.agents.vision_agent - INFO - VisionAgent starting analysis.
2026-07-30 21:15:32 - app.services.yolo_service - INFO - Running YOLO inference...
2026-07-30 21:15:32 - app.services.yolo_service - INFO - Detected 7 pothole(s).
2026-07-30 21:15:32 - app.agents.vision_agent - INFO - VisionAgent analysis complete. Found 7 items.
2026-07-30 21:15:33 - app.agents.vision_agent - INFO - VisionAgent starting analysis.
2026-07-30 21:15:33 - app.services.yolo_service - INFO - Running YOLO inference...
2026-07-30 21:15:33 - app.services.yolo_service - INFO - Detected 7 pothole(s).
2026-07-30 21:15:33 - app.agents.vision_agent - INFO - VisionAgent analysis complete. Found 7 items.
2026-07-30 21:15:34 - app.agents.vision_agent - INFO - VisionAgent starting analysis.
2026-07-30 21:15:34 - app.services.yolo_service - INFO - Running YOLO inference...
2026-07-30 21:15:34 - app.services.yolo_service - INFO - Detected 1 pothole(s).
2026-07-30 21:15:34 - app.agents.vision_agent - INFO - VisionAgent analysis complete. Found 1 items.
2026-07-30 21:15:35 - app.agents.vision_agent - INFO - VisionAgent starting analysis.
2026-07-30 21:15:35 - app.services.yolo_service - INFO - Running YOLO inference...
2026-07-30 21:15:35 - app.services.yolo_service - INFO - Detected 5 pothole(s).
2026-07-30 21:15:35 - app.agents.vision_agent - INFO - VisionAgent analysis complete. Found 5 items.
2026-07-30 21:15:36 - app.agents.vision_agent - INFO - VisionAgent starting analysis.
2026-07-30 21:15:36 - app.services.yolo_service - INFO - Running YOLO inference...
2026-07-30 21:15:36 - app.services.yolo_service - INFO - Detected 6 pothole(s).
2026-07-30 21:15:36 - app.agents.vision_agent - INFO - VisionAgent analysis complete. Found 6 items.
2026-07-30 21:15:37 - app.agents.vision_agent - INFO - VisionAgent starting analysis.
2026-07-30 21:15:37 - app.services.yolo_service - INFO - Running YOLO inference...
2026-07-30 21:15:37 - app.services.yolo_service - INFO - Detected 5 pothole(s).
2026-07-30 21:15:37 - app.agents.vision_agent - INFO - VisionAgent analysis complete. Found 5 items.
2026-07-30 21:15:38 - app.agents.vision_agent - INFO - VisionAgent starting analysis.
2026-07-30 21:15:38 - app.services.yolo_service - INFO - Running YOLO inference...
2026-07-30 21:15:38 - app.services.yolo_service - INFO - Detected 14 pothole(s).
2026-07-30 21:15:38 - app.agents.vision_agent - INFO - VisionAgent analysis complete. Found 14 items.
2026-07-30 21:15:39 - app.agents.vision_agent - INFO - VisionAgent starting analysis.
2026-07-30 21:15:39 - app.services.yolo_service - INFO - Running YOLO inference...
2026-07-30 21:15:39 - app.services.yolo_service - INFO - Detected 15 pothole(s).
2026-07-30 21:15:39 - app.agents.vision_agent - INFO - VisionAgent analysis complete. Found 15 items.
2026-07-30 21:15:40 - app.agents.vision_agent - INFO - VisionAgent starting analysis.
2026-07-30 21:15:40 - app.services.yolo_service - INFO - Running YOLO inference...
2026-07-30 21:15:40 - app.services.yolo_service - INFO - Detected 18 pothole(s).
2026-07-30 21:15:40 - app.agents.vision_agent - INFO - VisionAgent analysis complete. Found 18 items.
2026-07-30 21:15:41 - app.agents.vision_agent - INFO - VisionAgent starting analysis.
2026-07-30 21:15:41 - app.services.yolo_service - INFO - Running YOLO inference...
2026-07-30 21:15:41 - app.services.yolo_service - INFO - Detected 18 pothole(s).
2026-07-30 21:15:41 - app.agents.vision_agent - INFO - VisionAgent analysis complete. Found 18 items.
2026-07-30 21:15:42 - app.agents.vision_agent - INFO - VisionAgent starting analysis.
2026-07-30 21:15:42 - app.services.yolo_service - INFO - Running YOLO inference...
2026-07-30 21:15:42 - app.services.yolo_service - INFO - Detected 22 pothole(s).
2026-07-30 21:15:42 - app.agents.vision_agent - INFO - VisionAgent analysis complete. Found 22 items.
2026-07-30 21:15:43 - app.agents.vision_agent - INFO - VisionAgent starting analysis.
2026-07-30 21:15:43 - app.services.yolo_service - INFO - Running YOLO inference...
2026-07-30 21:15:44 - app.services.yolo_service - INFO - Detected 21 pothole(s).
2026-07-30 21:15:44 - app.agents.vision_agent - INFO - VisionAgent analysis complete. Found 21 items.
2026-07-30 21:15:44 - app.agents.vision_agent - INFO - VisionAgent starting analysis.
2026-07-30 21:15:44 - app.services.yolo_service - INFO - Running YOLO inference...
2026-07-30 21:15:45 - app.services.yolo_service - INFO - Detected 16 pothole(s).
2026-07-30 21:15:45 - app.agents.vision_agent - INFO - VisionAgent analysis complete. Found 16 items.
2026-07-30 21:15:45 - app.agents.vision_agent - INFO - VisionAgent starting analysis.
2026-07-30 21:15:45 - app.services.yolo_service - INFO - Running YOLO inference...
2026-07-30 21:15:46 - app.services.yolo_service - INFO - Detected 17 pothole(s).
2026-07-30 21:15:46 - app.agents.vision_agent - INFO - VisionAgent analysis complete. Found 17 items.
2026-07-30 21:15:46 - app.agents.vision_agent - INFO - VisionAgent starting analysis.
2026-07-30 21:15:46 - app.services.yolo_service - INFO - Running YOLO inference...
2026-07-30 21:15:47 - app.services.yolo_service - INFO - Detected 8 pothole(s).
2026-07-30 21:15:47 - app.agents.vision_agent - INFO - VisionAgent analysis complete. Found 8 items.
2026-07-30 21:15:48 - app.agents.vision_agent - INFO - VisionAgent starting analysis.
2026-07-30 21:15:48 - app.services.yolo_service - INFO - Running YOLO inference...
2026-07-30 21:15:48 - app.services.yolo_service - INFO - Detected 11 pothole(s).
2026-07-30 21:15:48 - app.agents.vision_agent - INFO - VisionAgent analysis complete. Found 11 items.
2026-07-30 21:15:49 - app.agents.vision_agent - INFO - VisionAgent starting analysis.
2026-07-30 21:15:49 - app.services.yolo_service - INFO - Running YOLO inference...
2026-07-30 21:15:49 - app.services.yolo_service - INFO - Detected 5 pothole(s).
2026-07-30 21:15:49 - app.agents.vision_agent - INFO - VisionAgent analysis complete. Found 5 items.
2026-07-30 21:15:50 - app.agents.vision_agent - INFO - VisionAgent starting analysis.
2026-07-30 21:15:50 - app.services.yolo_service - INFO - Running YOLO inference...
2026-07-30 21:15:50 - app.services.yolo_service - INFO - Detected 6 pothole(s).
2026-07-30 21:15:50 - app.agents.vision_agent - INFO - VisionAgent analysis complete. Found 6 items.
2026-07-30 21:15:51 - app.agents.vision_agent - INFO - VisionAgent starting analysis.
2026-07-30 21:15:51 - app.services.yolo_service - INFO - Running YOLO inference...
2026-07-30 21:15:51 - app.services.yolo_service - INFO - Detected 12 pothole(s).
2026-07-30 21:15:51 - app.agents.vision_agent - INFO - VisionAgent analysis complete. Found 12 items.
2026-07-30 21:15:52 - app.agents.vision_agent - INFO - VisionAgent starting analysis.
2026-07-30 21:15:52 - app.services.yolo_service - INFO - Running YOLO inference...
2026-07-30 21:15:52 - app.services.yolo_service - INFO - Detected 4 pothole(s).
2026-07-30 21:15:52 - app.agents.vision_agent - INFO - VisionAgent analysis complete. Found 4 items.
2026-07-30 21:15:53 - app.agents.vision_agent - INFO - VisionAgent starting analysis.
2026-07-30 21:15:53 - app.services.yolo_service - INFO - Running YOLO inference...
2026-07-30 21:15:53 - app.services.yolo_service - INFO - Detected 1 pothole(s).
2026-07-30 21:15:53 - app.agents.vision_agent - INFO - VisionAgent analysis complete. Found 1 items.
2026-07-30 21:15:54 - app.agents.vision_agent - INFO - VisionAgent starting analysis.
2026-07-30 21:15:54 - app.services.yolo_service - INFO - Running YOLO inference...
2026-07-30 21:15:54 - app.services.yolo_service - INFO - Detected 5 pothole(s).
2026-07-30 21:15:54 - app.agents.vision_agent - INFO - VisionAgent analysis complete. Found 5 items.
2026-07-30 21:15:55 - app.agents.vision_agent - INFO - VisionAgent starting analysis.
2026-07-30 21:15:55 - app.services.yolo_service - INFO - Running YOLO inference...
2026-07-30 21:15:55 - app.services.yolo_service - INFO - Detected 9 pothole(s).
2026-07-30 21:15:55 - app.agents.vision_agent - INFO - VisionAgent analysis complete. Found 9 items.
2026-07-30 21:15:56 - app.agents.vision_agent - INFO - VisionAgent starting analysis.
2026-07-30 21:15:56 - app.services.yolo_service - INFO - Running YOLO inference...
2026-07-30 21:15:57 - app.services.yolo_service - INFO - Detected 10 pothole(s).
2026-07-30 21:15:57 - app.agents.vision_agent - INFO - VisionAgent analysis complete. Found 10 items.
2026-07-30 21:15:57 - app.agents.vision_agent - INFO - VisionAgent starting analysis.
2026-07-30 21:15:57 - app.services.yolo_service - INFO - Running YOLO inference...
2026-07-30 21:15:57 - app.services.yolo_service - INFO - Detected 9 pothole(s).
2026-07-30 21:15:57 - app.agents.vision_agent - INFO - VisionAgent analysis complete. Found 9 items.
2026-07-30 21:15:58 - app.agents.vision_agent - INFO - VisionAgent starting analysis.
2026-07-30 21:15:58 - app.services.yolo_service - INFO - Running YOLO inference...
2026-07-30 21:15:58 - app.services.yolo_service - INFO - Detected 8 pothole(s).
2026-07-30 21:15:58 - app.agents.vision_agent - INFO - VisionAgent analysis complete. Found 8 items.
2026-07-30 21:15:59 - app.agents.vision_agent - INFO - VisionAgent starting analysis.
2026-07-30 21:15:59 - app.services.yolo_service - INFO - Running YOLO inference...
2026-07-30 21:15:59 - app.services.yolo_service - INFO - Detected 3 pothole(s).
2026-07-30 21:15:59 - app.agents.vision_agent - INFO - VisionAgent analysis complete. Found 3 items.
2026-07-30 21:16:00 - app.agents.vision_agent - INFO - VisionAgent starting analysis.
2026-07-30 21:16:00 - app.services.yolo_service - INFO - Running YOLO inference...
2026-07-30 21:16:01 - app.services.yolo_service - INFO - Detected 11 pothole(s).
2026-07-30 21:16:01 - app.agents.vision_agent - INFO - VisionAgent analysis complete. Found 11 items.
2026-07-30 21:16:01 - app.agents.vision_agent - INFO - VisionAgent starting analysis.
2026-07-30 21:16:01 - app.services.yolo_service - INFO - Running YOLO inference...
2026-07-30 21:16:02 - app.services.yolo_service - INFO - Detected 10 pothole(s).
2026-07-30 21:16:02 - app.agents.vision_agent - INFO - VisionAgent analysis complete. Found 10 items.
2026-07-30 21:16:03 - app.agents.vision_agent - INFO - VisionAgent starting analysis.
2026-07-30 21:16:03 - app.services.yolo_service - INFO - Running YOLO inference...
2026-07-30 21:16:03 - app.services.yolo_service - INFO - Detected 8 pothole(s).
2026-07-30 21:16:03 - app.agents.vision_agent - INFO - VisionAgent analysis complete. Found 8 items.
2026-07-30 21:16:04 - app.agents.vision_agent - INFO - VisionAgent starting analysis.
2026-07-30 21:16:04 - app.services.yolo_service - INFO - Running YOLO inference...
2026-07-30 21:16:04 - app.services.yolo_service - INFO - Detected 10 pothole(s).
2026-07-30 21:16:04 - app.agents.vision_agent - INFO - VisionAgent analysis complete. Found 10 items.
2026-07-30 21:16:05 - app.agents.vision_agent - INFO - VisionAgent starting analysis.
2026-07-30 21:16:05 - app.services.yolo_service - INFO - Running YOLO inference...
2026-07-30 21:16:05 - app.services.yolo_service - INFO - Detected 10 pothole(s).
2026-07-30 21:16:05 - app.agents.vision_agent - INFO - VisionAgent analysis complete. Found 10 items.
2026-07-30 21:16:06 - app.agents.vision_agent - INFO - VisionAgent starting analysis.
2026-07-30 21:16:06 - app.services.yolo_service - INFO - Running YOLO inference...
2026-07-30 21:16:06 - app.services.yolo_service - INFO - Detected 12 pothole(s).
2026-07-30 21:16:06 - app.agents.vision_agent - INFO - VisionAgent analysis complete. Found 12 items.
2026-07-30 21:16:07 - app.agents.vision_agent - INFO - VisionAgent starting analysis.
2026-07-30 21:16:07 - app.services.yolo_service - INFO - Running YOLO inference...
2026-07-30 21:16:07 - app.services.yolo_service - INFO - Detected 16 pothole(s).
2026-07-30 21:16:07 - app.agents.vision_agent - INFO - VisionAgent analysis complete. Found 16 items.
2026-07-30 21:16:08 - app.agents.vision_agent - INFO - VisionAgent starting analysis.
2026-07-30 21:16:08 - app.services.yolo_service - INFO - Running YOLO inference...
2026-07-30 21:16:08 - app.services.yolo_service - INFO - Detected 7 pothole(s).
2026-07-30 21:16:08 - app.agents.vision_agent - INFO - VisionAgent analysis complete. Found 7 items.
2026-07-30 21:16:09 - app.agents.vision_agent - INFO - VisionAgent starting analysis.
2026-07-30 21:16:09 - app.services.yolo_service - INFO - Running YOLO inference...
2026-07-30 21:16:09 - app.services.yolo_service - INFO - Detected 7 pothole(s).
2026-07-30 21:16:09 - app.agents.vision_agent - INFO - VisionAgent analysis complete. Found 7 items.
2026-07-30 21:16:10 - app.agents.vision_agent - INFO - VisionAgent starting analysis.
2026-07-30 21:16:10 - app.services.yolo_service - INFO - Running YOLO inference...
2026-07-30 21:16:10 - app.services.yolo_service - INFO - Detected 6 pothole(s).
2026-07-30 21:16:10 - app.agents.vision_agent - INFO - VisionAgent analysis complete. Found 6 items.
2026-07-30 21:16:12 - app.agents.vision_agent - INFO - VisionAgent starting analysis.
2026-07-30 21:16:12 - app.services.yolo_service - INFO - Running YOLO inference...
2026-07-30 21:16:12 - app.services.yolo_service - INFO - Detected 6 pothole(s).
2026-07-30 21:16:12 - app.agents.vision_agent - INFO - VisionAgent analysis complete. Found 6 items.
2026-07-30 21:16:14 - app.agents.vision_agent - INFO - VisionAgent starting analysis.
2026-07-30 21:16:14 - app.services.yolo_service - INFO - Running YOLO inference...
2026-07-30 21:16:14 - app.services.yolo_service - INFO - Detected 7 pothole(s).
2026-07-30 21:16:14 - app.agents.vision_agent - INFO - VisionAgent analysis complete. Found 7 items.
2026-07-30 21:16:15 - app.agents.vision_agent - INFO - VisionAgent starting analysis.
2026-07-30 21:16:15 - app.services.yolo_service - INFO - Running YOLO inference...
2026-07-30 21:16:15 - app.services.yolo_service - INFO - Detected 7 pothole(s).
2026-07-30 21:16:15 - app.agents.vision_agent - INFO - VisionAgent analysis complete. Found 7 items.
2026-07-30 21:16:16 - app.agents.vision_agent - INFO - VisionAgent starting analysis.
2026-07-30 21:16:16 - app.services.yolo_service - INFO - Running YOLO inference...
2026-07-30 21:16:17 - app.services.yolo_service - INFO - Detected 2 pothole(s).
2026-07-30 21:16:17 - app.agents.vision_agent - INFO - VisionAgent analysis complete. Found 2 items.
2026-07-30 21:16:18 - app.agents.vision_agent - INFO - VisionAgent starting analysis.
2026-07-30 21:16:18 - app.services.yolo_service - INFO - Running YOLO inference...
2026-07-30 21:16:18 - app.services.yolo_service - INFO - Detected 3 pothole(s).
2026-07-30 21:16:18 - app.agents.vision_agent - INFO - VisionAgent analysis complete. Found 3 items.
2026-07-30 21:16:19 - app.agents.vision_agent - INFO - VisionAgent starting analysis.
2026-07-30 21:16:19 - app.services.yolo_service - INFO - Running YOLO inference...
2026-07-30 21:16:19 - app.services.yolo_service - INFO - Detected 3 pothole(s).
2026-07-30 21:16:19 - app.agents.vision_agent - INFO - VisionAgent analysis complete. Found 3 items.
2026-07-30 21:16:21 - app.agents.vision_agent - INFO - VisionAgent starting analysis.
2026-07-30 21:16:21 - app.services.yolo_service - INFO - Running YOLO inference...
2026-07-30 21:16:21 - app.services.yolo_service - INFO - Detected 18 pothole(s).
2026-07-30 21:16:21 - app.agents.vision_agent - INFO - VisionAgent analysis complete. Found 18 items.
2026-07-30 21:16:22 - app.agents.vision_agent - INFO - VisionAgent starting analysis.
2026-07-30 21:16:22 - app.services.yolo_service - INFO - Running YOLO inference...
2026-07-30 21:16:22 - app.services.yolo_service - INFO - Detected 15 pothole(s).
2026-07-30 21:16:22 - app.agents.vision_agent - INFO - VisionAgent analysis complete. Found 15 items.
2026-07-30 21:16:24 - app.agents.vision_agent - INFO - VisionAgent starting analysis.
2026-07-30 21:16:24 - app.services.yolo_service - INFO - Running YOLO inference...
2026-07-30 21:16:24 - app.services.yolo_service - INFO - Detected 19 pothole(s).
2026-07-30 21:16:24 - app.agents.vision_agent - INFO - VisionAgent analysis complete. Found 19 items.
2026-07-30 21:16:25 - app.agents.vision_agent - INFO - VisionAgent starting analysis.
2026-07-30 21:16:25 - app.services.yolo_service - INFO - Running YOLO inference...
2026-07-30 21:16:25 - app.services.yolo_service - INFO - Detected 27 pothole(s).
2026-07-30 21:16:25 - app.agents.vision_agent - INFO - VisionAgent analysis complete. Found 27 items.
2026-07-30 21:16:26 - app.agents.vision_agent - INFO - VisionAgent starting analysis.
2026-07-30 21:16:26 - app.services.yolo_service - INFO - Running YOLO inference...
2026-07-30 21:16:26 - app.services.yolo_service - INFO - Detected 15 pothole(s).
2026-07-30 21:16:26 - app.agents.vision_agent - INFO - VisionAgent analysis complete. Found 15 items.
2026-07-30 21:16:28 - app.agents.vision_agent - INFO - VisionAgent starting analysis.
2026-07-30 21:16:28 - app.services.yolo_service - INFO - Running YOLO inference...
2026-07-30 21:16:28 - app.services.yolo_service - INFO - Detected 15 pothole(s).
2026-07-30 21:16:28 - app.agents.vision_agent - INFO - VisionAgent analysis complete. Found 15 items.
2026-07-30 21:16:29 - app.agents.vision_agent - INFO - VisionAgent starting analysis.
2026-07-30 21:16:29 - app.services.yolo_service - INFO - Running YOLO inference...
2026-07-30 21:16:29 - app.services.yolo_service - INFO - Detected 9 pothole(s).
2026-07-30 21:16:29 - app.agents.vision_agent - INFO - VisionAgent analysis complete. Found 9 items.
2026-07-30 21:16:31 - app.agents.vision_agent - INFO - VisionAgent starting analysis.
2026-07-30 21:16:31 - app.services.yolo_service - INFO - Running YOLO inference...
2026-07-30 21:16:31 - app.services.yolo_service - INFO - Detected 7 pothole(s).
2026-07-30 21:16:31 - app.agents.vision_agent - INFO - VisionAgent analysis complete. Found 7 items.
2026-07-30 21:16:32 - app.agents.vision_agent - INFO - VisionAgent starting analysis.
2026-07-30 21:16:32 - app.services.yolo_service - INFO - Running YOLO inference...
2026-07-30 21:16:32 - app.services.yolo_service - INFO - Detected 6 pothole(s).
2026-07-30 21:16:32 - app.agents.vision_agent - INFO - VisionAgent analysis complete. Found 6 items.
2026-07-30 21:16:33 - app.agents.vision_agent - INFO - VisionAgent starting analysis.
2026-07-30 21:16:33 - app.services.yolo_service - INFO - Running YOLO inference...
2026-07-30 21:16:34 - app.services.yolo_service - INFO - Detected 6 pothole(s).
2026-07-30 21:16:34 - app.agents.vision_agent - INFO - VisionAgent analysis complete. Found 6 items.
2026-07-30 21:16:35 - app.agents.vision_agent - INFO - VisionAgent starting analysis.
2026-07-30 21:16:35 - app.services.yolo_service - INFO - Running YOLO inference...
2026-07-30 21:16:35 - app.services.yolo_service - INFO - Detected 4 pothole(s).
2026-07-30 21:16:35 - app.agents.vision_agent - INFO - VisionAgent analysis complete. Found 4 items.
2026-07-30 21:16:36 - app.agents.vision_agent - INFO - VisionAgent starting analysis.
2026-07-30 21:16:36 - app.services.yolo_service - INFO - Running YOLO inference...
2026-07-30 21:16:36 - app.services.yolo_service - INFO - Detected 3 pothole(s).
2026-07-30 21:16:36 - app.agents.vision_agent - INFO - VisionAgent analysis complete. Found 3 items.
2026-07-30 21:16:38 - app.agents.vision_agent - INFO - VisionAgent starting analysis.
2026-07-30 21:16:38 - app.services.yolo_service - INFO - Running YOLO inference...
2026-07-30 21:16:38 - app.services.yolo_service - INFO - Detected 8 pothole(s).
2026-07-30 21:16:38 - app.agents.vision_agent - INFO - VisionAgent analysis complete. Found 8 items.
2026-07-30 21:16:39 - app.agents.vision_agent - INFO - VisionAgent starting analysis.
2026-07-30 21:16:39 - app.services.yolo_service - INFO - Running YOLO inference...
2026-07-30 21:16:39 - app.services.yolo_service - INFO - Detected 7 pothole(s).
2026-07-30 21:16:39 - app.agents.vision_agent - INFO - VisionAgent analysis complete. Found 7 items.
2026-07-30 21:16:40 - app.agents.vision_agent - INFO - VisionAgent starting analysis.
2026-07-30 21:16:40 - app.services.yolo_service - INFO - Running YOLO inference...
2026-07-30 21:16:40 - app.services.yolo_service - INFO - Detected 7 pothole(s).
2026-07-30 21:16:40 - app.agents.vision_agent - INFO - VisionAgent analysis complete. Found 7 items.
2026-07-30 21:16:42 - app.agents.vision_agent - INFO - VisionAgent starting analysis.
2026-07-30 21:16:42 - app.services.yolo_service - INFO - Running YOLO inference...
2026-07-30 21:16:42 - app.services.yolo_service - INFO - Detected 5 pothole(s).
2026-07-30 21:16:42 - app.agents.vision_agent - INFO - VisionAgent analysis complete. Found 5 items.
2026-07-30 21:16:43 - app.agents.vision_agent - INFO - VisionAgent starting analysis.
2026-07-30 21:16:43 - app.services.yolo_service - INFO - Running YOLO inference...
2026-07-30 21:16:43 - app.services.yolo_service - INFO - Detected 12 pothole(s).
2026-07-30 21:16:43 - app.agents.vision_agent - INFO - VisionAgent analysis complete. Found 12 items.
2026-07-30 21:16:45 - app.agents.vision_agent - INFO - VisionAgent starting analysis.
2026-07-30 21:16:45 - app.services.yolo_service - INFO - Running YOLO inference...
2026-07-30 21:16:45 - app.services.yolo_service - INFO - Detected 8 pothole(s).
2026-07-30 21:16:45 - app.agents.vision_agent - INFO - VisionAgent analysis complete. Found 8 items.
2026-07-30 21:16:46 - app.agents.vision_agent - INFO - VisionAgent starting analysis.
2026-07-30 21:16:46 - app.services.yolo_service - INFO - Running YOLO inference...
2026-07-30 21:16:46 - app.services.yolo_service - INFO - Detected 13 pothole(s).
2026-07-30 21:16:46 - app.agents.vision_agent - INFO - VisionAgent analysis complete. Found 13 items.
2026-07-30 21:16:47 - app.agents.vision_agent - INFO - VisionAgent starting analysis.
2026-07-30 21:16:47 - app.services.yolo_service - INFO - Running YOLO inference...
2026-07-30 21:16:48 - app.services.yolo_service - INFO - Detected 8 pothole(s).
2026-07-30 21:16:48 - app.agents.vision_agent - INFO - VisionAgent analysis complete. Found 8 items.
2026-07-30 21:16:49 - app.agents.vision_agent - INFO - VisionAgent starting analysis.
2026-07-30 21:16:49 - app.services.yolo_service - INFO - Running YOLO inference...
2026-07-30 21:16:49 - app.services.yolo_service - INFO - Detected 17 pothole(s).
2026-07-30 21:16:49 - app.agents.vision_agent - INFO - VisionAgent analysis complete. Found 17 items.
2026-07-30 21:16:50 - app.agents.vision_agent - INFO - VisionAgent starting analysis.
2026-07-30 21:16:50 - app.services.yolo_service - INFO - Running YOLO inference...
2026-07-30 21:16:50 - app.services.yolo_service - INFO - Detected 8 pothole(s).
2026-07-30 21:16:50 - app.agents.vision_agent - INFO - VisionAgent analysis complete. Found 8 items.
2026-07-30 21:17:47 - app.agents.vision_agent - INFO - VisionAgent starting analysis.
2026-07-30 21:17:47 - app.services.yolo_service - INFO - Running YOLO inference...
2026-07-30 21:17:47 - app.services.yolo_service - INFO - Detected 6 pothole(s).
2026-07-30 21:17:47 - app.agents.vision_agent - INFO - VisionAgent analysis complete. Found 6 items.
2026-07-30 21:17:47 - app.agents.vision_agent - INFO - VisionAgent starting analysis.
2026-07-30 21:17:47 - app.services.yolo_service - INFO - Running YOLO inference...
2026-07-30 21:17:47 - app.services.yolo_service - INFO - Detected 7 pothole(s).
2026-07-30 21:17:47 - app.agents.vision_agent - INFO - VisionAgent analysis complete. Found 7 items.
2026-07-30 21:17:48 - app.agents.vision_agent - INFO - VisionAgent starting analysis.
2026-07-30 21:17:48 - app.services.yolo_service - INFO - Running YOLO inference...
2026-07-30 21:17:48 - app.services.yolo_service - INFO - Detected 7 pothole(s).
2026-07-30 21:17:48 - app.agents.vision_agent - INFO - VisionAgent analysis complete. Found 7 items.
2026-07-30 21:17:48 - app.agents.vision_agent - INFO - VisionAgent starting analysis.
2026-07-30 21:17:48 - app.services.yolo_service - INFO - Running YOLO inference...
2026-07-30 21:17:48 - app.services.yolo_service - INFO - Detected 7 pothole(s).
2026-07-30 21:17:48 - app.agents.vision_agent - INFO - VisionAgent analysis complete. Found 7 items.
2026-07-30 21:17:49 - app.agents.vision_agent - INFO - VisionAgent starting analysis.
2026-07-30 21:17:49 - app.services.yolo_service - INFO - Running YOLO inference...
2026-07-30 21:17:49 - app.services.yolo_service - INFO - Detected 6 pothole(s).
2026-07-30 21:17:49 - app.agents.vision_agent - INFO - VisionAgent analysis complete. Found 6 items.
2026-07-30 21:17:49 - app.agents.vision_agent - INFO - VisionAgent starting analysis.
2026-07-30 21:17:49 - app.services.yolo_service - INFO - Running YOLO inference...
2026-07-30 21:17:49 - app.services.yolo_service - INFO - Detected 6 pothole(s).
2026-07-30 21:17:49 - app.agents.vision_agent - INFO - VisionAgent analysis complete. Found 6 items.
2026-07-30 21:17:50 - app.agents.vision_agent - INFO - VisionAgent starting analysis.
2026-07-30 21:17:50 - app.services.yolo_service - INFO - Running YOLO inference...
2026-07-30 21:17:50 - app.services.yolo_service - INFO - Detected 6 pothole(s).
2026-07-30 21:17:50 - app.agents.vision_agent - INFO - VisionAgent analysis complete. Found 6 items.
2026-07-30 21:17:50 - app.agents.vision_agent - INFO - VisionAgent starting analysis.
2026-07-30 21:17:50 - app.services.yolo_service - INFO - Running YOLO inference...
2026-07-30 21:17:51 - app.services.yolo_service - INFO - Detected 6 pothole(s).
2026-07-30 21:17:51 - app.agents.vision_agent - INFO - VisionAgent analysis complete. Found 6 items.
2026-07-30 21:17:51 - app.agents.vision_agent - INFO - VisionAgent starting analysis.
2026-07-30 21:17:51 - app.services.yolo_service - INFO - Running YOLO inference...
2026-07-30 21:17:51 - app.services.yolo_service - INFO - Detected 7 pothole(s).
2026-07-30 21:17:51 - app.agents.vision_agent - INFO - VisionAgent analysis complete. Found 7 items.
2026-07-30 21:17:51 - app.agents.vision_agent - INFO - VisionAgent starting analysis.
2026-07-30 21:17:51 - app.services.yolo_service - INFO - Running YOLO inference...
2026-07-30 21:17:52 - app.services.yolo_service - INFO - Detected 7 pothole(s).
2026-07-30 21:17:52 - app.agents.vision_agent - INFO - VisionAgent analysis complete. Found 7 items.
2026-07-30 21:17:52 - app.agents.vision_agent - INFO - VisionAgent starting analysis.
2026-07-30 21:17:52 - app.services.yolo_service - INFO - Running YOLO inference...
2026-07-30 21:17:52 - app.services.yolo_service - INFO - Detected 7 pothole(s).
2026-07-30 21:17:52 - app.agents.vision_agent - INFO - VisionAgent analysis complete. Found 7 items.
2026-07-30 21:17:52 - app.agents.vision_agent - INFO - VisionAgent starting analysis.
2026-07-30 21:17:52 - app.services.yolo_service - INFO - Running YOLO inference...
2026-07-30 21:17:53 - app.services.yolo_service - INFO - Detected 7 pothole(s).
2026-07-30 21:17:53 - app.agents.vision_agent - INFO - VisionAgent analysis complete. Found 7 items.
2026-07-30 21:17:53 - app.agents.vision_agent - INFO - VisionAgent starting analysis.
2026-07-30 21:17:53 - app.services.yolo_service - INFO - Running YOLO inference...
2026-07-30 21:17:53 - app.services.yolo_service - INFO - Detected 7 pothole(s).
2026-07-30 21:17:53 - app.agents.vision_agent - INFO - VisionAgent analysis complete. Found 7 items.
2026-07-30 21:17:54 - app.agents.vision_agent - INFO - VisionAgent starting analysis.
2026-07-30 21:17:54 - app.services.yolo_service - INFO - Running YOLO inference...
2026-07-30 21:17:54 - app.services.yolo_service - INFO - Detected 4 pothole(s).
2026-07-30 21:17:54 - app.agents.vision_agent - INFO - VisionAgent analysis complete. Found 4 items.
2026-07-30 21:17:54 - app.agents.vision_agent - INFO - VisionAgent starting analysis.
2026-07-30 21:17:54 - app.services.yolo_service - INFO - Running YOLO inference...
2026-07-30 21:17:54 - app.services.yolo_service - INFO - Detected 3 pothole(s).
2026-07-30 21:17:54 - app.agents.vision_agent - INFO - VisionAgent analysis complete. Found 3 items.
2026-07-30 21:17:55 - app.agents.vision_agent - INFO - VisionAgent starting analysis.
2026-07-30 21:17:55 - app.services.yolo_service - INFO - Running YOLO inference...
2026-07-30 21:17:55 - app.services.yolo_service - INFO - Detected 3 pothole(s).
2026-07-30 21:17:55 - app.agents.vision_agent - INFO - VisionAgent analysis complete. Found 3 items.
2026-07-30 21:17:55 - app.agents.vision_agent - INFO - VisionAgent starting analysis.
2026-07-30 21:17:55 - app.services.yolo_service - INFO - Running YOLO inference...
2026-07-30 21:17:55 - app.services.yolo_service - INFO - Detected 5 pothole(s).
2026-07-30 21:17:55 - app.agents.vision_agent - INFO - VisionAgent analysis complete. Found 5 items.
2026-07-30 21:17:56 - app.agents.vision_agent - INFO - VisionAgent starting analysis.
2026-07-30 21:17:56 - app.services.yolo_service - INFO - Running YOLO inference...
2026-07-30 21:17:56 - app.services.yolo_service - INFO - Detected 5 pothole(s).
2026-07-30 21:17:56 - app.agents.vision_agent - INFO - VisionAgent analysis complete. Found 5 items.
2026-07-30 21:17:56 - app.agents.vision_agent - INFO - VisionAgent starting analysis.
2026-07-30 21:17:56 - app.services.yolo_service - INFO - Running YOLO inference...
2026-07-30 21:17:56 - app.services.yolo_service - INFO - Detected 3 pothole(s).
2026-07-30 21:17:56 - app.agents.vision_agent - INFO - VisionAgent analysis complete. Found 3 items.
2026-07-30 21:17:57 - app.agents.vision_agent - INFO - VisionAgent starting analysis.
2026-07-30 21:17:57 - app.services.yolo_service - INFO - Running YOLO inference...
2026-07-30 21:17:57 - app.services.yolo_service - INFO - Detected 7 pothole(s).
2026-07-30 21:17:57 - app.agents.vision_agent - INFO - VisionAgent analysis complete. Found 7 items.
2026-07-30 21:17:57 - app.agents.vision_agent - INFO - VisionAgent starting analysis.
2026-07-30 21:17:57 - app.services.yolo_service - INFO - Running YOLO inference...
2026-07-30 21:17:57 - app.services.yolo_service - INFO - Detected 2 pothole(s).
2026-07-30 21:17:57 - app.agents.vision_agent - INFO - VisionAgent analysis complete. Found 2 items.
2026-07-30 21:17:58 - app.agents.vision_agent - INFO - VisionAgent starting analysis.
2026-07-30 21:17:58 - app.services.yolo_service - INFO - Running YOLO inference...
2026-07-30 21:17:58 - app.services.yolo_service - INFO - Detected 2 pothole(s).
2026-07-30 21:17:58 - app.agents.vision_agent - INFO - VisionAgent analysis complete. Found 2 items.
2026-07-30 21:17:58 - app.agents.vision_agent - INFO - VisionAgent starting analysis.
2026-07-30 21:17:58 - app.services.yolo_service - INFO - Running YOLO inference...
2026-07-30 21:17:59 - app.services.yolo_service - INFO - Detected 2 pothole(s).
2026-07-30 21:17:59 - app.agents.vision_agent - INFO - VisionAgent analysis complete. Found 2 items.
2026-07-30 21:17:59 - app.agents.vision_agent - INFO - VisionAgent starting analysis.
2026-07-30 21:17:59 - app.services.yolo_service - INFO - Running YOLO inference...
2026-07-30 21:17:59 - app.services.yolo_service - INFO - Detected 16 pothole(s).
2026-07-30 21:17:59 - app.agents.vision_agent - INFO - VisionAgent analysis complete. Found 16 items.
2026-07-30 21:17:59 - app.agents.vision_agent - INFO - VisionAgent starting analysis.
2026-07-30 21:17:59 - app.services.yolo_service - INFO - Running YOLO inference...
2026-07-30 21:18:00 - app.services.yolo_service - INFO - Detected 14 pothole(s).
2026-07-30 21:18:00 - app.agents.vision_agent - INFO - VisionAgent analysis complete. Found 14 items.
2026-07-30 21:18:00 - app.agents.vision_agent - INFO - VisionAgent starting analysis.
2026-07-30 21:18:00 - app.services.yolo_service - INFO - Running YOLO inference...
2026-07-30 21:18:00 - app.services.yolo_service - INFO - Detected 17 pothole(s).
2026-07-30 21:18:00 - app.agents.vision_agent - INFO - VisionAgent analysis complete. Found 17 items.
2026-07-30 21:18:00 - app.agents.vision_agent - INFO - VisionAgent starting analysis.
2026-07-30 21:18:00 - app.services.yolo_service - INFO - Running YOLO inference...
2026-07-30 21:18:01 - app.services.yolo_service - INFO - Detected 19 pothole(s).
2026-07-30 21:18:01 - app.agents.vision_agent - INFO - VisionAgent analysis complete. Found 19 items.
2026-07-30 21:18:01 - app.agents.vision_agent - INFO - VisionAgent starting analysis.
2026-07-30 21:18:01 - app.services.yolo_service - INFO - Running YOLO inference...
2026-07-30 21:18:01 - app.services.yolo_service - INFO - Detected 24 pothole(s).
2026-07-30 21:18:01 - app.agents.vision_agent - INFO - VisionAgent analysis complete. Found 24 items.
2026-07-30 21:18:02 - app.agents.vision_agent - INFO - VisionAgent starting analysis.
2026-07-30 21:18:02 - app.services.yolo_service - INFO - Running YOLO inference...
2026-07-30 21:18:02 - app.services.yolo_service - INFO - Detected 21 pothole(s).
2026-07-30 21:18:02 - app.agents.vision_agent - INFO - VisionAgent analysis complete. Found 21 items.
2026-07-30 21:18:02 - app.agents.vision_agent - INFO - VisionAgent starting analysis.
2026-07-30 21:18:02 - app.services.yolo_service - INFO - Running YOLO inference...
2026-07-30 21:18:02 - app.services.yolo_service - INFO - Detected 24 pothole(s).
2026-07-30 21:18:02 - app.agents.vision_agent - INFO - VisionAgent analysis complete. Found 24 items.
2026-07-30 21:18:03 - app.agents.vision_agent - INFO - VisionAgent starting analysis.
2026-07-30 21:18:03 - app.services.yolo_service - INFO - Running YOLO inference...
2026-07-30 21:18:03 - app.services.yolo_service - INFO - Detected 16 pothole(s).
2026-07-30 21:18:03 - app.agents.vision_agent - INFO - VisionAgent analysis complete. Found 16 items.
2026-07-30 21:18:03 - app.agents.vision_agent - INFO - VisionAgent starting analysis.
2026-07-30 21:18:03 - app.services.yolo_service - INFO - Running YOLO inference...
2026-07-30 21:18:03 - app.services.yolo_service - INFO - Detected 27 pothole(s).
2026-07-30 21:18:03 - app.agents.vision_agent - INFO - VisionAgent analysis complete. Found 27 items.
2026-07-30 21:18:04 - app.agents.vision_agent - INFO - VisionAgent starting analysis.
2026-07-30 21:18:04 - app.services.yolo_service - INFO - Running YOLO inference...
2026-07-30 21:18:04 - app.services.yolo_service - INFO - Detected 19 pothole(s).
2026-07-30 21:18:04 - app.agents.vision_agent - INFO - VisionAgent analysis complete. Found 19 items.
2026-07-30 21:18:04 - app.agents.vision_agent - INFO - VisionAgent starting analysis.
2026-07-30 21:18:04 - app.services.yolo_service - INFO - Running YOLO inference...
2026-07-30 21:18:04 - app.services.yolo_service - INFO - Detected 19 pothole(s).
2026-07-30 21:18:04 - app.agents.vision_agent - INFO - VisionAgent analysis complete. Found 19 items.
2026-07-30 21:18:05 - app.agents.vision_agent - INFO - VisionAgent starting analysis.
2026-07-30 21:18:05 - app.services.yolo_service - INFO - Running YOLO inference...
2026-07-30 21:18:05 - app.services.yolo_service - INFO - Detected 16 pothole(s).
2026-07-30 21:18:05 - app.agents.vision_agent - INFO - VisionAgent analysis complete. Found 16 items.
2026-07-30 21:18:05 - app.agents.vision_agent - INFO - VisionAgent starting analysis.
2026-07-30 21:18:05 - app.services.yolo_service - INFO - Running YOLO inference...
2026-07-30 21:18:06 - app.services.yolo_service - INFO - Detected 15 pothole(s).
2026-07-30 21:18:06 - app.agents.vision_agent - INFO - VisionAgent analysis complete. Found 15 items.
2026-07-30 21:18:06 - app.agents.vision_agent - INFO - VisionAgent starting analysis.
2026-07-30 21:18:06 - app.services.yolo_service - INFO - Running YOLO inference...
2026-07-30 21:18:06 - app.services.yolo_service - INFO - Detected 13 pothole(s).
2026-07-30 21:18:06 - app.agents.vision_agent - INFO - VisionAgent analysis complete. Found 13 items.
2026-07-30 21:18:06 - app.agents.vision_agent - INFO - VisionAgent starting analysis.
2026-07-30 21:18:06 - app.services.yolo_service - INFO - Running YOLO inference...
2026-07-30 21:18:07 - app.services.yolo_service - INFO - Detected 18 pothole(s).
2026-07-30 21:18:07 - app.agents.vision_agent - INFO - VisionAgent analysis complete. Found 18 items.
2026-07-30 21:18:07 - app.agents.vision_agent - INFO - VisionAgent starting analysis.
2026-07-30 21:18:07 - app.services.yolo_service - INFO - Running YOLO inference...
2026-07-30 21:18:07 - app.services.yolo_service - INFO - Detected 10 pothole(s).
2026-07-30 21:18:07 - app.agents.vision_agent - INFO - VisionAgent analysis complete. Found 10 items.
2026-07-30 21:18:08 - app.agents.vision_agent - INFO - VisionAgent starting analysis.
2026-07-30 21:18:08 - app.services.yolo_service - INFO - Running YOLO inference...
2026-07-30 21:18:08 - app.services.yolo_service - INFO - Detected 11 pothole(s).
2026-07-30 21:18:08 - app.agents.vision_agent - INFO - VisionAgent analysis complete. Found 11 items.
2026-07-30 21:18:08 - app.agents.vision_agent - INFO - VisionAgent starting analysis.
2026-07-30 21:18:08 - app.services.yolo_service - INFO - Running YOLO inference...
2026-07-30 21:18:08 - app.services.yolo_service - INFO - Detected 11 pothole(s).
2026-07-30 21:18:08 - app.agents.vision_agent - INFO - VisionAgent analysis complete. Found 11 items.
2026-07-30 21:18:09 - app.agents.vision_agent - INFO - VisionAgent starting analysis.
2026-07-30 21:18:09 - app.services.yolo_service - INFO - Running YOLO inference...
2026-07-30 21:18:09 - app.services.yolo_service - INFO - Detected 17 pothole(s).
2026-07-30 21:18:09 - app.agents.vision_agent - INFO - VisionAgent analysis complete. Found 17 items.
2026-07-30 21:18:09 - app.agents.vision_agent - INFO - VisionAgent starting analysis.
2026-07-30 21:18:09 - app.services.yolo_service - INFO - Running YOLO inference...
2026-07-30 21:18:10 - app.services.yolo_service - INFO - Detected 5 pothole(s).
2026-07-30 21:18:10 - app.agents.vision_agent - INFO - VisionAgent analysis complete. Found 5 items.
2026-07-30 21:18:10 - app.agents.vision_agent - INFO - VisionAgent starting analysis.
2026-07-30 21:18:10 - app.services.yolo_service - INFO - Running YOLO inference...
2026-07-30 21:18:10 - app.services.yolo_service - INFO - Detected 7 pothole(s).
2026-07-30 21:18:10 - app.agents.vision_agent - INFO - VisionAgent analysis complete. Found 7 items.
2026-07-30 21:18:10 - app.agents.vision_agent - INFO - VisionAgent starting analysis.
2026-07-30 21:18:10 - app.services.yolo_service - INFO - Running YOLO inference...
2026-07-30 21:18:11 - app.services.yolo_service - INFO - Detected 6 pothole(s).
2026-07-30 21:18:11 - app.agents.vision_agent - INFO - VisionAgent analysis complete. Found 6 items.
2026-07-30 21:18:11 - app.agents.vision_agent - INFO - VisionAgent starting analysis.
2026-07-30 21:18:11 - app.services.yolo_service - INFO - Running YOLO inference...
2026-07-30 21:18:11 - app.services.yolo_service - INFO - Detected 7 pothole(s).
2026-07-30 21:18:11 - app.agents.vision_agent - INFO - VisionAgent analysis complete. Found 7 items.
2026-07-30 21:18:11 - app.agents.vision_agent - INFO - VisionAgent starting analysis.
2026-07-30 21:18:11 - app.services.yolo_service - INFO - Running YOLO inference...
2026-07-30 21:18:12 - app.services.yolo_service - INFO - Detected 12 pothole(s).
2026-07-30 21:18:12 - app.agents.vision_agent - INFO - VisionAgent analysis complete. Found 12 items.
2026-07-30 21:18:12 - app.agents.vision_agent - INFO - VisionAgent starting analysis.
2026-07-30 21:18:12 - app.services.yolo_service - INFO - Running YOLO inference...
2026-07-30 21:18:12 - app.services.yolo_service - INFO - Detected 6 pothole(s).
2026-07-30 21:18:12 - app.agents.vision_agent - INFO - VisionAgent analysis complete. Found 6 items.
2026-07-30 21:18:12 - app.agents.vision_agent - INFO - VisionAgent starting analysis.
2026-07-30 21:18:12 - app.services.yolo_service - INFO - Running YOLO inference...
2026-07-30 21:18:13 - app.services.yolo_service - INFO - Detected 4 pothole(s).
2026-07-30 21:18:13 - app.agents.vision_agent - INFO - VisionAgent analysis complete. Found 4 items.
2026-07-30 21:18:13 - app.agents.vision_agent - INFO - VisionAgent starting analysis.
2026-07-30 21:18:13 - app.services.yolo_service - INFO - Running YOLO inference...
2026-07-30 21:18:13 - app.services.yolo_service - INFO - Detected 1 pothole(s).
2026-07-30 21:18:13 - app.agents.vision_agent - INFO - VisionAgent analysis complete. Found 1 items.
2026-07-30 21:18:14 - app.agents.vision_agent - INFO - VisionAgent starting analysis.
2026-07-30 21:18:14 - app.services.yolo_service - INFO - Running YOLO inference...
2026-07-30 21:18:14 - app.services.yolo_service - INFO - Detected 2 pothole(s).
2026-07-30 21:18:14 - app.agents.vision_agent - INFO - VisionAgent analysis complete. Found 2 items.
2026-07-30 21:18:14 - app.agents.vision_agent - INFO - VisionAgent starting analysis.
2026-07-30 21:18:14 - app.services.yolo_service - INFO - Running YOLO inference...
2026-07-30 21:18:14 - app.services.yolo_service - INFO - Detected 1 pothole(s).
2026-07-30 21:18:14 - app.agents.vision_agent - INFO - VisionAgent analysis complete. Found 1 items.
2026-07-30 21:18:15 - app.agents.vision_agent - INFO - VisionAgent starting analysis.
2026-07-30 21:18:15 - app.services.yolo_service - INFO - Running YOLO inference...
2026-07-30 21:18:15 - app.services.yolo_service - INFO - Detected 5 pothole(s).
2026-07-30 21:18:15 - app.agents.vision_agent - INFO - VisionAgent analysis complete. Found 5 items.
2026-07-30 21:18:15 - app.agents.vision_agent - INFO - VisionAgent starting analysis.
2026-07-30 21:18:15 - app.services.yolo_service - INFO - Running YOLO inference...
2026-07-30 21:18:16 - app.services.yolo_service - INFO - Detected 6 pothole(s).
2026-07-30 21:18:16 - app.agents.vision_agent - INFO - VisionAgent analysis complete. Found 6 items.
2026-07-30 21:18:16 - app.agents.vision_agent - INFO - VisionAgent starting analysis.
2026-07-30 21:18:16 - app.services.yolo_service - INFO - Running YOLO inference...
2026-07-30 21:18:16 - app.services.yolo_service - INFO - Detected 8 pothole(s).
2026-07-30 21:18:16 - app.agents.vision_agent - INFO - VisionAgent analysis complete. Found 8 items.
2026-07-30 21:18:17 - app.agents.vision_agent - INFO - VisionAgent starting analysis.
2026-07-30 21:18:17 - app.services.yolo_service - INFO - Running YOLO inference...
2026-07-30 21:18:17 - app.services.yolo_service - INFO - Detected 8 pothole(s).
2026-07-30 21:18:17 - app.agents.vision_agent - INFO - VisionAgent analysis complete. Found 8 items.
2026-07-30 21:18:17 - app.agents.vision_agent - INFO - VisionAgent starting analysis.
2026-07-30 21:18:17 - app.services.yolo_service - INFO - Running YOLO inference...
2026-07-30 21:18:18 - app.services.yolo_service - INFO - Detected 7 pothole(s).
2026-07-30 21:18:18 - app.agents.vision_agent - INFO - VisionAgent analysis complete. Found 7 items.
2026-07-30 21:18:18 - app.agents.vision_agent - INFO - VisionAgent starting analysis.
2026-07-30 21:18:18 - app.services.yolo_service - INFO - Running YOLO inference...
2026-07-30 21:18:19 - app.services.yolo_service - INFO - Detected 9 pothole(s).
2026-07-30 21:18:19 - app.agents.vision_agent - INFO - VisionAgent analysis complete. Found 9 items.
2026-07-30 21:18:19 - app.agents.vision_agent - INFO - VisionAgent starting analysis.
2026-07-30 21:18:19 - app.services.yolo_service - INFO - Running YOLO inference...
2026-07-30 21:18:19 - app.services.yolo_service - INFO - Detected 8 pothole(s).
2026-07-30 21:18:19 - app.agents.vision_agent - INFO - VisionAgent analysis complete. Found 8 items.
2026-07-30 21:18:19 - app.agents.vision_agent - INFO - VisionAgent starting analysis.
2026-07-30 21:18:19 - app.services.yolo_service - INFO - Running YOLO inference...
2026-07-30 21:18:20 - app.services.yolo_service - INFO - Detected 4 pothole(s).
2026-07-30 21:18:20 - app.agents.vision_agent - INFO - VisionAgent analysis complete. Found 4 items.
2026-07-30 21:18:20 - app.agents.vision_agent - INFO - VisionAgent starting analysis.
2026-07-30 21:18:20 - app.services.yolo_service - INFO - Running YOLO inference...
2026-07-30 21:18:20 - app.services.yolo_service - INFO - Detected 5 pothole(s).
2026-07-30 21:18:20 - app.agents.vision_agent - INFO - VisionAgent analysis complete. Found 5 items.
2026-07-30 21:18:21 - app.agents.vision_agent - INFO - VisionAgent starting analysis.
2026-07-30 21:18:21 - app.services.yolo_service - INFO - Running YOLO inference...
2026-07-30 21:18:21 - app.services.yolo_service - INFO - Detected 4 pothole(s).
2026-07-30 21:18:21 - app.agents.vision_agent - INFO - VisionAgent analysis complete. Found 4 items.
2026-07-30 21:18:21 - app.agents.vision_agent - INFO - VisionAgent starting analysis.
2026-07-30 21:18:21 - app.services.yolo_service - INFO - Running YOLO inference...
2026-07-30 21:18:21 - app.services.yolo_service - INFO - Detected 7 pothole(s).
2026-07-30 21:18:21 - app.agents.vision_agent - INFO - VisionAgent analysis complete. Found 7 items.
2026-07-30 21:18:22 - app.agents.vision_agent - INFO - VisionAgent starting analysis.
2026-07-30 21:18:22 - app.services.yolo_service - INFO - Running YOLO inference...
2026-07-30 21:18:22 - app.services.yolo_service - INFO - Detected 9 pothole(s).
2026-07-30 21:18:22 - app.agents.vision_agent - INFO - VisionAgent analysis complete. Found 9 items.
2026-07-30 21:18:22 - app.agents.vision_agent - INFO - VisionAgent starting analysis.
2026-07-30 21:18:22 - app.services.yolo_service - INFO - Running YOLO inference...
2026-07-30 21:18:22 - app.services.yolo_service - INFO - Detected 6 pothole(s).
2026-07-30 21:18:22 - app.agents.vision_agent - INFO - VisionAgent analysis complete. Found 6 items.
2026-07-30 21:18:23 - app.agents.vision_agent - INFO - VisionAgent starting analysis.
2026-07-30 21:18:23 - app.services.yolo_service - INFO - Running YOLO inference...
2026-07-30 21:18:23 - app.services.yolo_service - INFO - Detected 8 pothole(s).
2026-07-30 21:18:23 - app.agents.vision_agent - INFO - VisionAgent analysis complete. Found 8 items.
2026-07-30 21:18:24 - app.agents.vision_agent - INFO - VisionAgent starting analysis.
2026-07-30 21:18:24 - app.services.yolo_service - INFO - Running YOLO inference...
2026-07-30 21:18:24 - app.services.yolo_service - INFO - Detected 6 pothole(s).
2026-07-30 21:18:24 - app.agents.vision_agent - INFO - VisionAgent analysis complete. Found 6 items.
2026-07-30 21:18:24 - app.agents.vision_agent - INFO - VisionAgent starting analysis.
2026-07-30 21:18:24 - app.services.yolo_service - INFO - Running YOLO inference...
2026-07-30 21:18:24 - app.services.yolo_service - INFO - Detected 8 pothole(s).
2026-07-30 21:18:24 - app.agents.vision_agent - INFO - VisionAgent analysis complete. Found 8 items.
2026-07-30 21:18:25 - app.agents.vision_agent - INFO - VisionAgent starting analysis.
2026-07-30 21:18:25 - app.services.yolo_service - INFO - Running YOLO inference...
2026-07-30 21:18:25 - app.services.yolo_service - INFO - Detected 12 pothole(s).
2026-07-30 21:18:25 - app.agents.vision_agent - INFO - VisionAgent analysis complete. Found 12 items.
2026-07-30 21:18:25 - app.agents.vision_agent - INFO - VisionAgent starting analysis.
2026-07-30 21:18:25 - app.services.yolo_service - INFO - Running YOLO inference...
2026-07-30 21:18:25 - app.services.yolo_service - INFO - Detected 7 pothole(s).
2026-07-30 21:18:25 - app.agents.vision_agent - INFO - VisionAgent analysis complete. Found 7 items.
2026-07-30 21:18:26 - app.agents.vision_agent - INFO - VisionAgent starting analysis.
2026-07-30 21:18:26 - app.services.yolo_service - INFO - Running YOLO inference...
2026-07-30 21:18:26 - app.services.yolo_service - INFO - Detected 8 pothole(s).
2026-07-30 21:18:26 - app.agents.vision_agent - INFO - VisionAgent analysis complete. Found 8 items.
2026-07-30 21:18:27 - app.agents.vision_agent - INFO - VisionAgent starting analysis.
2026-07-30 21:18:27 - app.services.yolo_service - INFO - Running YOLO inference...
2026-07-30 21:18:27 - app.services.yolo_service - INFO - Detected 14 pothole(s).
2026-07-30 21:18:27 - app.agents.vision_agent - INFO - VisionAgent analysis complete. Found 14 items.
2026-07-30 21:18:29 - app.agents.vision_agent - INFO - VisionAgent starting analysis.
2026-07-30 21:18:29 - app.services.yolo_service - INFO - Running YOLO inference...
2026-07-30 21:18:29 - app.services.yolo_service - INFO - Detected 6 pothole(s).
2026-07-30 21:18:29 - app.agents.vision_agent - INFO - VisionAgent analysis complete. Found 6 items.
2026-07-30 21:18:30 - app.agents.vision_agent - INFO - VisionAgent starting analysis.
2026-07-30 21:18:30 - app.services.yolo_service - INFO - Running YOLO inference...
2026-07-30 21:18:31 - app.services.yolo_service - INFO - Detected 7 pothole(s).
2026-07-30 21:18:31 - app.agents.vision_agent - INFO - VisionAgent analysis complete. Found 7 items.
2026-07-30 21:18:32 - app.agents.vision_agent - INFO - VisionAgent starting analysis.
2026-07-30 21:18:32 - app.services.yolo_service - INFO - Running YOLO inference...
2026-07-30 21:18:32 - app.services.yolo_service - INFO - Detected 6 pothole(s).
2026-07-30 21:18:32 - app.agents.vision_agent - INFO - VisionAgent analysis complete. Found 6 items.
2026-07-30 21:18:33 - app.agents.vision_agent - INFO - VisionAgent starting analysis.
2026-07-30 21:18:33 - app.services.yolo_service - INFO - Running YOLO inference...
2026-07-30 21:18:33 - app.services.yolo_service - INFO - Detected 6 pothole(s).
2026-07-30 21:18:33 - app.agents.vision_agent - INFO - VisionAgent analysis complete. Found 6 items.
2026-07-30 21:18:35 - app.agents.vision_agent - INFO - VisionAgent starting analysis.
2026-07-30 21:18:35 - app.services.yolo_service - INFO - Running YOLO inference...
2026-07-30 21:18:35 - app.services.yolo_service - INFO - Detected 7 pothole(s).
2026-07-30 21:18:35 - app.agents.vision_agent - INFO - VisionAgent analysis complete. Found 7 items.
2026-07-30 21:18:36 - app.agents.vision_agent - INFO - VisionAgent starting analysis.
2026-07-30 21:18:36 - app.services.yolo_service - INFO - Running YOLO inference...
2026-07-30 21:18:36 - app.services.yolo_service - INFO - Detected 8 pothole(s).
2026-07-30 21:18:36 - app.agents.vision_agent - INFO - VisionAgent analysis complete. Found 8 items.
2026-07-30 21:18:37 - app.agents.vision_agent - INFO - VisionAgent starting analysis.
2026-07-30 21:18:37 - app.services.yolo_service - INFO - Running YOLO inference...
2026-07-30 21:18:38 - app.services.yolo_service - INFO - Detected 4 pothole(s).
2026-07-30 21:18:38 - app.agents.vision_agent - INFO - VisionAgent analysis complete. Found 4 items.
2026-07-30 21:18:39 - app.agents.vision_agent - INFO - VisionAgent starting analysis.
2026-07-30 21:18:39 - app.services.yolo_service - INFO - Running YOLO inference...
2026-07-30 21:18:39 - app.services.yolo_service - INFO - Detected 3 pothole(s).
2026-07-30 21:18:39 - app.agents.vision_agent - INFO - VisionAgent analysis complete. Found 3 items.
2026-07-30 21:18:40 - app.agents.vision_agent - INFO - VisionAgent starting analysis.
2026-07-30 21:18:40 - app.services.yolo_service - INFO - Running YOLO inference...
2026-07-30 21:18:40 - app.services.yolo_service - INFO - Detected 3 pothole(s).
2026-07-30 21:18:40 - app.agents.vision_agent - INFO - VisionAgent analysis complete. Found 3 items.
2026-07-30 21:18:42 - app.agents.vision_agent - INFO - VisionAgent starting analysis.
2026-07-30 21:18:42 - app.services.yolo_service - INFO - Running YOLO inference...
2026-07-30 21:18:42 - app.services.yolo_service - INFO - Detected 18 pothole(s).
2026-07-30 21:18:42 - app.agents.vision_agent - INFO - VisionAgent analysis complete. Found 18 items.
2026-07-30 21:18:43 - app.agents.vision_agent - INFO - VisionAgent starting analysis.
2026-07-30 21:18:43 - app.services.yolo_service - INFO - Running YOLO inference...
2026-07-30 21:18:43 - app.services.yolo_service - INFO - Detected 19 pothole(s).
2026-07-30 21:18:43 - app.agents.vision_agent - INFO - VisionAgent analysis complete. Found 19 items.
2026-07-30 21:18:44 - app.agents.vision_agent - INFO - VisionAgent starting analysis.
2026-07-30 21:18:44 - app.services.yolo_service - INFO - Running YOLO inference...
2026-07-30 21:18:45 - app.services.yolo_service - INFO - Detected 21 pothole(s).
2026-07-30 21:18:45 - app.agents.vision_agent - INFO - VisionAgent analysis complete. Found 21 items.
2026-07-30 21:18:46 - app.agents.vision_agent - INFO - VisionAgent starting analysis.
2026-07-30 21:18:46 - app.services.yolo_service - INFO - Running YOLO inference...
2026-07-30 21:18:46 - app.services.yolo_service - INFO - Detected 21 pothole(s).
2026-07-30 21:18:46 - app.agents.vision_agent - INFO - VisionAgent analysis complete. Found 21 items.
2026-07-30 21:18:47 - app.agents.vision_agent - INFO - VisionAgent starting analysis.
2026-07-30 21:18:47 - app.services.yolo_service - INFO - Running YOLO inference...
2026-07-30 21:18:47 - app.services.yolo_service - INFO - Detected 15 pothole(s).
2026-07-30 21:18:47 - app.agents.vision_agent - INFO - VisionAgent analysis complete. Found 15 items.
2026-07-30 21:18:49 - app.agents.vision_agent - INFO - VisionAgent starting analysis.
2026-07-30 21:18:49 - app.services.yolo_service - INFO - Running YOLO inference...
2026-07-30 21:18:49 - app.services.yolo_service - INFO - Detected 15 pothole(s).
2026-07-30 21:18:49 - app.agents.vision_agent - INFO - VisionAgent analysis complete. Found 15 items.
2026-07-30 21:18:50 - app.agents.vision_agent - INFO - VisionAgent starting analysis.
2026-07-30 21:18:50 - app.services.yolo_service - INFO - Running YOLO inference...
2026-07-30 21:18:50 - app.services.yolo_service - INFO - Detected 10 pothole(s).
2026-07-30 21:18:50 - app.agents.vision_agent - INFO - VisionAgent analysis complete. Found 10 items.
2026-07-30 21:18:52 - app.agents.vision_agent - INFO - VisionAgent starting analysis.
2026-07-30 21:18:52 - app.services.yolo_service - INFO - Running YOLO inference...
2026-07-30 21:18:52 - app.services.yolo_service - INFO - Detected 8 pothole(s).
2026-07-30 21:18:52 - app.agents.vision_agent - INFO - VisionAgent analysis complete. Found 8 items.
2026-07-30 21:18:53 - app.agents.vision_agent - INFO - VisionAgent starting analysis.
2026-07-30 21:18:53 - app.services.yolo_service - INFO - Running YOLO inference...
2026-07-30 21:18:53 - app.services.yolo_service - INFO - Detected 6 pothole(s).
2026-07-30 21:18:53 - app.agents.vision_agent - INFO - VisionAgent analysis complete. Found 6 items.
2026-07-30 21:18:54 - app.agents.vision_agent - INFO - VisionAgent starting analysis.
2026-07-30 21:18:54 - app.services.yolo_service - INFO - Running YOLO inference...
2026-07-30 21:18:55 - app.services.yolo_service - INFO - Detected 7 pothole(s).
2026-07-30 21:18:55 - app.agents.vision_agent - INFO - VisionAgent analysis complete. Found 7 items.
2026-07-30 21:18:56 - app.agents.vision_agent - INFO - VisionAgent starting analysis.
2026-07-30 21:18:56 - app.services.yolo_service - INFO - Running YOLO inference...
2026-07-30 21:18:56 - app.services.yolo_service - INFO - Detected 2 pothole(s).
2026-07-30 21:18:56 - app.agents.vision_agent - INFO - VisionAgent analysis complete. Found 2 items.
2026-07-30 21:18:57 - app.agents.vision_agent - INFO - VisionAgent starting analysis.
2026-07-30 21:18:57 - app.services.yolo_service - INFO - Running YOLO inference...
2026-07-30 21:18:57 - app.services.yolo_service - INFO - Detected 3 pothole(s).
2026-07-30 21:18:57 - app.agents.vision_agent - INFO - VisionAgent analysis complete. Found 3 items.
2026-07-30 21:18:59 - app.agents.vision_agent - INFO - VisionAgent starting analysis.
2026-07-30 21:18:59 - app.services.yolo_service - INFO - Running YOLO inference...
2026-07-30 21:18:59 - app.services.yolo_service - INFO - Detected 6 pothole(s).
2026-07-30 21:18:59 - app.agents.vision_agent - INFO - VisionAgent analysis complete. Found 6 items.
2026-07-30 21:19:00 - app.agents.vision_agent - INFO - VisionAgent starting analysis.
2026-07-30 21:19:00 - app.services.yolo_service - INFO - Running YOLO inference...
2026-07-30 21:19:00 - app.services.yolo_service - INFO - Detected 5 pothole(s).
2026-07-30 21:19:00 - app.agents.vision_agent - INFO - VisionAgent analysis complete. Found 5 items.
2026-07-30 21:19:01 - app.agents.vision_agent - INFO - VisionAgent starting analysis.
2026-07-30 21:19:01 - app.services.yolo_service - INFO - Running YOLO inference...
2026-07-30 21:19:02 - app.services.yolo_service - INFO - Detected 8 pothole(s).
2026-07-30 21:19:02 - app.agents.vision_agent - INFO - VisionAgent analysis complete. Found 8 items.
2026-07-30 21:19:03 - app.agents.vision_agent - INFO - VisionAgent starting analysis.
2026-07-30 21:19:03 - app.services.yolo_service - INFO - Running YOLO inference...
2026-07-30 21:19:03 - app.services.yolo_service - INFO - Detected 4 pothole(s).
2026-07-30 21:19:03 - app.agents.vision_agent - INFO - VisionAgent analysis complete. Found 4 items.
2026-07-30 21:19:04 - app.agents.vision_agent - INFO - VisionAgent starting analysis.
2026-07-30 21:19:04 - app.services.yolo_service - INFO - Running YOLO inference...
2026-07-30 21:19:05 - app.services.yolo_service - INFO - Detected 10 pothole(s).
2026-07-30 21:19:05 - app.agents.vision_agent - INFO - VisionAgent analysis complete. Found 10 items.
2026-07-30 21:19:59 - app.agents.vision_agent - INFO - VisionAgent starting analysis.
2026-07-30 21:19:59 - app.services.yolo_service - INFO - Running YOLO inference...
2026-07-30 21:19:59 - app.services.yolo_service - INFO - Detected 6 pothole(s).
2026-07-30 21:19:59 - app.agents.vision_agent - INFO - VisionAgent analysis complete. Found 6 items.
2026-07-30 21:19:59 - app.agents.vision_agent - INFO - VisionAgent starting analysis.
2026-07-30 21:19:59 - app.services.yolo_service - INFO - Running YOLO inference...
2026-07-30 21:20:00 - app.services.yolo_service - INFO - Detected 9 pothole(s).
2026-07-30 21:20:00 - app.agents.vision_agent - INFO - VisionAgent analysis complete. Found 9 items.
2026-07-30 21:20:00 - app.agents.vision_agent - INFO - VisionAgent starting analysis.
2026-07-30 21:20:00 - app.services.yolo_service - INFO - Running YOLO inference...
2026-07-30 21:20:00 - app.services.yolo_service - INFO - Detected 7 pothole(s).
2026-07-30 21:20:00 - app.agents.vision_agent - INFO - VisionAgent analysis complete. Found 7 items.
2026-07-30 21:20:01 - app.agents.vision_agent - INFO - VisionAgent starting analysis.
2026-07-30 21:20:01 - app.services.yolo_service - INFO - Running YOLO inference...
2026-07-30 21:20:01 - app.services.yolo_service - INFO - Detected 7 pothole(s).
2026-07-30 21:20:01 - app.agents.vision_agent - INFO - VisionAgent analysis complete. Found 7 items.
2026-07-30 21:20:01 - app.agents.vision_agent - INFO - VisionAgent starting analysis.
2026-07-30 21:20:01 - app.services.yolo_service - INFO - Running YOLO inference...
2026-07-30 21:20:02 - app.services.yolo_service - INFO - Detected 7 pothole(s).
2026-07-30 21:20:02 - app.agents.vision_agent - INFO - VisionAgent analysis complete. Found 7 items.
2026-07-30 21:20:02 - app.agents.vision_agent - INFO - VisionAgent starting analysis.
2026-07-30 21:20:02 - app.services.yolo_service - INFO - Running YOLO inference...
2026-07-30 21:20:02 - app.services.yolo_service - INFO - Detected 7 pothole(s).
2026-07-30 21:20:02 - app.agents.vision_agent - INFO - VisionAgent analysis complete. Found 7 items.
2026-07-30 21:20:02 - app.agents.vision_agent - INFO - VisionAgent starting analysis.
2026-07-30 21:20:02 - app.services.yolo_service - INFO - Running YOLO inference...
2026-07-30 21:20:02 - app.services.yolo_service - INFO - Detected 7 pothole(s).
2026-07-30 21:20:02 - app.agents.vision_agent - INFO - VisionAgent analysis complete. Found 7 items.
2026-07-30 21:20:03 - app.agents.vision_agent - INFO - VisionAgent starting analysis.
2026-07-30 21:20:03 - app.services.yolo_service - INFO - Running YOLO inference...
2026-07-30 21:20:03 - app.services.yolo_service - INFO - Detected 7 pothole(s).
2026-07-30 21:20:03 - app.agents.vision_agent - INFO - VisionAgent analysis complete. Found 7 items.
2026-07-30 21:20:03 - app.agents.vision_agent - INFO - VisionAgent starting analysis.
2026-07-30 21:20:03 - app.services.yolo_service - INFO - Running YOLO inference...
2026-07-30 21:20:03 - app.services.yolo_service - INFO - Detected 7 pothole(s).
2026-07-30 21:20:03 - app.agents.vision_agent - INFO - VisionAgent analysis complete. Found 7 items.
2026-07-30 21:20:04 - app.agents.vision_agent - INFO - VisionAgent starting analysis.
2026-07-30 21:20:04 - app.services.yolo_service - INFO - Running YOLO inference...
2026-07-30 21:20:04 - app.services.yolo_service - INFO - Detected 6 pothole(s).
2026-07-30 21:20:04 - app.agents.vision_agent - INFO - VisionAgent analysis complete. Found 6 items.
2026-07-30 21:20:04 - app.agents.vision_agent - INFO - VisionAgent starting analysis.
2026-07-30 21:20:04 - app.services.yolo_service - INFO - Running YOLO inference...
2026-07-30 21:20:04 - app.services.yolo_service - INFO - Detected 6 pothole(s).
2026-07-30 21:20:04 - app.agents.vision_agent - INFO - VisionAgent analysis complete. Found 6 items.
2026-07-30 21:20:05 - app.agents.vision_agent - INFO - VisionAgent starting analysis.
2026-07-30 21:20:05 - app.services.yolo_service - INFO - Running YOLO inference...
2026-07-30 21:20:05 - app.services.yolo_service - INFO - Detected 6 pothole(s).
2026-07-30 21:20:05 - app.agents.vision_agent - INFO - VisionAgent analysis complete. Found 6 items.
2026-07-30 21:20:05 - app.agents.vision_agent - INFO - VisionAgent starting analysis.
2026-07-30 21:20:05 - app.services.yolo_service - INFO - Running YOLO inference...
2026-07-30 21:20:05 - app.services.yolo_service - INFO - Detected 6 pothole(s).
2026-07-30 21:20:05 - app.agents.vision_agent - INFO - VisionAgent analysis complete. Found 6 items.
2026-07-30 21:20:06 - app.agents.vision_agent - INFO - VisionAgent starting analysis.
2026-07-30 21:20:06 - app.services.yolo_service - INFO - Running YOLO inference...
2026-07-30 21:20:06 - app.services.yolo_service - INFO - Detected 6 pothole(s).
2026-07-30 21:20:06 - app.agents.vision_agent - INFO - VisionAgent analysis complete. Found 6 items.
2026-07-30 21:20:06 - app.agents.vision_agent - INFO - VisionAgent starting analysis.
2026-07-30 21:20:06 - app.services.yolo_service - INFO - Running YOLO inference...
2026-07-30 21:20:07 - app.services.yolo_service - INFO - Detected 6 pothole(s).
2026-07-30 21:20:07 - app.agents.vision_agent - INFO - VisionAgent analysis complete. Found 6 items.
2026-07-30 21:20:07 - app.agents.vision_agent - INFO - VisionAgent starting analysis.
2026-07-30 21:20:07 - app.services.yolo_service - INFO - Running YOLO inference...
2026-07-30 21:20:07 - app.services.yolo_service - INFO - Detected 6 pothole(s).
2026-07-30 21:20:07 - app.agents.vision_agent - INFO - VisionAgent analysis complete. Found 6 items.
2026-07-30 21:20:07 - app.agents.vision_agent - INFO - VisionAgent starting analysis.
2026-07-30 21:20:07 - app.services.yolo_service - INFO - Running YOLO inference...
2026-07-30 21:20:08 - app.services.yolo_service - INFO - Detected 6 pothole(s).
2026-07-30 21:20:08 - app.agents.vision_agent - INFO - VisionAgent analysis complete. Found 6 items.
2026-07-30 21:20:08 - app.agents.vision_agent - INFO - VisionAgent starting analysis.
2026-07-30 21:20:08 - app.services.yolo_service - INFO - Running YOLO inference...
2026-07-30 21:20:08 - app.services.yolo_service - INFO - Detected 6 pothole(s).
2026-07-30 21:20:08 - app.agents.vision_agent - INFO - VisionAgent analysis complete. Found 6 items.
2026-07-30 21:20:08 - app.agents.vision_agent - INFO - VisionAgent starting analysis.
2026-07-30 21:20:08 - app.services.yolo_service - INFO - Running YOLO inference...
2026-07-30 21:20:09 - app.services.yolo_service - INFO - Detected 6 pothole(s).
2026-07-30 21:20:09 - app.agents.vision_agent - INFO - VisionAgent analysis complete. Found 6 items.
2026-07-30 21:20:09 - app.agents.vision_agent - INFO - VisionAgent starting analysis.
2026-07-30 21:20:09 - app.services.yolo_service - INFO - Running YOLO inference...
2026-07-30 21:20:09 - app.services.yolo_service - INFO - Detected 6 pothole(s).
2026-07-30 21:20:09 - app.agents.vision_agent - INFO - VisionAgent analysis complete. Found 6 items.
2026-07-30 21:20:09 - app.agents.vision_agent - INFO - VisionAgent starting analysis.
2026-07-30 21:20:09 - app.services.yolo_service - INFO - Running YOLO inference...
2026-07-30 21:20:10 - app.services.yolo_service - INFO - Detected 6 pothole(s).
2026-07-30 21:20:10 - app.agents.vision_agent - INFO - VisionAgent analysis complete. Found 6 items.
2026-07-30 21:20:10 - app.agents.vision_agent - INFO - VisionAgent starting analysis.
2026-07-30 21:20:10 - app.services.yolo_service - INFO - Running YOLO inference...
2026-07-30 21:20:10 - app.services.yolo_service - INFO - Detected 7 pothole(s).
2026-07-30 21:20:10 - app.agents.vision_agent - INFO - VisionAgent analysis complete. Found 7 items.
2026-07-30 21:20:11 - app.agents.vision_agent - INFO - VisionAgent starting analysis.
2026-07-30 21:20:11 - app.services.yolo_service - INFO - Running YOLO inference...
2026-07-30 21:20:11 - app.services.yolo_service - INFO - Detected 7 pothole(s).
2026-07-30 21:20:11 - app.agents.vision_agent - INFO - VisionAgent analysis complete. Found 7 items.
2026-07-30 21:20:11 - app.agents.vision_agent - INFO - VisionAgent starting analysis.
2026-07-30 21:20:11 - app.services.yolo_service - INFO - Running YOLO inference...
2026-07-30 21:20:11 - app.services.yolo_service - INFO - Detected 7 pothole(s).
2026-07-30 21:20:11 - app.agents.vision_agent - INFO - VisionAgent analysis complete. Found 7 items.
2026-07-30 21:20:12 - app.agents.vision_agent - INFO - VisionAgent starting analysis.
2026-07-30 21:20:12 - app.services.yolo_service - INFO - Running YOLO inference...
2026-07-30 21:20:12 - app.services.yolo_service - INFO - Detected 6 pothole(s).
2026-07-30 21:20:12 - app.agents.vision_agent - INFO - VisionAgent analysis complete. Found 6 items.
2026-07-30 21:20:12 - app.agents.vision_agent - INFO - VisionAgent starting analysis.
2026-07-30 21:20:12 - app.services.yolo_service - INFO - Running YOLO inference...
2026-07-30 21:20:12 - app.services.yolo_service - INFO - Detected 7 pothole(s).
2026-07-30 21:20:12 - app.agents.vision_agent - INFO - VisionAgent analysis complete. Found 7 items.
2026-07-30 21:20:13 - app.agents.vision_agent - INFO - VisionAgent starting analysis.
2026-07-30 21:20:13 - app.services.yolo_service - INFO - Running YOLO inference...
2026-07-30 21:20:13 - app.services.yolo_service - INFO - Detected 7 pothole(s).
2026-07-30 21:20:13 - app.agents.vision_agent - INFO - VisionAgent analysis complete. Found 7 items.
2026-07-30 21:20:13 - app.agents.vision_agent - INFO - VisionAgent starting analysis.
2026-07-30 21:20:13 - app.services.yolo_service - INFO - Running YOLO inference...
2026-07-30 21:20:13 - app.services.yolo_service - INFO - Detected 7 pothole(s).
2026-07-30 21:20:13 - app.agents.vision_agent - INFO - VisionAgent analysis complete. Found 7 items.
2026-07-30 21:20:14 - app.agents.vision_agent - INFO - VisionAgent starting analysis.
2026-07-30 21:20:14 - app.services.yolo_service - INFO - Running YOLO inference...
2026-07-30 21:20:14 - app.services.yolo_service - INFO - Detected 7 pothole(s).
2026-07-30 21:20:14 - app.agents.vision_agent - INFO - VisionAgent analysis complete. Found 7 items.
2026-07-30 21:20:14 - app.agents.vision_agent - INFO - VisionAgent starting analysis.
2026-07-30 21:20:14 - app.services.yolo_service - INFO - Running YOLO inference...
2026-07-30 21:20:14 - app.services.yolo_service - INFO - Detected 7 pothole(s).
2026-07-30 21:20:14 - app.agents.vision_agent - INFO - VisionAgent analysis complete. Found 7 items.
2026-07-30 21:20:15 - app.agents.vision_agent - INFO - VisionAgent starting analysis.
2026-07-30 21:20:15 - app.services.yolo_service - INFO - Running YOLO inference...
2026-07-30 21:20:15 - app.services.yolo_service - INFO - Detected 7 pothole(s).
2026-07-30 21:20:15 - app.agents.vision_agent - INFO - VisionAgent analysis complete. Found 7 items.
2026-07-30 21:20:15 - app.agents.vision_agent - INFO - VisionAgent starting analysis.
2026-07-30 21:20:15 - app.services.yolo_service - INFO - Running YOLO inference...
2026-07-30 21:20:16 - app.services.yolo_service - INFO - Detected 7 pothole(s).
2026-07-30 21:20:16 - app.agents.vision_agent - INFO - VisionAgent analysis complete. Found 7 items.
2026-07-30 21:20:16 - app.agents.vision_agent - INFO - VisionAgent starting analysis.
2026-07-30 21:20:16 - app.services.yolo_service - INFO - Running YOLO inference...
2026-07-30 21:20:16 - app.services.yolo_service - INFO - Detected 7 pothole(s).
2026-07-30 21:20:16 - app.agents.vision_agent - INFO - VisionAgent analysis complete. Found 7 items.
2026-07-30 21:20:16 - app.agents.vision_agent - INFO - VisionAgent starting analysis.
2026-07-30 21:20:16 - app.services.yolo_service - INFO - Running YOLO inference...
2026-07-30 21:20:17 - app.services.yolo_service - INFO - Detected 4 pothole(s).
2026-07-30 21:20:17 - app.agents.vision_agent - INFO - VisionAgent analysis complete. Found 4 items.
2026-07-30 21:20:17 - app.agents.vision_agent - INFO - VisionAgent starting analysis.
2026-07-30 21:20:17 - app.services.yolo_service - INFO - Running YOLO inference...
2026-07-30 21:20:17 - app.services.yolo_service - INFO - Detected 7 pothole(s).
2026-07-30 21:20:17 - app.agents.vision_agent - INFO - VisionAgent analysis complete. Found 7 items.
2026-07-30 21:20:17 - app.agents.vision_agent - INFO - VisionAgent starting analysis.
2026-07-30 21:20:17 - app.services.yolo_service - INFO - Running YOLO inference...
2026-07-30 21:20:18 - app.services.yolo_service - INFO - Detected 4 pothole(s).
2026-07-30 21:20:18 - app.agents.vision_agent - INFO - VisionAgent analysis complete. Found 4 items.
2026-07-30 21:20:18 - app.agents.vision_agent - INFO - VisionAgent starting analysis.
2026-07-30 21:20:18 - app.services.yolo_service - INFO - Running YOLO inference...
2026-07-30 21:20:18 - app.services.yolo_service - INFO - Detected 3 pothole(s).
2026-07-30 21:20:18 - app.agents.vision_agent - INFO - VisionAgent analysis complete. Found 3 items.
2026-07-30 21:20:19 - app.agents.vision_agent - INFO - VisionAgent starting analysis.
2026-07-30 21:20:19 - app.services.yolo_service - INFO - Running YOLO inference...
2026-07-30 21:20:19 - app.services.yolo_service - INFO - Detected 2 pothole(s).
2026-07-30 21:20:19 - app.agents.vision_agent - INFO - VisionAgent analysis complete. Found 2 items.
2026-07-30 21:20:19 - app.agents.vision_agent - INFO - VisionAgent starting analysis.
2026-07-30 21:20:19 - app.services.yolo_service - INFO - Running YOLO inference...
2026-07-30 21:20:19 - app.services.yolo_service - INFO - Detected 3 pothole(s).
2026-07-30 21:20:19 - app.agents.vision_agent - INFO - VisionAgent analysis complete. Found 3 items.
2026-07-30 21:20:20 - app.agents.vision_agent - INFO - VisionAgent starting analysis.
2026-07-30 21:20:20 - app.services.yolo_service - INFO - Running YOLO inference...
2026-07-30 21:20:20 - app.services.yolo_service - INFO - Detected 1 pothole(s).
2026-07-30 21:20:20 - app.agents.vision_agent - INFO - VisionAgent analysis complete. Found 1 items.
2026-07-30 21:20:20 - app.agents.vision_agent - INFO - VisionAgent starting analysis.
2026-07-30 21:20:20 - app.services.yolo_service - INFO - Running YOLO inference...
2026-07-30 21:20:20 - app.services.yolo_service - INFO - Detected 3 pothole(s).
2026-07-30 21:20:20 - app.agents.vision_agent - INFO - VisionAgent analysis complete. Found 3 items.
2026-07-30 21:20:21 - app.agents.vision_agent - INFO - VisionAgent starting analysis.
2026-07-30 21:20:21 - app.services.yolo_service - INFO - Running YOLO inference...
2026-07-30 21:20:21 - app.services.yolo_service - INFO - Detected 6 pothole(s).
2026-07-30 21:20:21 - app.agents.vision_agent - INFO - VisionAgent analysis complete. Found 6 items.
2026-07-30 21:20:21 - app.agents.vision_agent - INFO - VisionAgent starting analysis.
2026-07-30 21:20:21 - app.services.yolo_service - INFO - Running YOLO inference...
2026-07-30 21:20:21 - app.services.yolo_service - INFO - Detected 5 pothole(s).
2026-07-30 21:20:21 - app.agents.vision_agent - INFO - VisionAgent analysis complete. Found 5 items.
2026-07-30 21:20:22 - app.agents.vision_agent - INFO - VisionAgent starting analysis.
2026-07-30 21:20:22 - app.services.yolo_service - INFO - Running YOLO inference...
2026-07-30 21:20:22 - app.services.yolo_service - INFO - Detected 5 pothole(s).
2026-07-30 21:20:22 - app.agents.vision_agent - INFO - VisionAgent analysis complete. Found 5 items.
2026-07-30 21:20:22 - app.agents.vision_agent - INFO - VisionAgent starting analysis.
2026-07-30 21:20:22 - app.services.yolo_service - INFO - Running YOLO inference...
2026-07-30 21:20:22 - app.services.yolo_service - INFO - Detected 4 pothole(s).
2026-07-30 21:20:22 - app.agents.vision_agent - INFO - VisionAgent analysis complete. Found 4 items.
2026-07-30 21:20:23 - app.agents.vision_agent - INFO - VisionAgent starting analysis.
2026-07-30 21:20:23 - app.services.yolo_service - INFO - Running YOLO inference...
2026-07-30 21:20:23 - app.services.yolo_service - INFO - Detected 3 pothole(s).
2026-07-30 21:20:23 - app.agents.vision_agent - INFO - VisionAgent analysis complete. Found 3 items.
2026-07-30 21:20:23 - app.agents.vision_agent - INFO - VisionAgent starting analysis.
2026-07-30 21:20:23 - app.services.yolo_service - INFO - Running YOLO inference...
2026-07-30 21:20:24 - app.services.yolo_service - INFO - Detected 3 pothole(s).
2026-07-30 21:20:24 - app.agents.vision_agent - INFO - VisionAgent analysis complete. Found 3 items.
2026-07-30 21:20:24 - app.agents.vision_agent - INFO - VisionAgent starting analysis.
2026-07-30 21:20:24 - app.services.yolo_service - INFO - Running YOLO inference...
2026-07-30 21:20:24 - app.services.yolo_service - INFO - Detected 6 pothole(s).
2026-07-30 21:20:24 - app.agents.vision_agent - INFO - VisionAgent analysis complete. Found 6 items.
2026-07-30 21:20:24 - app.agents.vision_agent - INFO - VisionAgent starting analysis.
2026-07-30 21:20:24 - app.services.yolo_service - INFO - Running YOLO inference...
2026-07-30 21:20:25 - app.services.yolo_service - INFO - Detected 6 pothole(s).
2026-07-30 21:20:25 - app.agents.vision_agent - INFO - VisionAgent analysis complete. Found 6 items.
2026-07-30 21:20:25 - app.agents.vision_agent - INFO - VisionAgent starting analysis.
2026-07-30 21:20:25 - app.services.yolo_service - INFO - Running YOLO inference...
2026-07-30 21:20:25 - app.services.yolo_service - INFO - Detected 9 pothole(s).
2026-07-30 21:20:25 - app.agents.vision_agent - INFO - VisionAgent analysis complete. Found 9 items.
2026-07-30 21:20:25 - app.agents.vision_agent - INFO - VisionAgent starting analysis.
2026-07-30 21:20:25 - app.services.yolo_service - INFO - Running YOLO inference...
2026-07-30 21:20:26 - app.services.yolo_service - INFO - Detected 5 pothole(s).
2026-07-30 21:20:26 - app.agents.vision_agent - INFO - VisionAgent analysis complete. Found 5 items.
2026-07-30 21:20:26 - app.agents.vision_agent - INFO - VisionAgent starting analysis.
2026-07-30 21:20:26 - app.services.yolo_service - INFO - Running YOLO inference...
2026-07-30 21:20:26 - app.services.yolo_service - INFO - Detected 3 pothole(s).
2026-07-30 21:20:26 - app.agents.vision_agent - INFO - VisionAgent analysis complete. Found 3 items.
2026-07-30 21:20:26 - app.agents.vision_agent - INFO - VisionAgent starting analysis.
2026-07-30 21:20:26 - app.services.yolo_service - INFO - Running YOLO inference...
2026-07-30 21:20:27 - app.services.yolo_service - INFO - Detected 5 pothole(s).
2026-07-30 21:20:27 - app.agents.vision_agent - INFO - VisionAgent analysis complete. Found 5 items.
2026-07-30 21:20:27 - app.agents.vision_agent - INFO - VisionAgent starting analysis.
2026-07-30 21:20:27 - app.services.yolo_service - INFO - Running YOLO inference...
2026-07-30 21:20:28 - app.services.yolo_service - INFO - Detected 2 pothole(s).
2026-07-30 21:20:28 - app.agents.vision_agent - INFO - VisionAgent analysis complete. Found 2 items.
2026-07-30 21:20:28 - app.agents.vision_agent - INFO - VisionAgent starting analysis.
2026-07-30 21:20:28 - app.services.yolo_service - INFO - Running YOLO inference...
2026-07-30 21:20:28 - app.services.yolo_service - INFO - Detected 2 pothole(s).
2026-07-30 21:20:28 - app.agents.vision_agent - INFO - VisionAgent analysis complete. Found 2 items.
2026-07-30 21:20:28 - app.agents.vision_agent - INFO - VisionAgent starting analysis.
2026-07-30 21:20:28 - app.services.yolo_service - INFO - Running YOLO inference...
2026-07-30 21:20:29 - app.services.yolo_service - INFO - Detected 2 pothole(s).
2026-07-30 21:20:29 - app.agents.vision_agent - INFO - VisionAgent analysis complete. Found 2 items.
2026-07-30 21:20:29 - app.agents.vision_agent - INFO - VisionAgent starting analysis.
2026-07-30 21:20:29 - app.services.yolo_service - INFO - Running YOLO inference...
2026-07-30 21:20:29 - app.services.yolo_service - INFO - Detected 3 pothole(s).
2026-07-30 21:20:29 - app.agents.vision_agent - INFO - VisionAgent analysis complete. Found 3 items.
2026-07-30 21:20:29 - app.agents.vision_agent - INFO - VisionAgent starting analysis.
2026-07-30 21:20:29 - app.services.yolo_service - INFO - Running YOLO inference...
2026-07-30 21:20:30 - app.services.yolo_service - INFO - Detected 18 pothole(s).
2026-07-30 21:20:30 - app.agents.vision_agent - INFO - VisionAgent analysis complete. Found 18 items.
2026-07-30 21:20:30 - app.agents.vision_agent - INFO - VisionAgent starting analysis.
2026-07-30 21:20:30 - app.services.yolo_service - INFO - Running YOLO inference...
2026-07-30 21:20:30 - app.services.yolo_service - INFO - Detected 17 pothole(s).
2026-07-30 21:20:30 - app.agents.vision_agent - INFO - VisionAgent analysis complete. Found 17 items.
2026-07-30 21:20:30 - app.agents.vision_agent - INFO - VisionAgent starting analysis.
2026-07-30 21:20:30 - app.services.yolo_service - INFO - Running YOLO inference...
2026-07-30 21:20:31 - app.services.yolo_service - INFO - Detected 16 pothole(s).
2026-07-30 21:20:31 - app.agents.vision_agent - INFO - VisionAgent analysis complete. Found 16 items.
2026-07-30 21:20:31 - app.agents.vision_agent - INFO - VisionAgent starting analysis.
2026-07-30 21:20:31 - app.services.yolo_service - INFO - Running YOLO inference...
2026-07-30 21:20:31 - app.services.yolo_service - INFO - Detected 14 pothole(s).
2026-07-30 21:20:31 - app.agents.vision_agent - INFO - VisionAgent analysis complete. Found 14 items.
2026-07-30 21:20:32 - app.agents.vision_agent - INFO - VisionAgent starting analysis.
2026-07-30 21:20:32 - app.services.yolo_service - INFO - Running YOLO inference...
2026-07-30 21:20:32 - app.services.yolo_service - INFO - Detected 18 pothole(s).
2026-07-30 21:20:32 - app.agents.vision_agent - INFO - VisionAgent analysis complete. Found 18 items.
2026-07-30 21:20:32 - app.agents.vision_agent - INFO - VisionAgent starting analysis.
2026-07-30 21:20:32 - app.services.yolo_service - INFO - Running YOLO inference...
2026-07-30 21:20:32 - app.services.yolo_service - INFO - Detected 14 pothole(s).
2026-07-30 21:20:32 - app.agents.vision_agent - INFO - VisionAgent analysis complete. Found 14 items.
2026-07-30 21:20:33 - app.agents.vision_agent - INFO - VisionAgent starting analysis.
2026-07-30 21:20:33 - app.services.yolo_service - INFO - Running YOLO inference...
2026-07-30 21:20:33 - app.services.yolo_service - INFO - Detected 13 pothole(s).
2026-07-30 21:20:33 - app.agents.vision_agent - INFO - VisionAgent analysis complete. Found 13 items.
2026-07-30 21:20:33 - app.agents.vision_agent - INFO - VisionAgent starting analysis.
2026-07-30 21:20:33 - app.services.yolo_service - INFO - Running YOLO inference...
2026-07-30 21:20:33 - app.services.yolo_service - INFO - Detected 16 pothole(s).
2026-07-30 21:20:33 - app.agents.vision_agent - INFO - VisionAgent analysis complete. Found 16 items.
2026-07-30 21:20:34 - app.agents.vision_agent - INFO - VisionAgent starting analysis.
2026-07-30 21:20:34 - app.services.yolo_service - INFO - Running YOLO inference...
2026-07-30 21:20:34 - app.services.yolo_service - INFO - Detected 17 pothole(s).
2026-07-30 21:20:34 - app.agents.vision_agent - INFO - VisionAgent analysis complete. Found 17 items.
2026-07-30 21:20:34 - app.agents.vision_agent - INFO - VisionAgent starting analysis.
2026-07-30 21:20:34 - app.services.yolo_service - INFO - Running YOLO inference...
2026-07-30 21:20:35 - app.services.yolo_service - INFO - Detected 20 pothole(s).
2026-07-30 21:20:35 - app.agents.vision_agent - INFO - VisionAgent analysis complete. Found 20 items.
2026-07-30 21:20:35 - app.agents.vision_agent - INFO - VisionAgent starting analysis.
2026-07-30 21:20:35 - app.services.yolo_service - INFO - Running YOLO inference...
2026-07-30 21:20:35 - app.services.yolo_service - INFO - Detected 25 pothole(s).
2026-07-30 21:20:35 - app.agents.vision_agent - INFO - VisionAgent analysis complete. Found 25 items.
2026-07-30 21:20:35 - app.agents.vision_agent - INFO - VisionAgent starting analysis.
2026-07-30 21:20:35 - app.services.yolo_service - INFO - Running YOLO inference...
2026-07-30 21:20:36 - app.services.yolo_service - INFO - Detected 21 pothole(s).
2026-07-30 21:20:36 - app.agents.vision_agent - INFO - VisionAgent analysis complete. Found 21 items.
2026-07-30 21:20:36 - app.agents.vision_agent - INFO - VisionAgent starting analysis.
2026-07-30 21:20:36 - app.services.yolo_service - INFO - Running YOLO inference...
2026-07-30 21:20:36 - app.services.yolo_service - INFO - Detected 23 pothole(s).
2026-07-30 21:20:36 - app.agents.vision_agent - INFO - VisionAgent analysis complete. Found 23 items.
2026-07-30 21:20:36 - app.agents.vision_agent - INFO - VisionAgent starting analysis.
2026-07-30 21:20:36 - app.services.yolo_service - INFO - Running YOLO inference...
2026-07-30 21:20:37 - app.services.yolo_service - INFO - Detected 27 pothole(s).
2026-07-30 21:20:37 - app.agents.vision_agent - INFO - VisionAgent analysis complete. Found 27 items.
2026-07-30 21:20:37 - app.agents.vision_agent - INFO - VisionAgent starting analysis.
2026-07-30 21:20:37 - app.services.yolo_service - INFO - Running YOLO inference...
2026-07-30 21:20:37 - app.services.yolo_service - INFO - Detected 22 pothole(s).
2026-07-30 21:20:37 - app.agents.vision_agent - INFO - VisionAgent analysis complete. Found 22 items.
2026-07-30 21:20:37 - app.agents.vision_agent - INFO - VisionAgent starting analysis.
2026-07-30 21:20:37 - app.services.yolo_service - INFO - Running YOLO inference...
2026-07-30 21:20:38 - app.services.yolo_service - INFO - Detected 23 pothole(s).
2026-07-30 21:20:38 - app.agents.vision_agent - INFO - VisionAgent analysis complete. Found 23 items.
2026-07-30 21:20:38 - app.agents.vision_agent - INFO - VisionAgent starting analysis.
2026-07-30 21:20:38 - app.services.yolo_service - INFO - Running YOLO inference...
2026-07-30 21:20:38 - app.services.yolo_service - INFO - Detected 19 pothole(s).
2026-07-30 21:20:38 - app.agents.vision_agent - INFO - VisionAgent analysis complete. Found 19 items.
2026-07-30 21:20:38 - app.agents.vision_agent - INFO - VisionAgent starting analysis.
2026-07-30 21:20:38 - app.services.yolo_service - INFO - Running YOLO inference...
2026-07-30 21:20:39 - app.services.yolo_service - INFO - Detected 22 pothole(s).
2026-07-30 21:20:39 - app.agents.vision_agent - INFO - VisionAgent analysis complete. Found 22 items.
2026-07-30 21:20:39 - app.agents.vision_agent - INFO - VisionAgent starting analysis.
2026-07-30 21:20:39 - app.services.yolo_service - INFO - Running YOLO inference...
2026-07-30 21:20:39 - app.services.yolo_service - INFO - Detected 16 pothole(s).
2026-07-30 21:20:39 - app.agents.vision_agent - INFO - VisionAgent analysis complete. Found 16 items.
2026-07-30 21:20:40 - app.agents.vision_agent - INFO - VisionAgent starting analysis.
2026-07-30 21:20:40 - app.services.yolo_service - INFO - Running YOLO inference...
2026-07-30 21:20:40 - app.services.yolo_service - INFO - Detected 15 pothole(s).
2026-07-30 21:20:40 - app.agents.vision_agent - INFO - VisionAgent analysis complete. Found 15 items.
2026-07-30 21:20:40 - app.agents.vision_agent - INFO - VisionAgent starting analysis.
2026-07-30 21:20:40 - app.services.yolo_service - INFO - Running YOLO inference...
2026-07-30 21:20:40 - app.services.yolo_service - INFO - Detected 27 pothole(s).
2026-07-30 21:20:40 - app.agents.vision_agent - INFO - VisionAgent analysis complete. Found 27 items.
2026-07-30 21:20:41 - app.agents.vision_agent - INFO - VisionAgent starting analysis.
2026-07-30 21:20:41 - app.services.yolo_service - INFO - Running YOLO inference...
2026-07-30 21:20:41 - app.services.yolo_service - INFO - Detected 26 pothole(s).
2026-07-30 21:20:41 - app.agents.vision_agent - INFO - VisionAgent analysis complete. Found 26 items.
2026-07-30 21:20:41 - app.agents.vision_agent - INFO - VisionAgent starting analysis.
2026-07-30 21:20:41 - app.services.yolo_service - INFO - Running YOLO inference...
2026-07-30 21:20:41 - app.services.yolo_service - INFO - Detected 25 pothole(s).
2026-07-30 21:20:41 - app.agents.vision_agent - INFO - VisionAgent analysis complete. Found 25 items.
2026-07-30 21:20:42 - app.agents.vision_agent - INFO - VisionAgent starting analysis.
2026-07-30 21:20:42 - app.services.yolo_service - INFO - Running YOLO inference...
2026-07-30 21:20:42 - app.services.yolo_service - INFO - Detected 19 pothole(s).
2026-07-30 21:20:42 - app.agents.vision_agent - INFO - VisionAgent analysis complete. Found 19 items.
2026-07-30 21:20:42 - app.agents.vision_agent - INFO - VisionAgent starting analysis.
2026-07-30 21:20:42 - app.services.yolo_service - INFO - Running YOLO inference...
2026-07-30 21:20:42 - app.services.yolo_service - INFO - Detected 21 pothole(s).
2026-07-30 21:20:42 - app.agents.vision_agent - INFO - VisionAgent analysis complete. Found 21 items.
2026-07-30 21:20:43 - app.agents.vision_agent - INFO - VisionAgent starting analysis.
2026-07-30 21:20:43 - app.services.yolo_service - INFO - Running YOLO inference...
2026-07-30 21:20:43 - app.services.yolo_service - INFO - Detected 16 pothole(s).
2026-07-30 21:20:43 - app.agents.vision_agent - INFO - VisionAgent analysis complete. Found 16 items.
2026-07-30 21:20:43 - app.agents.vision_agent - INFO - VisionAgent starting analysis.
2026-07-30 21:20:43 - app.services.yolo_service - INFO - Running YOLO inference...
2026-07-30 21:20:44 - app.services.yolo_service - INFO - Detected 24 pothole(s).
2026-07-30 21:20:44 - app.agents.vision_agent - INFO - VisionAgent analysis complete. Found 24 items.
2026-07-30 21:20:44 - app.agents.vision_agent - INFO - VisionAgent starting analysis.
2026-07-30 21:20:44 - app.services.yolo_service - INFO - Running YOLO inference...
2026-07-30 21:20:44 - app.services.yolo_service - INFO - Detected 15 pothole(s).
2026-07-30 21:20:44 - app.agents.vision_agent - INFO - VisionAgent analysis complete. Found 15 items.
2026-07-30 21:20:44 - app.agents.vision_agent - INFO - VisionAgent starting analysis.
2026-07-30 21:20:44 - app.services.yolo_service - INFO - Running YOLO inference...
2026-07-30 21:20:45 - app.services.yolo_service - INFO - Detected 16 pothole(s).
2026-07-30 21:20:45 - app.agents.vision_agent - INFO - VisionAgent analysis complete. Found 16 items.
2026-07-30 21:20:45 - app.agents.vision_agent - INFO - VisionAgent starting analysis.
2026-07-30 21:20:45 - app.services.yolo_service - INFO - Running YOLO inference...
2026-07-30 21:20:45 - app.services.yolo_service - INFO - Detected 15 pothole(s).
2026-07-30 21:20:45 - app.agents.vision_agent - INFO - VisionAgent analysis complete. Found 15 items.
2026-07-30 21:20:45 - app.agents.vision_agent - INFO - VisionAgent starting analysis.
2026-07-30 21:20:45 - app.services.yolo_service - INFO - Running YOLO inference...
2026-07-30 21:20:46 - app.services.yolo_service - INFO - Detected 18 pothole(s).
2026-07-30 21:20:46 - app.agents.vision_agent - INFO - VisionAgent analysis complete. Found 18 items.
2026-07-30 21:20:46 - app.agents.vision_agent - INFO - VisionAgent starting analysis.
2026-07-30 21:20:46 - app.services.yolo_service - INFO - Running YOLO inference...
2026-07-30 21:20:47 - app.services.yolo_service - INFO - Detected 17 pothole(s).
2026-07-30 21:20:47 - app.agents.vision_agent - INFO - VisionAgent analysis complete. Found 17 items.
2026-07-30 21:20:47 - app.agents.vision_agent - INFO - VisionAgent starting analysis.
2026-07-30 21:20:47 - app.services.yolo_service - INFO - Running YOLO inference...
2026-07-30 21:20:47 - app.services.yolo_service - INFO - Detected 11 pothole(s).
2026-07-30 21:20:47 - app.agents.vision_agent - INFO - VisionAgent analysis complete. Found 11 items.
2026-07-30 21:20:47 - app.agents.vision_agent - INFO - VisionAgent starting analysis.
2026-07-30 21:20:47 - app.services.yolo_service - INFO - Running YOLO inference...
2026-07-30 21:20:48 - app.services.yolo_service - INFO - Detected 15 pothole(s).
2026-07-30 21:20:48 - app.agents.vision_agent - INFO - VisionAgent analysis complete. Found 15 items.
2026-07-30 21:20:48 - app.agents.vision_agent - INFO - VisionAgent starting analysis.
2026-07-30 21:20:48 - app.services.yolo_service - INFO - Running YOLO inference...
2026-07-30 21:20:48 - app.services.yolo_service - INFO - Detected 16 pothole(s).
2026-07-30 21:20:48 - app.agents.vision_agent - INFO - VisionAgent analysis complete. Found 16 items.
2026-07-30 21:20:49 - app.agents.vision_agent - INFO - VisionAgent starting analysis.
2026-07-30 21:20:49 - app.services.yolo_service - INFO - Running YOLO inference...
2026-07-30 21:20:49 - app.services.yolo_service - INFO - Detected 16 pothole(s).
2026-07-30 21:20:49 - app.agents.vision_agent - INFO - VisionAgent analysis complete. Found 16 items.
2026-07-30 21:20:49 - app.agents.vision_agent - INFO - VisionAgent starting analysis.
2026-07-30 21:20:49 - app.services.yolo_service - INFO - Running YOLO inference...
2026-07-30 21:20:49 - app.services.yolo_service - INFO - Detected 11 pothole(s).
2026-07-30 21:20:49 - app.agents.vision_agent - INFO - VisionAgent analysis complete. Found 11 items.
2026-07-30 21:20:51 - app.agents.vision_agent - INFO - VisionAgent starting analysis.
2026-07-30 21:20:51 - app.services.yolo_service - INFO - Running YOLO inference...
2026-07-30 21:20:51 - app.services.yolo_service - INFO - Detected 10 pothole(s).
2026-07-30 21:20:51 - app.agents.vision_agent - INFO - VisionAgent analysis complete. Found 10 items.
2026-07-30 21:20:51 - app.agents.vision_agent - INFO - VisionAgent starting analysis.
2026-07-30 21:20:51 - app.services.yolo_service - INFO - Running YOLO inference...
2026-07-30 21:20:51 - app.services.yolo_service - INFO - Detected 9 pothole(s).
2026-07-30 21:20:51 - app.agents.vision_agent - INFO - VisionAgent analysis complete. Found 9 items.
2026-07-30 21:20:52 - app.agents.vision_agent - INFO - VisionAgent starting analysis.
2026-07-30 21:20:52 - app.services.yolo_service - INFO - Running YOLO inference...
2026-07-30 21:20:52 - app.services.yolo_service - INFO - Detected 13 pothole(s).
2026-07-30 21:20:52 - app.agents.vision_agent - INFO - VisionAgent analysis complete. Found 13 items.
2026-07-30 21:20:52 - app.agents.vision_agent - INFO - VisionAgent starting analysis.
2026-07-30 21:20:52 - app.services.yolo_service - INFO - Running YOLO inference...
2026-07-30 21:20:53 - app.services.yolo_service - INFO - Detected 12 pothole(s).
2026-07-30 21:20:53 - app.agents.vision_agent - INFO - VisionAgent analysis complete. Found 12 items.
2026-07-30 21:20:53 - app.agents.vision_agent - INFO - VisionAgent starting analysis.
2026-07-30 21:20:53 - app.services.yolo_service - INFO - Running YOLO inference...
2026-07-30 21:20:53 - app.services.yolo_service - INFO - Detected 9 pothole(s).
2026-07-30 21:20:53 - app.agents.vision_agent - INFO - VisionAgent analysis complete. Found 9 items.
2026-07-30 21:20:53 - app.agents.vision_agent - INFO - VisionAgent starting analysis.
2026-07-30 21:20:53 - app.services.yolo_service - INFO - Running YOLO inference...
2026-07-30 21:20:54 - app.services.yolo_service - INFO - Detected 13 pothole(s).
2026-07-30 21:20:54 - app.agents.vision_agent - INFO - VisionAgent analysis complete. Found 13 items.
2026-07-30 21:20:54 - app.agents.vision_agent - INFO - VisionAgent starting analysis.
2026-07-30 21:20:54 - app.services.yolo_service - INFO - Running YOLO inference...
2026-07-30 21:20:54 - app.services.yolo_service - INFO - Detected 14 pothole(s).
2026-07-30 21:20:54 - app.agents.vision_agent - INFO - VisionAgent analysis complete. Found 14 items.
2026-07-30 21:20:54 - app.agents.vision_agent - INFO - VisionAgent starting analysis.
2026-07-30 21:20:54 - app.services.yolo_service - INFO - Running YOLO inference...
2026-07-30 21:20:55 - app.services.yolo_service - INFO - Detected 13 pothole(s).
2026-07-30 21:20:55 - app.agents.vision_agent - INFO - VisionAgent analysis complete. Found 13 items.
2026-07-30 21:20:55 - app.agents.vision_agent - INFO - VisionAgent starting analysis.
2026-07-30 21:20:55 - app.services.yolo_service - INFO - Running YOLO inference...
2026-07-30 21:20:55 - app.services.yolo_service - INFO - Detected 8 pothole(s).
2026-07-30 21:20:55 - app.agents.vision_agent - INFO - VisionAgent analysis complete. Found 8 items.
2026-07-30 21:20:55 - app.agents.vision_agent - INFO - VisionAgent starting analysis.
2026-07-30 21:20:55 - app.services.yolo_service - INFO - Running YOLO inference...
2026-07-30 21:20:56 - app.services.yolo_service - INFO - Detected 5 pothole(s).
2026-07-30 21:20:56 - app.agents.vision_agent - INFO - VisionAgent analysis complete. Found 5 items.
2026-07-30 21:20:56 - app.agents.vision_agent - INFO - VisionAgent starting analysis.
2026-07-30 21:20:56 - app.services.yolo_service - INFO - Running YOLO inference...
2026-07-30 21:20:56 - app.services.yolo_service - INFO - Detected 4 pothole(s).
2026-07-30 21:20:56 - app.agents.vision_agent - INFO - VisionAgent analysis complete. Found 4 items.
2026-07-30 21:20:57 - app.agents.vision_agent - INFO - VisionAgent starting analysis.
2026-07-30 21:20:57 - app.services.yolo_service - INFO - Running YOLO inference...
2026-07-30 21:20:57 - app.services.yolo_service - INFO - Detected 4 pothole(s).
2026-07-30 21:20:57 - app.agents.vision_agent - INFO - VisionAgent analysis complete. Found 4 items.
2026-07-30 21:20:57 - app.agents.vision_agent - INFO - VisionAgent starting analysis.
2026-07-30 21:20:57 - app.services.yolo_service - INFO - Running YOLO inference...
2026-07-30 21:20:57 - app.services.yolo_service - INFO - Detected 8 pothole(s).
2026-07-30 21:20:57 - app.agents.vision_agent - INFO - VisionAgent analysis complete. Found 8 items.
2026-07-30 21:20:58 - app.agents.vision_agent - INFO - VisionAgent starting analysis.
2026-07-30 21:20:58 - app.services.yolo_service - INFO - Running YOLO inference...
2026-07-30 21:20:58 - app.services.yolo_service - INFO - Detected 7 pothole(s).
2026-07-30 21:20:58 - app.agents.vision_agent - INFO - VisionAgent analysis complete. Found 7 items.
2026-07-30 21:20:59 - app.agents.vision_agent - INFO - VisionAgent starting analysis.
2026-07-30 21:20:59 - app.services.yolo_service - INFO - Running YOLO inference...
2026-07-30 21:20:59 - app.services.yolo_service - INFO - Detected 9 pothole(s).
2026-07-30 21:20:59 - app.agents.vision_agent - INFO - VisionAgent analysis complete. Found 9 items.
2026-07-30 21:20:59 - app.agents.vision_agent - INFO - VisionAgent starting analysis.
2026-07-30 21:20:59 - app.services.yolo_service - INFO - Running YOLO inference...
2026-07-30 21:20:59 - app.services.yolo_service - INFO - Detected 7 pothole(s).
2026-07-30 21:20:59 - app.agents.vision_agent - INFO - VisionAgent analysis complete. Found 7 items.
2026-07-30 21:21:00 - app.agents.vision_agent - INFO - VisionAgent starting analysis.
2026-07-30 21:21:00 - app.services.yolo_service - INFO - Running YOLO inference...
2026-07-30 21:21:00 - app.services.yolo_service - INFO - Detected 6 pothole(s).
2026-07-30 21:21:00 - app.agents.vision_agent - INFO - VisionAgent analysis complete. Found 6 items.
2026-07-30 21:21:00 - app.agents.vision_agent - INFO - VisionAgent starting analysis.
2026-07-30 21:21:00 - app.services.yolo_service - INFO - Running YOLO inference...
2026-07-30 21:21:01 - app.services.yolo_service - INFO - Detected 4 pothole(s).
2026-07-30 21:21:01 - app.agents.vision_agent - INFO - VisionAgent analysis complete. Found 4 items.
2026-07-30 21:21:01 - app.agents.vision_agent - INFO - VisionAgent starting analysis.
2026-07-30 21:21:01 - app.services.yolo_service - INFO - Running YOLO inference...
2026-07-30 21:21:01 - app.services.yolo_service - INFO - Detected 8 pothole(s).
2026-07-30 21:21:01 - app.agents.vision_agent - INFO - VisionAgent analysis complete. Found 8 items.
2026-07-30 21:21:01 - app.agents.vision_agent - INFO - VisionAgent starting analysis.
2026-07-30 21:21:01 - app.services.yolo_service - INFO - Running YOLO inference...
2026-07-30 21:21:02 - app.services.yolo_service - INFO - Detected 7 pothole(s).
2026-07-30 21:21:02 - app.agents.vision_agent - INFO - VisionAgent analysis complete. Found 7 items.
2026-07-30 21:21:02 - app.agents.vision_agent - INFO - VisionAgent starting analysis.
2026-07-30 21:21:02 - app.services.yolo_service - INFO - Running YOLO inference...
2026-07-30 21:21:02 - app.services.yolo_service - INFO - Detected 7 pothole(s).
2026-07-30 21:21:02 - app.agents.vision_agent - INFO - VisionAgent analysis complete. Found 7 items.
2026-07-30 21:21:02 - app.agents.vision_agent - INFO - VisionAgent starting analysis.
2026-07-30 21:21:02 - app.services.yolo_service - INFO - Running YOLO inference...
2026-07-30 21:21:03 - app.services.yolo_service - INFO - Detected 5 pothole(s).
2026-07-30 21:21:03 - app.agents.vision_agent - INFO - VisionAgent analysis complete. Found 5 items.
2026-07-30 21:21:03 - app.agents.vision_agent - INFO - VisionAgent starting analysis.
2026-07-30 21:21:03 - app.services.yolo_service - INFO - Running YOLO inference...
2026-07-30 21:21:03 - app.services.yolo_service - INFO - Detected 6 pothole(s).
2026-07-30 21:21:03 - app.agents.vision_agent - INFO - VisionAgent analysis complete. Found 6 items.
2026-07-30 21:21:03 - app.agents.vision_agent - INFO - VisionAgent starting analysis.
2026-07-30 21:21:03 - app.services.yolo_service - INFO - Running YOLO inference...
2026-07-30 21:21:04 - app.services.yolo_service - INFO - Detected 5 pothole(s).
2026-07-30 21:21:04 - app.agents.vision_agent - INFO - VisionAgent analysis complete. Found 5 items.
2026-07-30 21:21:04 - app.agents.vision_agent - INFO - VisionAgent starting analysis.
2026-07-30 21:21:04 - app.services.yolo_service - INFO - Running YOLO inference...
2026-07-30 21:21:04 - app.services.yolo_service - INFO - Detected 4 pothole(s).
2026-07-30 21:21:04 - app.agents.vision_agent - INFO - VisionAgent analysis complete. Found 4 items.
2026-07-30 21:21:05 - app.agents.vision_agent - INFO - VisionAgent starting analysis.
2026-07-30 21:21:05 - app.services.yolo_service - INFO - Running YOLO inference...
2026-07-30 21:21:05 - app.services.yolo_service - INFO - Detected 4 pothole(s).
2026-07-30 21:21:05 - app.agents.vision_agent - INFO - VisionAgent analysis complete. Found 4 items.
2026-07-30 21:21:05 - app.agents.vision_agent - INFO - VisionAgent starting analysis.
2026-07-30 21:21:05 - app.services.yolo_service - INFO - Running YOLO inference...
2026-07-30 21:21:05 - app.services.yolo_service - INFO - Detected 1 pothole(s).
2026-07-30 21:21:05 - app.agents.vision_agent - INFO - VisionAgent analysis complete. Found 1 items.
2026-07-30 21:21:06 - app.agents.vision_agent - INFO - VisionAgent starting analysis.
2026-07-30 21:21:06 - app.services.yolo_service - INFO - Running YOLO inference...
2026-07-30 21:21:06 - app.services.yolo_service - INFO - Detected 2 pothole(s).
2026-07-30 21:21:06 - app.agents.vision_agent - INFO - VisionAgent analysis complete. Found 2 items.
2026-07-30 21:21:06 - app.agents.vision_agent - INFO - VisionAgent starting analysis.
2026-07-30 21:21:06 - app.services.yolo_service - INFO - Running YOLO inference...
2026-07-30 21:21:06 - app.services.yolo_service - INFO - Detected 3 pothole(s).
2026-07-30 21:21:06 - app.agents.vision_agent - INFO - VisionAgent analysis complete. Found 3 items.
2026-07-30 21:21:07 - app.agents.vision_agent - INFO - VisionAgent starting analysis.
2026-07-30 21:21:07 - app.services.yolo_service - INFO - Running YOLO inference...
2026-07-30 21:21:07 - app.services.yolo_service - INFO - Detected 4 pothole(s).
2026-07-30 21:21:07 - app.agents.vision_agent - INFO - VisionAgent analysis complete. Found 4 items.
2026-07-30 21:21:07 - app.agents.vision_agent - INFO - VisionAgent starting analysis.
2026-07-30 21:21:07 - app.services.yolo_service - INFO - Running YOLO inference...
2026-07-30 21:21:07 - app.services.yolo_service - INFO - Detected 4 pothole(s).
2026-07-30 21:21:07 - app.agents.vision_agent - INFO - VisionAgent analysis complete. Found 4 items.
2026-07-30 21:21:08 - app.agents.vision_agent - INFO - VisionAgent starting analysis.
2026-07-30 21:21:08 - app.services.yolo_service - INFO - Running YOLO inference...
2026-07-30 21:21:08 - app.services.yolo_service - INFO - Detected 1 pothole(s).
2026-07-30 21:21:08 - app.agents.vision_agent - INFO - VisionAgent analysis complete. Found 1 items.
2026-07-30 21:21:08 - app.agents.vision_agent - INFO - VisionAgent starting analysis.
2026-07-30 21:21:08 - app.services.yolo_service - INFO - Running YOLO inference...
2026-07-30 21:21:09 - app.services.yolo_service - INFO - Detected 3 pothole(s).
2026-07-30 21:21:09 - app.agents.vision_agent - INFO - VisionAgent analysis complete. Found 3 items.
2026-07-30 21:21:09 - app.agents.vision_agent - INFO - VisionAgent starting analysis.
2026-07-30 21:21:09 - app.services.yolo_service - INFO - Running YOLO inference...
2026-07-30 21:21:09 - app.services.yolo_service - INFO - Detected 4 pothole(s).
2026-07-30 21:21:09 - app.agents.vision_agent - INFO - VisionAgent analysis complete. Found 4 items.
2026-07-30 21:21:09 - app.agents.vision_agent - INFO - VisionAgent starting analysis.
2026-07-30 21:21:09 - app.services.yolo_service - INFO - Running YOLO inference...
2026-07-30 21:21:10 - app.services.yolo_service - INFO - Detected 4 pothole(s).
2026-07-30 21:21:10 - app.agents.vision_agent - INFO - VisionAgent analysis complete. Found 4 items.
2026-07-30 21:21:10 - app.agents.vision_agent - INFO - VisionAgent starting analysis.
2026-07-30 21:21:10 - app.services.yolo_service - INFO - Running YOLO inference...
2026-07-30 21:21:10 - app.services.yolo_service - INFO - Detected 5 pothole(s).
2026-07-30 21:21:10 - app.agents.vision_agent - INFO - VisionAgent analysis complete. Found 5 items.
2026-07-30 21:21:10 - app.agents.vision_agent - INFO - VisionAgent starting analysis.
2026-07-30 21:21:10 - app.services.yolo_service - INFO - Running YOLO inference...
2026-07-30 21:21:11 - app.services.yolo_service - INFO - Detected 6 pothole(s).
2026-07-30 21:21:11 - app.agents.vision_agent - INFO - VisionAgent analysis complete. Found 6 items.
2026-07-30 21:21:11 - app.agents.vision_agent - INFO - VisionAgent starting analysis.
2026-07-30 21:21:11 - app.services.yolo_service - INFO - Running YOLO inference...
2026-07-30 21:21:11 - app.services.yolo_service - INFO - Detected 5 pothole(s).
2026-07-30 21:21:11 - app.agents.vision_agent - INFO - VisionAgent analysis complete. Found 5 items.
2026-07-30 21:21:12 - app.agents.vision_agent - INFO - VisionAgent starting analysis.
2026-07-30 21:21:12 - app.services.yolo_service - INFO - Running YOLO inference...
2026-07-30 21:21:12 - app.services.yolo_service - INFO - Detected 6 pothole(s).
2026-07-30 21:21:12 - app.agents.vision_agent - INFO - VisionAgent analysis complete. Found 6 items.
2026-07-30 21:21:12 - app.agents.vision_agent - INFO - VisionAgent starting analysis.
2026-07-30 21:21:12 - app.services.yolo_service - INFO - Running YOLO inference...
2026-07-30 21:21:13 - app.services.yolo_service - INFO - Detected 8 pothole(s).
2026-07-30 21:21:13 - app.agents.vision_agent - INFO - VisionAgent analysis complete. Found 8 items.
2026-07-30 21:21:13 - app.agents.vision_agent - INFO - VisionAgent starting analysis.
2026-07-30 21:21:13 - app.services.yolo_service - INFO - Running YOLO inference...
2026-07-30 21:21:13 - app.services.yolo_service - INFO - Detected 8 pothole(s).
2026-07-30 21:21:13 - app.agents.vision_agent - INFO - VisionAgent analysis complete. Found 8 items.
2026-07-30 21:21:14 - app.agents.vision_agent - INFO - VisionAgent starting analysis.
2026-07-30 21:21:14 - app.services.yolo_service - INFO - Running YOLO inference...
2026-07-30 21:21:14 - app.services.yolo_service - INFO - Detected 7 pothole(s).
2026-07-30 21:21:14 - app.agents.vision_agent - INFO - VisionAgent analysis complete. Found 7 items.
2026-07-30 21:21:14 - app.agents.vision_agent - INFO - VisionAgent starting analysis.
2026-07-30 21:21:14 - app.services.yolo_service - INFO - Running YOLO inference...
2026-07-30 21:21:15 - app.services.yolo_service - INFO - Detected 9 pothole(s).
2026-07-30 21:21:15 - app.agents.vision_agent - INFO - VisionAgent analysis complete. Found 9 items.
2026-07-30 21:21:15 - app.agents.vision_agent - INFO - VisionAgent starting analysis.
2026-07-30 21:21:15 - app.services.yolo_service - INFO - Running YOLO inference...
2026-07-30 21:21:15 - app.services.yolo_service - INFO - Detected 8 pothole(s).
2026-07-30 21:21:15 - app.agents.vision_agent - INFO - VisionAgent analysis complete. Found 8 items.
2026-07-30 21:21:16 - app.agents.vision_agent - INFO - VisionAgent starting analysis.
2026-07-30 21:21:16 - app.services.yolo_service - INFO - Running YOLO inference...
2026-07-30 21:21:16 - app.services.yolo_service - INFO - Detected 8 pothole(s).
2026-07-30 21:21:16 - app.agents.vision_agent - INFO - VisionAgent analysis complete. Found 8 items.
2026-07-30 21:21:16 - app.agents.vision_agent - INFO - VisionAgent starting analysis.
2026-07-30 21:21:16 - app.services.yolo_service - INFO - Running YOLO inference...
2026-07-30 21:21:17 - app.services.yolo_service - INFO - Detected 10 pothole(s).
2026-07-30 21:21:17 - app.agents.vision_agent - INFO - VisionAgent analysis complete. Found 10 items.
2026-07-30 21:21:17 - app.agents.vision_agent - INFO - VisionAgent starting analysis.
2026-07-30 21:21:17 - app.services.yolo_service - INFO - Running YOLO inference...
2026-07-30 21:21:17 - app.services.yolo_service - INFO - Detected 8 pothole(s).
2026-07-30 21:21:17 - app.agents.vision_agent - INFO - VisionAgent analysis complete. Found 8 items.
2026-07-30 21:21:18 - app.agents.vision_agent - INFO - VisionAgent starting analysis.
2026-07-30 21:21:18 - app.services.yolo_service - INFO - Running YOLO inference...
2026-07-30 21:21:18 - app.services.yolo_service - INFO - Detected 11 pothole(s).
2026-07-30 21:21:18 - app.agents.vision_agent - INFO - VisionAgent analysis complete. Found 11 items.
2026-07-30 21:21:18 - app.agents.vision_agent - INFO - VisionAgent starting analysis.
2026-07-30 21:21:18 - app.services.yolo_service - INFO - Running YOLO inference...
2026-07-30 21:21:19 - app.services.yolo_service - INFO - Detected 9 pothole(s).
2026-07-30 21:21:19 - app.agents.vision_agent - INFO - VisionAgent analysis complete. Found 9 items.
2026-07-30 21:21:19 - app.agents.vision_agent - INFO - VisionAgent starting analysis.
2026-07-30 21:21:19 - app.services.yolo_service - INFO - Running YOLO inference...
2026-07-30 21:21:19 - app.services.yolo_service - INFO - Detected 6 pothole(s).
2026-07-30 21:21:19 - app.agents.vision_agent - INFO - VisionAgent analysis complete. Found 6 items.
2026-07-30 21:21:20 - app.agents.vision_agent - INFO - VisionAgent starting analysis.
2026-07-30 21:21:20 - app.services.yolo_service - INFO - Running YOLO inference...
2026-07-30 21:21:20 - app.services.yolo_service - INFO - Detected 6 pothole(s).
2026-07-30 21:21:20 - app.agents.vision_agent - INFO - VisionAgent analysis complete. Found 6 items.
2026-07-30 21:21:20 - app.agents.vision_agent - INFO - VisionAgent starting analysis.
2026-07-30 21:21:20 - app.services.yolo_service - INFO - Running YOLO inference...
2026-07-30 21:21:20 - app.services.yolo_service - INFO - Detected 4 pothole(s).
2026-07-30 21:21:20 - app.agents.vision_agent - INFO - VisionAgent analysis complete. Found 4 items.
2026-07-30 21:21:21 - app.agents.vision_agent - INFO - VisionAgent starting analysis.
2026-07-30 21:21:21 - app.services.yolo_service - INFO - Running YOLO inference...
2026-07-30 21:21:21 - app.services.yolo_service - INFO - Detected 4 pothole(s).
2026-07-30 21:21:21 - app.agents.vision_agent - INFO - VisionAgent analysis complete. Found 4 items.
2026-07-30 21:21:21 - app.agents.vision_agent - INFO - VisionAgent starting analysis.
2026-07-30 21:21:21 - app.services.yolo_service - INFO - Running YOLO inference...
2026-07-30 21:21:22 - app.services.yolo_service - INFO - Detected 5 pothole(s).
2026-07-30 21:21:22 - app.agents.vision_agent - INFO - VisionAgent analysis complete. Found 5 items.
2026-07-30 21:21:22 - app.agents.vision_agent - INFO - VisionAgent starting analysis.
2026-07-30 21:21:22 - app.services.yolo_service - INFO - Running YOLO inference...
2026-07-30 21:21:22 - app.services.yolo_service - INFO - Detected 4 pothole(s).
2026-07-30 21:21:22 - app.agents.vision_agent - INFO - VisionAgent analysis complete. Found 4 items.
2026-07-30 21:21:22 - app.agents.vision_agent - INFO - VisionAgent starting analysis.
2026-07-30 21:21:22 - app.services.yolo_service - INFO - Running YOLO inference...
2026-07-30 21:21:23 - app.services.yolo_service - INFO - Detected 4 pothole(s).
2026-07-30 21:21:23 - app.agents.vision_agent - INFO - VisionAgent analysis complete. Found 4 items.
2026-07-30 21:21:23 - app.agents.vision_agent - INFO - VisionAgent starting analysis.
2026-07-30 21:21:23 - app.services.yolo_service - INFO - Running YOLO inference...
2026-07-30 21:21:23 - app.services.yolo_service - INFO - Detected 4 pothole(s).
2026-07-30 21:21:23 - app.agents.vision_agent - INFO - VisionAgent analysis complete. Found 4 items.
2026-07-30 21:21:23 - app.agents.vision_agent - INFO - VisionAgent starting analysis.
2026-07-30 21:21:23 - app.services.yolo_service - INFO - Running YOLO inference...
2026-07-30 21:21:24 - app.services.yolo_service - INFO - Detected 3 pothole(s).
2026-07-30 21:21:24 - app.agents.vision_agent - INFO - VisionAgent analysis complete. Found 3 items.
2026-07-30 21:21:24 - app.agents.vision_agent - INFO - VisionAgent starting analysis.
2026-07-30 21:21:24 - app.services.yolo_service - INFO - Running YOLO inference...
2026-07-30 21:21:24 - app.services.yolo_service - INFO - Detected 4 pothole(s).
2026-07-30 21:21:24 - app.agents.vision_agent - INFO - VisionAgent analysis complete. Found 4 items.
2026-07-30 21:21:24 - app.agents.vision_agent - INFO - VisionAgent starting analysis.
2026-07-30 21:21:24 - app.services.yolo_service - INFO - Running YOLO inference...
2026-07-30 21:21:25 - app.services.yolo_service - INFO - Detected 7 pothole(s).
2026-07-30 21:21:25 - app.agents.vision_agent - INFO - VisionAgent analysis complete. Found 7 items.
2026-07-30 21:21:25 - app.agents.vision_agent - INFO - VisionAgent starting analysis.
2026-07-30 21:21:25 - app.services.yolo_service - INFO - Running YOLO inference...
2026-07-30 21:21:25 - app.services.yolo_service - INFO - Detected 11 pothole(s).
2026-07-30 21:21:25 - app.agents.vision_agent - INFO - VisionAgent analysis complete. Found 11 items.
2026-07-30 21:21:25 - app.agents.vision_agent - INFO - VisionAgent starting analysis.
2026-07-30 21:21:25 - app.services.yolo_service - INFO - Running YOLO inference...
2026-07-30 21:21:26 - app.services.yolo_service - INFO - Detected 9 pothole(s).
2026-07-30 21:21:26 - app.agents.vision_agent - INFO - VisionAgent analysis complete. Found 9 items.
2026-07-30 21:21:26 - app.agents.vision_agent - INFO - VisionAgent starting analysis.
2026-07-30 21:21:26 - app.services.yolo_service - INFO - Running YOLO inference...
2026-07-30 21:21:26 - app.services.yolo_service - INFO - Detected 8 pothole(s).
2026-07-30 21:21:26 - app.agents.vision_agent - INFO - VisionAgent analysis complete. Found 8 items.
2026-07-30 21:21:27 - app.agents.vision_agent - INFO - VisionAgent starting analysis.
2026-07-30 21:21:27 - app.services.yolo_service - INFO - Running YOLO inference...
2026-07-30 21:21:27 - app.services.yolo_service - INFO - Detected 8 pothole(s).
2026-07-30 21:21:27 - app.agents.vision_agent - INFO - VisionAgent analysis complete. Found 8 items.
2026-07-30 21:21:27 - app.agents.vision_agent - INFO - VisionAgent starting analysis.
2026-07-30 21:21:27 - app.services.yolo_service - INFO - Running YOLO inference...
2026-07-30 21:21:27 - app.services.yolo_service - INFO - Detected 6 pothole(s).
2026-07-30 21:21:27 - app.agents.vision_agent - INFO - VisionAgent analysis complete. Found 6 items.
2026-07-30 21:21:28 - app.agents.vision_agent - INFO - VisionAgent starting analysis.
2026-07-30 21:21:28 - app.services.yolo_service - INFO - Running YOLO inference...
2026-07-30 21:21:28 - app.services.yolo_service - INFO - Detected 11 pothole(s).
2026-07-30 21:21:28 - app.agents.vision_agent - INFO - VisionAgent analysis complete. Found 11 items.
2026-07-30 21:21:28 - app.agents.vision_agent - INFO - VisionAgent starting analysis.
2026-07-30 21:21:28 - app.services.yolo_service - INFO - Running YOLO inference...
2026-07-30 21:21:28 - app.services.yolo_service - INFO - Detected 10 pothole(s).
2026-07-30 21:21:28 - app.agents.vision_agent - INFO - VisionAgent analysis complete. Found 10 items.
2026-07-30 21:21:29 - app.agents.vision_agent - INFO - VisionAgent starting analysis.
2026-07-30 21:21:29 - app.services.yolo_service - INFO - Running YOLO inference...
2026-07-30 21:21:29 - app.services.yolo_service - INFO - Detected 10 pothole(s).
2026-07-30 21:21:29 - app.agents.vision_agent - INFO - VisionAgent analysis complete. Found 10 items.
2026-07-30 21:21:29 - app.agents.vision_agent - INFO - VisionAgent starting analysis.
2026-07-30 21:21:29 - app.services.yolo_service - INFO - Running YOLO inference...
2026-07-30 21:21:29 - app.services.yolo_service - INFO - Detected 9 pothole(s).
2026-07-30 21:21:29 - app.agents.vision_agent - INFO - VisionAgent analysis complete. Found 9 items.
2026-07-30 21:21:30 - app.agents.vision_agent - INFO - VisionAgent starting analysis.
2026-07-30 21:21:30 - app.services.yolo_service - INFO - Running YOLO inference...
2026-07-30 21:21:30 - app.services.yolo_service - INFO - Detected 8 pothole(s).
2026-07-30 21:21:30 - app.agents.vision_agent - INFO - VisionAgent analysis complete. Found 8 items.
2026-07-30 21:21:30 - app.agents.vision_agent - INFO - VisionAgent starting analysis.
2026-07-30 21:21:30 - app.services.yolo_service - INFO - Running YOLO inference...
2026-07-30 21:21:31 - app.services.yolo_service - INFO - Detected 7 pothole(s).
2026-07-30 21:21:31 - app.agents.vision_agent - INFO - VisionAgent analysis complete. Found 7 items.
2026-07-30 21:21:31 - app.agents.vision_agent - INFO - VisionAgent starting analysis.
2026-07-30 21:21:31 - app.services.yolo_service - INFO - Running YOLO inference...
2026-07-30 21:21:31 - app.services.yolo_service - INFO - Detected 9 pothole(s).
2026-07-30 21:21:31 - app.agents.vision_agent - INFO - VisionAgent analysis complete. Found 9 items.
2026-07-30 21:21:31 - app.agents.vision_agent - INFO - VisionAgent starting analysis.
2026-07-30 21:21:31 - app.services.yolo_service - INFO - Running YOLO inference...
2026-07-30 21:21:32 - app.services.yolo_service - INFO - Detected 12 pothole(s).
2026-07-30 21:21:32 - app.agents.vision_agent - INFO - VisionAgent analysis complete. Found 12 items.
2026-07-30 21:21:32 - app.agents.vision_agent - INFO - VisionAgent starting analysis.
2026-07-30 21:21:32 - app.services.yolo_service - INFO - Running YOLO inference...
2026-07-30 21:21:32 - app.services.yolo_service - INFO - Detected 8 pothole(s).
2026-07-30 21:21:32 - app.agents.vision_agent - INFO - VisionAgent analysis complete. Found 8 items.
2026-07-30 21:21:33 - app.agents.vision_agent - INFO - VisionAgent starting analysis.
2026-07-30 21:21:33 - app.services.yolo_service - INFO - Running YOLO inference...
2026-07-30 21:21:33 - app.services.yolo_service - INFO - Detected 11 pothole(s).
2026-07-30 21:21:33 - app.agents.vision_agent - INFO - VisionAgent analysis complete. Found 11 items.
2026-07-30 21:21:33 - app.agents.vision_agent - INFO - VisionAgent starting analysis.
2026-07-30 21:21:33 - app.services.yolo_service - INFO - Running YOLO inference...
2026-07-30 21:21:34 - app.services.yolo_service - INFO - Detected 12 pothole(s).
2026-07-30 21:21:34 - app.agents.vision_agent - INFO - VisionAgent analysis complete. Found 12 items.
2026-07-30 21:21:34 - app.agents.vision_agent - INFO - VisionAgent starting analysis.
2026-07-30 21:21:34 - app.services.yolo_service - INFO - Running YOLO inference...
2026-07-30 21:21:34 - app.services.yolo_service - INFO - Detected 14 pothole(s).
2026-07-30 21:21:34 - app.agents.vision_agent - INFO - VisionAgent analysis complete. Found 14 items.
2026-07-30 21:21:34 - app.agents.vision_agent - INFO - VisionAgent starting analysis.
2026-07-30 21:21:34 - app.services.yolo_service - INFO - Running YOLO inference...
2026-07-30 21:21:35 - app.services.yolo_service - INFO - Detected 7 pothole(s).
2026-07-30 21:21:35 - app.agents.vision_agent - INFO - VisionAgent analysis complete. Found 7 items.
2026-07-30 21:21:35 - app.agents.vision_agent - INFO - VisionAgent starting analysis.
2026-07-30 21:21:35 - app.services.yolo_service - INFO - Running YOLO inference...
2026-07-30 21:21:35 - app.services.yolo_service - INFO - Detected 8 pothole(s).
2026-07-30 21:21:35 - app.agents.vision_agent - INFO - VisionAgent analysis complete. Found 8 items.
2026-07-30 21:21:36 - app.agents.vision_agent - INFO - VisionAgent starting analysis.
2026-07-30 21:21:36 - app.services.yolo_service - INFO - Running YOLO inference...
2026-07-30 21:21:36 - app.services.yolo_service - INFO - Detected 9 pothole(s).
2026-07-30 21:21:36 - app.agents.vision_agent - INFO - VisionAgent analysis complete. Found 9 items.
2026-07-30 21:21:36 - app.agents.vision_agent - INFO - VisionAgent starting analysis.
2026-07-30 21:21:36 - app.services.yolo_service - INFO - Running YOLO inference...
2026-07-30 21:21:36 - app.services.yolo_service - INFO - Detected 8 pothole(s).
2026-07-30 21:21:36 - app.agents.vision_agent - INFO - VisionAgent analysis complete. Found 8 items.
2026-07-30 21:21:37 - app.agents.vision_agent - INFO - VisionAgent starting analysis.
2026-07-30 21:21:37 - app.services.yolo_service - INFO - Running YOLO inference...
2026-07-30 21:21:37 - app.services.yolo_service - INFO - Detected 8 pothole(s).
2026-07-30 21:21:37 - app.agents.vision_agent - INFO - VisionAgent analysis complete. Found 8 items.
2026-07-30 21:21:37 - app.agents.vision_agent - INFO - VisionAgent starting analysis.
2026-07-30 21:21:37 - app.services.yolo_service - INFO - Running YOLO inference...
2026-07-30 21:21:38 - app.services.yolo_service - INFO - Detected 12 pothole(s).
2026-07-30 21:21:38 - app.agents.vision_agent - INFO - VisionAgent analysis complete. Found 12 items.
2026-07-30 21:21:38 - app.agents.vision_agent - INFO - VisionAgent starting analysis.
2026-07-30 21:21:38 - app.services.yolo_service - INFO - Running YOLO inference...
2026-07-30 21:21:38 - app.services.yolo_service - INFO - Detected 19 pothole(s).
2026-07-30 21:21:38 - app.agents.vision_agent - INFO - VisionAgent analysis complete. Found 19 items.
2026-07-30 21:21:39 - app.agents.vision_agent - INFO - VisionAgent starting analysis.
2026-07-30 21:21:39 - app.services.yolo_service - INFO - Running YOLO inference...
2026-07-30 21:21:39 - app.services.yolo_service - INFO - Detected 19 pothole(s).
2026-07-30 21:21:39 - app.agents.vision_agent - INFO - VisionAgent analysis complete. Found 19 items.
2026-07-30 21:21:39 - app.agents.vision_agent - INFO - VisionAgent starting analysis.
2026-07-30 21:21:39 - app.services.yolo_service - INFO - Running YOLO inference...
2026-07-30 21:21:40 - app.services.yolo_service - INFO - Detected 19 pothole(s).
2026-07-30 21:21:40 - app.agents.vision_agent - INFO - VisionAgent analysis complete. Found 19 items.
2026-07-30 21:21:40 - app.agents.vision_agent - INFO - VisionAgent starting analysis.
2026-07-30 21:21:40 - app.services.yolo_service - INFO - Running YOLO inference...
2026-07-30 21:21:40 - app.services.yolo_service - INFO - Detected 15 pothole(s).
2026-07-30 21:21:40 - app.agents.vision_agent - INFO - VisionAgent analysis complete. Found 15 items.
2026-07-30 21:21:41 - app.agents.vision_agent - INFO - VisionAgent starting analysis.
2026-07-30 21:21:41 - app.services.yolo_service - INFO - Running YOLO inference...
2026-07-30 21:21:41 - app.services.yolo_service - INFO - Detected 16 pothole(s).
2026-07-30 21:21:41 - app.agents.vision_agent - INFO - VisionAgent analysis complete. Found 16 items.
2026-07-30 21:21:41 - app.agents.vision_agent - INFO - VisionAgent starting analysis.
2026-07-30 21:21:41 - app.services.yolo_service - INFO - Running YOLO inference...
2026-07-30 21:21:42 - app.services.yolo_service - INFO - Detected 6 pothole(s).
2026-07-30 21:21:42 - app.agents.vision_agent - INFO - VisionAgent analysis complete. Found 6 items.
2026-07-30 21:21:42 - app.agents.vision_agent - INFO - VisionAgent starting analysis.
2026-07-30 21:21:42 - app.services.yolo_service - INFO - Running YOLO inference...
2026-07-30 21:21:43 - app.services.yolo_service - INFO - Detected 9 pothole(s).
2026-07-30 21:21:43 - app.agents.vision_agent - INFO - VisionAgent analysis complete. Found 9 items.
2026-07-30 21:21:43 - app.agents.vision_agent - INFO - VisionAgent starting analysis.
2026-07-30 21:21:43 - app.services.yolo_service - INFO - Running YOLO inference...
2026-07-30 21:21:43 - app.services.yolo_service - INFO - Detected 7 pothole(s).
2026-07-30 21:21:43 - app.agents.vision_agent - INFO - VisionAgent analysis complete. Found 7 items.
2026-07-30 21:21:43 - app.agents.vision_agent - INFO - VisionAgent starting analysis.
2026-07-30 21:21:43 - app.services.yolo_service - INFO - Running YOLO inference...
2026-07-30 21:21:44 - app.services.yolo_service - INFO - Detected 7 pothole(s).
2026-07-30 21:21:44 - app.agents.vision_agent - INFO - VisionAgent analysis complete. Found 7 items.
2026-07-30 21:21:44 - app.agents.vision_agent - INFO - VisionAgent starting analysis.
2026-07-30 21:21:44 - app.services.yolo_service - INFO - Running YOLO inference...
2026-07-30 21:21:44 - app.services.yolo_service - INFO - Detected 7 pothole(s).
2026-07-30 21:21:44 - app.agents.vision_agent - INFO - VisionAgent analysis complete. Found 7 items.
2026-07-30 21:21:45 - app.agents.vision_agent - INFO - VisionAgent starting analysis.
2026-07-30 21:21:45 - app.services.yolo_service - INFO - Running YOLO inference...
2026-07-30 21:21:45 - app.services.yolo_service - INFO - Detected 7 pothole(s).
2026-07-30 21:21:45 - app.agents.vision_agent - INFO - VisionAgent analysis complete. Found 7 items.
2026-07-30 21:21:45 - app.agents.vision_agent - INFO - VisionAgent starting analysis.
2026-07-30 21:21:45 - app.services.yolo_service - INFO - Running YOLO inference...
2026-07-30 21:21:45 - app.services.yolo_service - INFO - Detected 7 pothole(s).
2026-07-30 21:21:45 - app.agents.vision_agent - INFO - VisionAgent analysis complete. Found 7 items.
2026-07-30 21:21:46 - app.agents.vision_agent - INFO - VisionAgent starting analysis.
2026-07-30 21:21:46 - app.services.yolo_service - INFO - Running YOLO inference...
2026-07-30 21:21:46 - app.services.yolo_service - INFO - Detected 7 pothole(s).
2026-07-30 21:21:46 - app.agents.vision_agent - INFO - VisionAgent analysis complete. Found 7 items.
2026-07-30 21:21:46 - app.agents.vision_agent - INFO - VisionAgent starting analysis.
2026-07-30 21:21:46 - app.services.yolo_service - INFO - Running YOLO inference...
2026-07-30 21:21:47 - app.services.yolo_service - INFO - Detected 6 pothole(s).
2026-07-30 21:21:47 - app.agents.vision_agent - INFO - VisionAgent analysis complete. Found 6 items.
2026-07-30 21:21:47 - app.agents.vision_agent - INFO - VisionAgent starting analysis.
2026-07-30 21:21:47 - app.services.yolo_service - INFO - Running YOLO inference...
2026-07-30 21:21:47 - app.services.yolo_service - INFO - Detected 6 pothole(s).
2026-07-30 21:21:47 - app.agents.vision_agent - INFO - VisionAgent analysis complete. Found 6 items.
2026-07-30 21:21:48 - app.agents.vision_agent - INFO - VisionAgent starting analysis.
2026-07-30 21:21:48 - app.services.yolo_service - INFO - Running YOLO inference...
2026-07-30 21:21:48 - app.services.yolo_service - INFO - Detected 6 pothole(s).
2026-07-30 21:21:48 - app.agents.vision_agent - INFO - VisionAgent analysis complete. Found 6 items.
2026-07-30 21:21:48 - app.agents.vision_agent - INFO - VisionAgent starting analysis.
2026-07-30 21:21:48 - app.services.yolo_service - INFO - Running YOLO inference...
2026-07-30 21:21:48 - app.services.yolo_service - INFO - Detected 6 pothole(s).
2026-07-30 21:21:48 - app.agents.vision_agent - INFO - VisionAgent analysis complete. Found 6 items.
2026-07-30 21:21:49 - app.agents.vision_agent - INFO - VisionAgent starting analysis.
2026-07-30 21:21:49 - app.services.yolo_service - INFO - Running YOLO inference...
2026-07-30 21:21:49 - app.services.yolo_service - INFO - Detected 6 pothole(s).
2026-07-30 21:21:49 - app.agents.vision_agent - INFO - VisionAgent analysis complete. Found 6 items.
2026-07-30 21:21:49 - app.agents.vision_agent - INFO - VisionAgent starting analysis.
2026-07-30 21:21:49 - app.services.yolo_service - INFO - Running YOLO inference...
2026-07-30 21:21:50 - app.services.yolo_service - INFO - Detected 6 pothole(s).
2026-07-30 21:21:50 - app.agents.vision_agent - INFO - VisionAgent analysis complete. Found 6 items.
2026-07-30 21:21:50 - app.agents.vision_agent - INFO - VisionAgent starting analysis.
2026-07-30 21:21:50 - app.services.yolo_service - INFO - Running YOLO inference...
2026-07-30 21:21:50 - app.services.yolo_service - INFO - Detected 6 pothole(s).
2026-07-30 21:21:50 - app.agents.vision_agent - INFO - VisionAgent analysis complete. Found 6 items.
2026-07-30 21:21:52 - app.agents.vision_agent - INFO - VisionAgent starting analysis.
2026-07-30 21:21:52 - app.services.yolo_service - INFO - Running YOLO inference...
2026-07-30 21:21:52 - app.services.yolo_service - INFO - Detected 6 pothole(s).
2026-07-30 21:21:52 - app.agents.vision_agent - INFO - VisionAgent analysis complete. Found 6 items.
2026-07-30 21:21:53 - app.agents.vision_agent - INFO - VisionAgent starting analysis.
2026-07-30 21:21:53 - app.services.yolo_service - INFO - Running YOLO inference...
2026-07-30 21:21:53 - app.services.yolo_service - INFO - Detected 6 pothole(s).
2026-07-30 21:21:53 - app.agents.vision_agent - INFO - VisionAgent analysis complete. Found 6 items.
2026-07-30 21:21:55 - app.agents.vision_agent - INFO - VisionAgent starting analysis.
2026-07-30 21:21:55 - app.services.yolo_service - INFO - Running YOLO inference...
2026-07-30 21:21:55 - app.services.yolo_service - INFO - Detected 7 pothole(s).
2026-07-30 21:21:55 - app.agents.vision_agent - INFO - VisionAgent analysis complete. Found 7 items.
2026-07-30 21:21:56 - app.agents.vision_agent - INFO - VisionAgent starting analysis.
2026-07-30 21:21:56 - app.services.yolo_service - INFO - Running YOLO inference...
2026-07-30 21:21:56 - app.services.yolo_service - INFO - Detected 7 pothole(s).
2026-07-30 21:21:56 - app.agents.vision_agent - INFO - VisionAgent analysis complete. Found 7 items.
2026-07-30 21:21:57 - app.agents.vision_agent - INFO - VisionAgent starting analysis.
2026-07-30 21:21:57 - app.services.yolo_service - INFO - Running YOLO inference...
2026-07-30 21:21:58 - app.services.yolo_service - INFO - Detected 7 pothole(s).
2026-07-30 21:21:58 - app.agents.vision_agent - INFO - VisionAgent analysis complete. Found 7 items.
2026-07-30 21:21:59 - app.agents.vision_agent - INFO - VisionAgent starting analysis.
2026-07-30 21:21:59 - app.services.yolo_service - INFO - Running YOLO inference...
2026-07-30 21:21:59 - app.services.yolo_service - INFO - Detected 8 pothole(s).
2026-07-30 21:21:59 - app.agents.vision_agent - INFO - VisionAgent analysis complete. Found 8 items.
2026-07-30 21:22:00 - app.agents.vision_agent - INFO - VisionAgent starting analysis.
2026-07-30 21:22:00 - app.services.yolo_service - INFO - Running YOLO inference...
2026-07-30 21:22:00 - app.services.yolo_service - INFO - Detected 6 pothole(s).
2026-07-30 21:22:00 - app.agents.vision_agent - INFO - VisionAgent analysis complete. Found 6 items.
2026-07-30 21:22:02 - app.agents.vision_agent - INFO - VisionAgent starting analysis.
2026-07-30 21:22:02 - app.services.yolo_service - INFO - Running YOLO inference...
2026-07-30 21:22:02 - app.services.yolo_service - INFO - Detected 3 pothole(s).
2026-07-30 21:22:02 - app.agents.vision_agent - INFO - VisionAgent analysis complete. Found 3 items.
2026-07-30 21:22:03 - app.agents.vision_agent - INFO - VisionAgent starting analysis.
2026-07-30 21:22:03 - app.services.yolo_service - INFO - Running YOLO inference...
2026-07-30 21:22:03 - app.services.yolo_service - INFO - Detected 3 pothole(s).
2026-07-30 21:22:03 - app.agents.vision_agent - INFO - VisionAgent analysis complete. Found 3 items.
2026-07-30 21:22:04 - app.agents.vision_agent - INFO - VisionAgent starting analysis.
2026-07-30 21:22:04 - app.services.yolo_service - INFO - Running YOLO inference...
2026-07-30 21:22:05 - app.services.yolo_service - INFO - Detected 6 pothole(s).
2026-07-30 21:22:05 - app.agents.vision_agent - INFO - VisionAgent analysis complete. Found 6 items.
2026-07-30 21:22:06 - app.agents.vision_agent - INFO - VisionAgent starting analysis.
2026-07-30 21:22:06 - app.services.yolo_service - INFO - Running YOLO inference...
2026-07-30 21:22:06 - app.services.yolo_service - INFO - Detected 5 pothole(s).
2026-07-30 21:22:06 - app.agents.vision_agent - INFO - VisionAgent analysis complete. Found 5 items.
2026-07-30 21:22:07 - app.agents.vision_agent - INFO - VisionAgent starting analysis.
2026-07-30 21:22:07 - app.services.yolo_service - INFO - Running YOLO inference...
2026-07-30 21:22:07 - app.services.yolo_service - INFO - Detected 3 pothole(s).
2026-07-30 21:22:07 - app.agents.vision_agent - INFO - VisionAgent analysis complete. Found 3 items.
2026-07-30 21:22:09 - app.agents.vision_agent - INFO - VisionAgent starting analysis.
2026-07-30 21:22:09 - app.services.yolo_service - INFO - Running YOLO inference...
2026-07-30 21:22:09 - app.services.yolo_service - INFO - Detected 10 pothole(s).
2026-07-30 21:22:09 - app.agents.vision_agent - INFO - VisionAgent analysis complete. Found 10 items.
2026-07-30 21:22:10 - app.agents.vision_agent - INFO - VisionAgent starting analysis.
2026-07-30 21:22:10 - app.services.yolo_service - INFO - Running YOLO inference...
2026-07-30 21:22:10 - app.services.yolo_service - INFO - Detected 3 pothole(s).
2026-07-30 21:22:10 - app.agents.vision_agent - INFO - VisionAgent analysis complete. Found 3 items.
2026-07-30 21:22:12 - app.agents.vision_agent - INFO - VisionAgent starting analysis.
2026-07-30 21:22:12 - app.services.yolo_service - INFO - Running YOLO inference...
2026-07-30 21:22:12 - app.services.yolo_service - INFO - Detected 2 pothole(s).
2026-07-30 21:22:12 - app.agents.vision_agent - INFO - VisionAgent analysis complete. Found 2 items.
2026-07-30 21:22:13 - app.agents.vision_agent - INFO - VisionAgent starting analysis.
2026-07-30 21:22:13 - app.services.yolo_service - INFO - Running YOLO inference...
2026-07-30 21:22:13 - app.services.yolo_service - INFO - Detected 14 pothole(s).
2026-07-30 21:22:13 - app.agents.vision_agent - INFO - VisionAgent analysis complete. Found 14 items.
2026-07-30 21:22:14 - app.agents.vision_agent - INFO - VisionAgent starting analysis.
2026-07-30 21:22:14 - app.services.yolo_service - INFO - Running YOLO inference...
2026-07-30 21:22:14 - app.services.yolo_service - INFO - Detected 19 pothole(s).
2026-07-30 21:22:14 - app.agents.vision_agent - INFO - VisionAgent analysis complete. Found 19 items.
2026-07-30 21:22:16 - app.agents.vision_agent - INFO - VisionAgent starting analysis.
2026-07-30 21:22:16 - app.services.yolo_service - INFO - Running YOLO inference...
2026-07-30 21:22:16 - app.services.yolo_service - INFO - Detected 15 pothole(s).
2026-07-30 21:22:16 - app.agents.vision_agent - INFO - VisionAgent analysis complete. Found 15 items.
2026-07-30 21:22:17 - app.agents.vision_agent - INFO - VisionAgent starting analysis.
2026-07-30 21:22:17 - app.services.yolo_service - INFO - Running YOLO inference...
2026-07-30 21:22:17 - app.services.yolo_service - INFO - Detected 15 pothole(s).
2026-07-30 21:22:17 - app.agents.vision_agent - INFO - VisionAgent analysis complete. Found 15 items.
2026-07-30 21:22:19 - app.agents.vision_agent - INFO - VisionAgent starting analysis.
2026-07-30 21:22:19 - app.services.yolo_service - INFO - Running YOLO inference...
2026-07-30 21:22:19 - app.services.yolo_service - INFO - Detected 25 pothole(s).
2026-07-30 21:22:19 - app.agents.vision_agent - INFO - VisionAgent analysis complete. Found 25 items.
2026-07-30 21:22:20 - app.agents.vision_agent - INFO - VisionAgent starting analysis.
2026-07-30 21:22:20 - app.services.yolo_service - INFO - Running YOLO inference...
2026-07-30 21:22:20 - app.services.yolo_service - INFO - Detected 26 pothole(s).
2026-07-30 21:22:20 - app.agents.vision_agent - INFO - VisionAgent analysis complete. Found 26 items.
2026-07-30 21:22:21 - app.agents.vision_agent - INFO - VisionAgent starting analysis.
2026-07-30 21:22:21 - app.services.yolo_service - INFO - Running YOLO inference...
2026-07-30 21:22:22 - app.services.yolo_service - INFO - Detected 21 pothole(s).
2026-07-30 21:22:22 - app.agents.vision_agent - INFO - VisionAgent analysis complete. Found 21 items.
2026-07-30 21:22:23 - app.agents.vision_agent - INFO - VisionAgent starting analysis.
2026-07-30 21:22:23 - app.services.yolo_service - INFO - Running YOLO inference...
2026-07-30 21:22:23 - app.services.yolo_service - INFO - Detected 14 pothole(s).
2026-07-30 21:22:23 - app.agents.vision_agent - INFO - VisionAgent analysis complete. Found 14 items.
2026-07-30 21:22:24 - app.agents.vision_agent - INFO - VisionAgent starting analysis.
2026-07-30 21:22:24 - app.services.yolo_service - INFO - Running YOLO inference...
2026-07-30 21:22:24 - app.services.yolo_service - INFO - Detected 30 pothole(s).
2026-07-30 21:22:24 - app.agents.vision_agent - INFO - VisionAgent analysis complete. Found 30 items.
2026-07-30 21:22:26 - app.agents.vision_agent - INFO - VisionAgent starting analysis.
2026-07-30 21:22:26 - app.services.yolo_service - INFO - Running YOLO inference...
2026-07-30 21:22:26 - app.services.yolo_service - INFO - Detected 19 pothole(s).
2026-07-30 21:22:26 - app.agents.vision_agent - INFO - VisionAgent analysis complete. Found 19 items.
2026-07-30 21:22:27 - app.agents.vision_agent - INFO - VisionAgent starting analysis.
2026-07-30 21:22:27 - app.services.yolo_service - INFO - Running YOLO inference...
2026-07-30 21:22:27 - app.services.yolo_service - INFO - Detected 17 pothole(s).
2026-07-30 21:22:27 - app.agents.vision_agent - INFO - VisionAgent analysis complete. Found 17 items.
2026-07-30 21:22:28 - app.agents.vision_agent - INFO - VisionAgent starting analysis.
2026-07-30 21:22:28 - app.services.yolo_service - INFO - Running YOLO inference...
2026-07-30 21:22:29 - app.services.yolo_service - INFO - Detected 16 pothole(s).
2026-07-30 21:22:29 - app.agents.vision_agent - INFO - VisionAgent analysis complete. Found 16 items.
2026-07-30 21:22:30 - app.agents.vision_agent - INFO - VisionAgent starting analysis.
2026-07-30 21:22:30 - app.services.yolo_service - INFO - Running YOLO inference...
2026-07-30 21:22:30 - app.services.yolo_service - INFO - Detected 17 pothole(s).
2026-07-30 21:22:30 - app.agents.vision_agent - INFO - VisionAgent analysis complete. Found 17 items.
2026-07-30 21:22:31 - app.agents.vision_agent - INFO - VisionAgent starting analysis.
2026-07-30 21:22:31 - app.services.yolo_service - INFO - Running YOLO inference...
2026-07-30 21:22:31 - app.services.yolo_service - INFO - Detected 15 pothole(s).
2026-07-30 21:22:31 - app.agents.vision_agent - INFO - VisionAgent analysis complete. Found 15 items.
2026-07-30 21:22:33 - app.agents.vision_agent - INFO - VisionAgent starting analysis.
2026-07-30 21:22:33 - app.services.yolo_service - INFO - Running YOLO inference...
2026-07-30 21:22:33 - app.services.yolo_service - INFO - Detected 16 pothole(s).
2026-07-30 21:22:33 - app.agents.vision_agent - INFO - VisionAgent analysis complete. Found 16 items.
2026-07-30 21:22:34 - app.agents.vision_agent - INFO - VisionAgent starting analysis.
2026-07-30 21:22:34 - app.services.yolo_service - INFO - Running YOLO inference...
2026-07-30 21:22:34 - app.services.yolo_service - INFO - Detected 13 pothole(s).
2026-07-30 21:22:34 - app.agents.vision_agent - INFO - VisionAgent analysis complete. Found 13 items.
2026-07-30 21:22:36 - app.agents.vision_agent - INFO - VisionAgent starting analysis.
2026-07-30 21:22:36 - app.services.yolo_service - INFO - Running YOLO inference...
2026-07-30 21:22:36 - app.services.yolo_service - INFO - Detected 10 pothole(s).
2026-07-30 21:22:36 - app.agents.vision_agent - INFO - VisionAgent analysis complete. Found 10 items.
2026-07-30 21:22:37 - app.agents.vision_agent - INFO - VisionAgent starting analysis.
2026-07-30 21:22:37 - app.services.yolo_service - INFO - Running YOLO inference...
2026-07-30 21:22:37 - app.services.yolo_service - INFO - Detected 12 pothole(s).
2026-07-30 21:22:37 - app.agents.vision_agent - INFO - VisionAgent analysis complete. Found 12 items.
2026-07-30 21:22:38 - app.agents.vision_agent - INFO - VisionAgent starting analysis.
2026-07-30 21:22:38 - app.services.yolo_service - INFO - Running YOLO inference...
2026-07-30 21:22:38 - app.services.yolo_service - INFO - Detected 17 pothole(s).
2026-07-30 21:22:38 - app.agents.vision_agent - INFO - VisionAgent analysis complete. Found 17 items.
2026-07-30 21:22:40 - app.agents.vision_agent - INFO - VisionAgent starting analysis.
2026-07-30 21:22:40 - app.services.yolo_service - INFO - Running YOLO inference...
2026-07-30 21:22:40 - app.services.yolo_service - INFO - Detected 5 pothole(s).
2026-07-30 21:22:40 - app.agents.vision_agent - INFO - VisionAgent analysis complete. Found 5 items.
2026-07-30 21:22:41 - app.agents.vision_agent - INFO - VisionAgent starting analysis.
2026-07-30 21:22:41 - app.services.yolo_service - INFO - Running YOLO inference...
2026-07-30 21:22:41 - app.services.yolo_service - INFO - Detected 8 pothole(s).
2026-07-30 21:22:41 - app.agents.vision_agent - INFO - VisionAgent analysis complete. Found 8 items.
2026-07-30 21:22:43 - app.agents.vision_agent - INFO - VisionAgent starting analysis.
2026-07-30 21:22:43 - app.services.yolo_service - INFO - Running YOLO inference...
2026-07-30 21:22:43 - app.services.yolo_service - INFO - Detected 6 pothole(s).
2026-07-30 21:22:43 - app.agents.vision_agent - INFO - VisionAgent analysis complete. Found 6 items.
2026-07-30 21:22:44 - app.agents.vision_agent - INFO - VisionAgent starting analysis.
2026-07-30 21:22:44 - app.services.yolo_service - INFO - Running YOLO inference...
2026-07-30 21:22:44 - app.services.yolo_service - INFO - Detected 4 pothole(s).
2026-07-30 21:22:44 - app.agents.vision_agent - INFO - VisionAgent analysis complete. Found 4 items.
2026-07-30 21:22:46 - app.agents.vision_agent - INFO - VisionAgent starting analysis.
2026-07-30 21:22:46 - app.services.yolo_service - INFO - Running YOLO inference...
2026-07-30 21:22:46 - app.services.yolo_service - INFO - Detected 7 pothole(s).
2026-07-30 21:22:46 - app.agents.vision_agent - INFO - VisionAgent analysis complete. Found 7 items.
2026-07-30 21:22:47 - app.agents.vision_agent - INFO - VisionAgent starting analysis.
2026-07-30 21:22:47 - app.services.yolo_service - INFO - Running YOLO inference...
2026-07-30 21:22:47 - app.services.yolo_service - INFO - Detected 6 pothole(s).
2026-07-30 21:22:47 - app.agents.vision_agent - INFO - VisionAgent analysis complete. Found 6 items.
2026-07-30 21:22:48 - app.agents.vision_agent - INFO - VisionAgent starting analysis.
2026-07-30 21:22:48 - app.services.yolo_service - INFO - Running YOLO inference...
2026-07-30 21:22:49 - app.services.yolo_service - INFO - Detected 3 pothole(s).
2026-07-30 21:22:49 - app.agents.vision_agent - INFO - VisionAgent analysis complete. Found 3 items.
2026-07-30 21:22:50 - app.agents.vision_agent - INFO - VisionAgent starting analysis.
2026-07-30 21:22:50 - app.services.yolo_service - INFO - Running YOLO inference...
2026-07-30 21:22:50 - app.services.yolo_service - INFO - Detected 2 pothole(s).
2026-07-30 21:22:50 - app.agents.vision_agent - INFO - VisionAgent analysis complete. Found 2 items.
2026-07-30 21:22:51 - app.agents.vision_agent - INFO - VisionAgent starting analysis.
2026-07-30 21:22:51 - app.services.yolo_service - INFO - Running YOLO inference...
2026-07-30 21:22:51 - app.services.yolo_service - INFO - Detected 2 pothole(s).
2026-07-30 21:22:51 - app.agents.vision_agent - INFO - VisionAgent analysis complete. Found 2 items.
2026-07-30 21:22:53 - app.agents.vision_agent - INFO - VisionAgent starting analysis.
2026-07-30 21:22:53 - app.services.yolo_service - INFO - Running YOLO inference...
2026-07-30 21:22:53 - app.services.yolo_service - INFO - Detected 3 pothole(s).
2026-07-30 21:22:53 - app.agents.vision_agent - INFO - VisionAgent analysis complete. Found 3 items.
2026-07-30 21:22:54 - app.agents.vision_agent - INFO - VisionAgent starting analysis.
2026-07-30 21:22:54 - app.services.yolo_service - INFO - Running YOLO inference...
2026-07-30 21:22:54 - app.services.yolo_service - INFO - Detected 7 pothole(s).
2026-07-30 21:22:54 - app.agents.vision_agent - INFO - VisionAgent analysis complete. Found 7 items.
2026-07-30 21:22:55 - app.agents.vision_agent - INFO - VisionAgent starting analysis.
2026-07-30 21:22:55 - app.services.yolo_service - INFO - Running YOLO inference...
2026-07-30 21:22:56 - app.services.yolo_service - INFO - Detected 6 pothole(s).
2026-07-30 21:22:56 - app.agents.vision_agent - INFO - VisionAgent analysis complete. Found 6 items.
2026-07-30 21:22:56 - app.agents.vision_agent - INFO - VisionAgent starting analysis.
2026-07-30 21:22:56 - app.services.yolo_service - INFO - Running YOLO inference...
2026-07-30 21:22:56 - app.services.yolo_service - INFO - Detected 10 pothole(s).
2026-07-30 21:22:56 - app.agents.vision_agent - INFO - VisionAgent analysis complete. Found 10 items.
2026-07-30 21:22:56 - app.agents.vision_agent - INFO - VisionAgent starting analysis.
2026-07-30 21:22:56 - app.services.yolo_service - INFO - Running YOLO inference...
2026-07-30 21:22:57 - app.services.yolo_service - INFO - Detected 8 pothole(s).
2026-07-30 21:22:57 - app.agents.vision_agent - INFO - VisionAgent analysis complete. Found 8 items.
2026-07-30 21:22:57 - app.agents.vision_agent - INFO - VisionAgent starting analysis.
2026-07-30 21:22:57 - app.services.yolo_service - INFO - Running YOLO inference...
2026-07-30 21:22:57 - app.services.yolo_service - INFO - Detected 6 pothole(s).
2026-07-30 21:22:57 - app.agents.vision_agent - INFO - VisionAgent analysis complete. Found 6 items.
2026-07-30 21:22:57 - app.agents.vision_agent - INFO - VisionAgent starting analysis.
2026-07-30 21:22:57 - app.services.yolo_service - INFO - Running YOLO inference...
2026-07-30 21:22:58 - app.services.yolo_service - INFO - Detected 11 pothole(s).
2026-07-30 21:22:58 - app.agents.vision_agent - INFO - VisionAgent analysis complete. Found 11 items.
2026-07-30 21:23:40 - app.agents.vision_agent - INFO - VisionAgent starting analysis.
2026-07-30 21:23:40 - app.services.yolo_service - INFO - Running YOLO inference...
2026-07-30 21:23:40 - app.services.yolo_service - INFO - Detected 6 pothole(s).
2026-07-30 21:23:40 - app.agents.vision_agent - INFO - VisionAgent analysis complete. Found 6 items.
2026-07-30 21:23:40 - app.agents.vision_agent - INFO - VisionAgent starting analysis.
2026-07-30 21:23:40 - app.services.yolo_service - INFO - Running YOLO inference...
2026-07-30 21:23:40 - app.services.yolo_service - INFO - Detected 7 pothole(s).
2026-07-30 21:23:40 - app.agents.vision_agent - INFO - VisionAgent analysis complete. Found 7 items.
2026-07-30 21:23:41 - app.agents.vision_agent - INFO - VisionAgent starting analysis.
2026-07-30 21:23:41 - app.services.yolo_service - INFO - Running YOLO inference...
2026-07-30 21:23:41 - app.services.yolo_service - INFO - Detected 7 pothole(s).
2026-07-30 21:23:41 - app.agents.vision_agent - INFO - VisionAgent analysis complete. Found 7 items.
2026-07-30 21:23:41 - app.agents.vision_agent - INFO - VisionAgent starting analysis.
2026-07-30 21:23:41 - app.services.yolo_service - INFO - Running YOLO inference...
2026-07-30 21:23:41 - app.services.yolo_service - INFO - Detected 8 pothole(s).
2026-07-30 21:23:41 - app.agents.vision_agent - INFO - VisionAgent analysis complete. Found 8 items.
2026-07-30 21:23:42 - app.agents.vision_agent - INFO - VisionAgent starting analysis.
2026-07-30 21:23:42 - app.services.yolo_service - INFO - Running YOLO inference...
2026-07-30 21:23:42 - app.services.yolo_service - INFO - Detected 7 pothole(s).
2026-07-30 21:23:42 - app.agents.vision_agent - INFO - VisionAgent analysis complete. Found 7 items.
2026-07-30 21:23:42 - app.agents.vision_agent - INFO - VisionAgent starting analysis.
2026-07-30 21:23:42 - app.services.yolo_service - INFO - Running YOLO inference...
2026-07-30 21:23:42 - app.services.yolo_service - INFO - Detected 7 pothole(s).
2026-07-30 21:23:42 - app.agents.vision_agent - INFO - VisionAgent analysis complete. Found 7 items.
2026-07-30 21:23:43 - app.agents.vision_agent - INFO - VisionAgent starting analysis.
2026-07-30 21:23:43 - app.services.yolo_service - INFO - Running YOLO inference...
2026-07-30 21:23:43 - app.services.yolo_service - INFO - Detected 7 pothole(s).
2026-07-30 21:23:43 - app.agents.vision_agent - INFO - VisionAgent analysis complete. Found 7 items.
2026-07-30 21:23:43 - app.agents.vision_agent - INFO - VisionAgent starting analysis.
2026-07-30 21:23:43 - app.services.yolo_service - INFO - Running YOLO inference...
2026-07-30 21:23:44 - app.services.yolo_service - INFO - Detected 7 pothole(s).
2026-07-30 21:23:44 - app.agents.vision_agent - INFO - VisionAgent analysis complete. Found 7 items.
2026-07-30 21:23:44 - app.agents.vision_agent - INFO - VisionAgent starting analysis.
2026-07-30 21:23:44 - app.services.yolo_service - INFO - Running YOLO inference...
2026-07-30 21:23:44 - app.services.yolo_service - INFO - Detected 7 pothole(s).
2026-07-30 21:23:44 - app.agents.vision_agent - INFO - VisionAgent analysis complete. Found 7 items.
2026-07-30 21:23:46 - app.agents.vision_agent - INFO - VisionAgent starting analysis.
2026-07-30 21:23:46 - app.services.yolo_service - INFO - Running YOLO inference...
2026-07-30 21:23:46 - app.services.yolo_service - INFO - Detected 6 pothole(s).
2026-07-30 21:23:46 - app.agents.vision_agent - INFO - VisionAgent analysis complete. Found 6 items.
2026-07-30 21:23:47 - app.agents.vision_agent - INFO - VisionAgent starting analysis.
2026-07-30 21:23:47 - app.services.yolo_service - INFO - Running YOLO inference...
2026-07-30 21:23:47 - app.services.yolo_service - INFO - Detected 6 pothole(s).
2026-07-30 21:23:47 - app.agents.vision_agent - INFO - VisionAgent analysis complete. Found 6 items.
2026-07-30 21:23:47 - app.agents.vision_agent - INFO - VisionAgent starting analysis.
2026-07-30 21:23:47 - app.services.yolo_service - INFO - Running YOLO inference...
2026-07-30 21:23:47 - app.services.yolo_service - INFO - Detected 6 pothole(s).
2026-07-30 21:23:47 - app.agents.vision_agent - INFO - VisionAgent analysis complete. Found 6 items.
2026-07-30 21:23:47 - app.agents.vision_agent - INFO - VisionAgent starting analysis.
2026-07-30 21:23:47 - app.services.yolo_service - INFO - Running YOLO inference...
2026-07-30 21:23:48 - app.services.yolo_service - INFO - Detected 6 pothole(s).
2026-07-30 21:23:48 - app.agents.vision_agent - INFO - VisionAgent analysis complete. Found 6 items.
2026-07-30 21:23:48 - app.agents.vision_agent - INFO - VisionAgent starting analysis.
2026-07-30 21:23:48 - app.services.yolo_service - INFO - Running YOLO inference...
2026-07-30 21:23:48 - app.services.yolo_service - INFO - Detected 6 pothole(s).
2026-07-30 21:23:48 - app.agents.vision_agent - INFO - VisionAgent analysis complete. Found 6 items.
2026-07-30 21:23:48 - app.agents.vision_agent - INFO - VisionAgent starting analysis.
2026-07-30 21:23:48 - app.services.yolo_service - INFO - Running YOLO inference...
2026-07-30 21:23:49 - app.services.yolo_service - INFO - Detected 6 pothole(s).
2026-07-30 21:23:49 - app.agents.vision_agent - INFO - VisionAgent analysis complete. Found 6 items.
2026-07-30 21:23:49 - app.agents.vision_agent - INFO - VisionAgent starting analysis.
2026-07-30 21:23:49 - app.services.yolo_service - INFO - Running YOLO inference...
2026-07-30 21:23:49 - app.services.yolo_service - INFO - Detected 6 pothole(s).
2026-07-30 21:23:49 - app.agents.vision_agent - INFO - VisionAgent analysis complete. Found 6 items.
2026-07-30 21:23:49 - app.agents.vision_agent - INFO - VisionAgent starting analysis.
2026-07-30 21:23:49 - app.services.yolo_service - INFO - Running YOLO inference...
2026-07-30 21:23:50 - app.services.yolo_service - INFO - Detected 6 pothole(s).
2026-07-30 21:23:50 - app.agents.vision_agent - INFO - VisionAgent analysis complete. Found 6 items.
2026-07-30 21:23:50 - app.agents.vision_agent - INFO - VisionAgent starting analysis.
2026-07-30 21:23:50 - app.services.yolo_service - INFO - Running YOLO inference...
2026-07-30 21:23:50 - app.services.yolo_service - INFO - Detected 6 pothole(s).
2026-07-30 21:23:50 - app.agents.vision_agent - INFO - VisionAgent analysis complete. Found 6 items.
2026-07-30 21:23:51 - app.agents.vision_agent - INFO - VisionAgent starting analysis.
2026-07-30 21:23:51 - app.services.yolo_service - INFO - Running YOLO inference...
2026-07-30 21:23:51 - app.services.yolo_service - INFO - Detected 6 pothole(s).
2026-07-30 21:23:51 - app.agents.vision_agent - INFO - VisionAgent analysis complete. Found 6 items.
2026-07-30 21:23:51 - app.agents.vision_agent - INFO - VisionAgent starting analysis.
2026-07-30 21:23:51 - app.services.yolo_service - INFO - Running YOLO inference...
2026-07-30 21:23:51 - app.services.yolo_service - INFO - Detected 6 pothole(s).
2026-07-30 21:23:51 - app.agents.vision_agent - INFO - VisionAgent analysis complete. Found 6 items.
2026-07-30 21:23:52 - app.agents.vision_agent - INFO - VisionAgent starting analysis.
2026-07-30 21:23:52 - app.services.yolo_service - INFO - Running YOLO inference...
2026-07-30 21:23:52 - app.services.yolo_service - INFO - Detected 6 pothole(s).
2026-07-30 21:23:52 - app.agents.vision_agent - INFO - VisionAgent analysis complete. Found 6 items.
2026-07-30 21:23:52 - app.agents.vision_agent - INFO - VisionAgent starting analysis.
2026-07-30 21:23:52 - app.services.yolo_service - INFO - Running YOLO inference...
2026-07-30 21:23:52 - app.services.yolo_service - INFO - Detected 7 pothole(s).
2026-07-30 21:23:52 - app.agents.vision_agent - INFO - VisionAgent analysis complete. Found 7 items.
2026-07-30 21:23:53 - app.agents.vision_agent - INFO - VisionAgent starting analysis.
2026-07-30 21:23:53 - app.services.yolo_service - INFO - Running YOLO inference...
2026-07-30 21:23:53 - app.services.yolo_service - INFO - Detected 7 pothole(s).
2026-07-30 21:23:53 - app.agents.vision_agent - INFO - VisionAgent analysis complete. Found 7 items.
2026-07-30 21:23:53 - app.agents.vision_agent - INFO - VisionAgent starting analysis.
2026-07-30 21:23:53 - app.services.yolo_service - INFO - Running YOLO inference...
2026-07-30 21:23:53 - app.services.yolo_service - INFO - Detected 7 pothole(s).
2026-07-30 21:23:53 - app.agents.vision_agent - INFO - VisionAgent analysis complete. Found 7 items.
2026-07-30 21:23:54 - app.agents.vision_agent - INFO - VisionAgent starting analysis.
2026-07-30 21:23:54 - app.services.yolo_service - INFO - Running YOLO inference...
2026-07-30 21:23:54 - app.services.yolo_service - INFO - Detected 7 pothole(s).
2026-07-30 21:23:54 - app.agents.vision_agent - INFO - VisionAgent analysis complete. Found 7 items.
2026-07-30 21:23:54 - app.agents.vision_agent - INFO - VisionAgent starting analysis.
2026-07-30 21:23:54 - app.services.yolo_service - INFO - Running YOLO inference...
2026-07-30 21:23:55 - app.services.yolo_service - INFO - Detected 7 pothole(s).
2026-07-30 21:23:55 - app.agents.vision_agent - INFO - VisionAgent analysis complete. Found 7 items.
2026-07-30 21:23:55 - app.agents.vision_agent - INFO - VisionAgent starting analysis.
2026-07-30 21:23:55 - app.services.yolo_service - INFO - Running YOLO inference...
2026-07-30 21:23:55 - app.services.yolo_service - INFO - Detected 7 pothole(s).
2026-07-30 21:23:55 - app.agents.vision_agent - INFO - VisionAgent analysis complete. Found 7 items.
2026-07-30 21:23:55 - app.agents.vision_agent - INFO - VisionAgent starting analysis.
2026-07-30 21:23:55 - app.services.yolo_service - INFO - Running YOLO inference...
2026-07-30 21:23:56 - app.services.yolo_service - INFO - Detected 7 pothole(s).
2026-07-30 21:23:56 - app.agents.vision_agent - INFO - VisionAgent analysis complete. Found 7 items.
2026-07-30 21:23:56 - app.agents.vision_agent - INFO - VisionAgent starting analysis.
2026-07-30 21:23:56 - app.services.yolo_service - INFO - Running YOLO inference...
2026-07-30 21:23:56 - app.services.yolo_service - INFO - Detected 7 pothole(s).
2026-07-30 21:23:56 - app.agents.vision_agent - INFO - VisionAgent analysis complete. Found 7 items.
2026-07-30 21:23:56 - app.agents.vision_agent - INFO - VisionAgent starting analysis.
2026-07-30 21:23:56 - app.services.yolo_service - INFO - Running YOLO inference...
2026-07-30 21:23:57 - app.services.yolo_service - INFO - Detected 7 pothole(s).
2026-07-30 21:23:57 - app.agents.vision_agent - INFO - VisionAgent analysis complete. Found 7 items.
2026-07-30 21:23:57 - app.agents.vision_agent - INFO - VisionAgent starting analysis.
2026-07-30 21:23:57 - app.services.yolo_service - INFO - Running YOLO inference...
2026-07-30 21:23:57 - app.services.yolo_service - INFO - Detected 7 pothole(s).
2026-07-30 21:23:57 - app.agents.vision_agent - INFO - VisionAgent analysis complete. Found 7 items.
2026-07-30 21:23:57 - app.agents.vision_agent - INFO - VisionAgent starting analysis.
2026-07-30 21:23:57 - app.services.yolo_service - INFO - Running YOLO inference...
2026-07-30 21:23:58 - app.services.yolo_service - INFO - Detected 7 pothole(s).
2026-07-30 21:23:58 - app.agents.vision_agent - INFO - VisionAgent analysis complete. Found 7 items.
2026-07-30 21:23:58 - app.agents.vision_agent - INFO - VisionAgent starting analysis.
2026-07-30 21:23:58 - app.services.yolo_service - INFO - Running YOLO inference...
2026-07-30 21:23:58 - app.services.yolo_service - INFO - Detected 7 pothole(s).
2026-07-30 21:23:58 - app.agents.vision_agent - INFO - VisionAgent analysis complete. Found 7 items.
2026-07-30 21:23:59 - app.agents.vision_agent - INFO - VisionAgent starting analysis.
2026-07-30 21:23:59 - app.services.yolo_service - INFO - Running YOLO inference...
2026-07-30 21:23:59 - app.services.yolo_service - INFO - Detected 4 pothole(s).
2026-07-30 21:23:59 - app.agents.vision_agent - INFO - VisionAgent analysis complete. Found 4 items.
2026-07-30 21:23:59 - app.agents.vision_agent - INFO - VisionAgent starting analysis.
2026-07-30 21:23:59 - app.services.yolo_service - INFO - Running YOLO inference...
2026-07-30 21:23:59 - app.services.yolo_service - INFO - Detected 7 pothole(s).
2026-07-30 21:23:59 - app.agents.vision_agent - INFO - VisionAgent analysis complete. Found 7 items.
2026-07-30 21:24:00 - app.agents.vision_agent - INFO - VisionAgent starting analysis.
2026-07-30 21:24:00 - app.services.yolo_service - INFO - Running YOLO inference...
2026-07-30 21:24:00 - app.services.yolo_service - INFO - Detected 3 pothole(s).
2026-07-30 21:24:00 - app.agents.vision_agent - INFO - VisionAgent analysis complete. Found 3 items.
2026-07-30 21:24:00 - app.agents.vision_agent - INFO - VisionAgent starting analysis.
2026-07-30 21:24:00 - app.services.yolo_service - INFO - Running YOLO inference...
2026-07-30 21:24:00 - app.services.yolo_service - INFO - Detected 3 pothole(s).
2026-07-30 21:24:00 - app.agents.vision_agent - INFO - VisionAgent analysis complete. Found 3 items.
2026-07-30 21:24:01 - app.agents.vision_agent - INFO - VisionAgent starting analysis.
2026-07-30 21:24:01 - app.services.yolo_service - INFO - Running YOLO inference...
2026-07-30 21:24:01 - app.services.yolo_service - INFO - Detected 1 pothole(s).
2026-07-30 21:24:01 - app.agents.vision_agent - INFO - VisionAgent analysis complete. Found 1 items.
2026-07-30 21:24:01 - app.agents.vision_agent - INFO - VisionAgent starting analysis.
2026-07-30 21:24:01 - app.services.yolo_service - INFO - Running YOLO inference...
2026-07-30 21:24:01 - app.services.yolo_service - INFO - Detected 3 pothole(s).
2026-07-30 21:24:01 - app.agents.vision_agent - INFO - VisionAgent analysis complete. Found 3 items.
2026-07-30 21:24:02 - app.agents.vision_agent - INFO - VisionAgent starting analysis.
2026-07-30 21:24:02 - app.services.yolo_service - INFO - Running YOLO inference...
2026-07-30 21:24:02 - app.services.yolo_service - INFO - Detected 3 pothole(s).
2026-07-30 21:24:02 - app.agents.vision_agent - INFO - VisionAgent analysis complete. Found 3 items.
2026-07-30 21:24:02 - app.agents.vision_agent - INFO - VisionAgent starting analysis.
2026-07-30 21:24:02 - app.services.yolo_service - INFO - Running YOLO inference...
2026-07-30 21:24:03 - app.services.yolo_service - INFO - Detected 5 pothole(s).
2026-07-30 21:24:03 - app.agents.vision_agent - INFO - VisionAgent analysis complete. Found 5 items.
2026-07-30 21:24:03 - app.agents.vision_agent - INFO - VisionAgent starting analysis.
2026-07-30 21:24:03 - app.services.yolo_service - INFO - Running YOLO inference...
2026-07-30 21:24:03 - app.services.yolo_service - INFO - Detected 6 pothole(s).
2026-07-30 21:24:03 - app.agents.vision_agent - INFO - VisionAgent analysis complete. Found 6 items.
2026-07-30 21:24:03 - app.agents.vision_agent - INFO - VisionAgent starting analysis.
2026-07-30 21:24:03 - app.services.yolo_service - INFO - Running YOLO inference...
2026-07-30 21:24:04 - app.services.yolo_service - INFO - Detected 5 pothole(s).
2026-07-30 21:24:04 - app.agents.vision_agent - INFO - VisionAgent analysis complete. Found 5 items.
2026-07-30 21:24:04 - app.agents.vision_agent - INFO - VisionAgent starting analysis.
2026-07-30 21:24:04 - app.services.yolo_service - INFO - Running YOLO inference...
2026-07-30 21:24:04 - app.services.yolo_service - INFO - Detected 9 pothole(s).
2026-07-30 21:24:04 - app.agents.vision_agent - INFO - VisionAgent analysis complete. Found 9 items.
2026-07-30 21:24:04 - app.agents.vision_agent - INFO - VisionAgent starting analysis.
2026-07-30 21:24:04 - app.services.yolo_service - INFO - Running YOLO inference...
2026-07-30 21:24:05 - app.services.yolo_service - INFO - Detected 4 pothole(s).
2026-07-30 21:24:05 - app.agents.vision_agent - INFO - VisionAgent analysis complete. Found 4 items.
2026-07-30 21:24:05 - app.agents.vision_agent - INFO - VisionAgent starting analysis.
2026-07-30 21:24:05 - app.services.yolo_service - INFO - Running YOLO inference...
2026-07-30 21:24:05 - app.services.yolo_service - INFO - Detected 3 pothole(s).
2026-07-30 21:24:05 - app.agents.vision_agent - INFO - VisionAgent analysis complete. Found 3 items.
2026-07-30 21:24:05 - app.agents.vision_agent - INFO - VisionAgent starting analysis.
2026-07-30 21:24:05 - app.services.yolo_service - INFO - Running YOLO inference...
2026-07-30 21:24:06 - app.services.yolo_service - INFO - Detected 5 pothole(s).
2026-07-30 21:24:06 - app.agents.vision_agent - INFO - VisionAgent analysis complete. Found 5 items.
2026-07-30 21:24:06 - app.agents.vision_agent - INFO - VisionAgent starting analysis.
2026-07-30 21:24:06 - app.services.yolo_service - INFO - Running YOLO inference...
2026-07-30 21:24:06 - app.services.yolo_service - INFO - Detected 6 pothole(s).
2026-07-30 21:24:06 - app.agents.vision_agent - INFO - VisionAgent analysis complete. Found 6 items.
2026-07-30 21:24:07 - app.agents.vision_agent - INFO - VisionAgent starting analysis.
2026-07-30 21:24:07 - app.services.yolo_service - INFO - Running YOLO inference...
2026-07-30 21:24:07 - app.services.yolo_service - INFO - Detected 6 pothole(s).
2026-07-30 21:24:07 - app.agents.vision_agent - INFO - VisionAgent analysis complete. Found 6 items.
2026-07-30 21:24:39 - app.agents.vision_agent - INFO - VisionAgent starting analysis.
2026-07-30 21:24:39 - app.services.yolo_service - INFO - Running YOLO inference...
2026-07-30 21:24:39 - app.services.yolo_service - INFO - Detected 19 pothole(s).
2026-07-30 21:24:39 - app.agents.vision_agent - INFO - VisionAgent analysis complete. Found 19 items.
2026-07-30 21:26:51 - app.agents.vision_agent - INFO - VisionAgent starting analysis.
2026-07-30 21:26:51 - app.services.yolo_service - INFO - Running YOLO inference...
2026-07-30 21:26:51 - app.services.yolo_service - INFO - Detected 6 pothole(s).
2026-07-30 21:26:51 - app.agents.vision_agent - INFO - VisionAgent analysis complete. Found 6 items.
2026-07-30 21:26:51 - app.agents.vision_agent - INFO - VisionAgent starting analysis.
2026-07-30 21:26:51 - app.services.yolo_service - INFO - Running YOLO inference...
2026-07-30 21:26:52 - app.services.yolo_service - INFO - Detected 7 pothole(s).
2026-07-30 21:26:52 - app.agents.vision_agent - INFO - VisionAgent analysis complete. Found 7 items.
2026-07-30 21:26:52 - app.agents.vision_agent - INFO - VisionAgent starting analysis.
2026-07-30 21:26:52 - app.services.yolo_service - INFO - Running YOLO inference...
2026-07-30 21:26:52 - app.services.yolo_service - INFO - Detected 7 pothole(s).
2026-07-30 21:26:52 - app.agents.vision_agent - INFO - VisionAgent analysis complete. Found 7 items.
2026-07-30 21:26:52 - app.agents.vision_agent - INFO - VisionAgent starting analysis.
2026-07-30 21:26:52 - app.services.yolo_service - INFO - Running YOLO inference...
2026-07-30 21:26:53 - app.services.yolo_service - INFO - Detected 8 pothole(s).
2026-07-30 21:26:53 - app.agents.vision_agent - INFO - VisionAgent analysis complete. Found 8 items.
2026-07-30 21:26:53 - app.agents.vision_agent - INFO - VisionAgent starting analysis.
2026-07-30 21:26:53 - app.services.yolo_service - INFO - Running YOLO inference...
2026-07-30 21:26:53 - app.services.yolo_service - INFO - Detected 7 pothole(s).
2026-07-30 21:26:53 - app.agents.vision_agent - INFO - VisionAgent analysis complete. Found 7 items.
2026-07-30 21:26:54 - app.agents.vision_agent - INFO - VisionAgent starting analysis.
2026-07-30 21:26:54 - app.services.yolo_service - INFO - Running YOLO inference...
2026-07-30 21:26:55 - app.services.yolo_service - INFO - Detected 7 pothole(s).
2026-07-30 21:26:55 - app.agents.vision_agent - INFO - VisionAgent analysis complete. Found 7 items.
2026-07-30 21:26:55 - app.agents.vision_agent - INFO - VisionAgent starting analysis.
2026-07-30 21:26:55 - app.services.yolo_service - INFO - Running YOLO inference...
2026-07-30 21:26:55 - app.services.yolo_service - INFO - Detected 7 pothole(s).
2026-07-30 21:26:55 - app.agents.vision_agent - INFO - VisionAgent analysis complete. Found 7 items.
2026-07-30 21:26:55 - app.agents.vision_agent - INFO - VisionAgent starting analysis.
2026-07-30 21:26:55 - app.services.yolo_service - INFO - Running YOLO inference...
2026-07-30 21:26:56 - app.services.yolo_service - INFO - Detected 6 pothole(s).
2026-07-30 21:26:56 - app.agents.vision_agent - INFO - VisionAgent analysis complete. Found 6 items.
2026-07-30 21:26:56 - app.agents.vision_agent - INFO - VisionAgent starting analysis.
2026-07-30 21:26:56 - app.services.yolo_service - INFO - Running YOLO inference...
2026-07-30 21:26:56 - app.services.yolo_service - INFO - Detected 6 pothole(s).
2026-07-30 21:26:56 - app.agents.vision_agent - INFO - VisionAgent analysis complete. Found 6 items.
2026-07-30 21:26:56 - app.agents.vision_agent - INFO - VisionAgent starting analysis.
2026-07-30 21:26:56 - app.services.yolo_service - INFO - Running YOLO inference...
2026-07-30 21:26:57 - app.services.yolo_service - INFO - Detected 6 pothole(s).
2026-07-30 21:26:57 - app.agents.vision_agent - INFO - VisionAgent analysis complete. Found 6 items.
2026-07-30 21:26:57 - app.agents.vision_agent - INFO - VisionAgent starting analysis.
2026-07-30 21:26:57 - app.services.yolo_service - INFO - Running YOLO inference...
2026-07-30 21:26:57 - app.services.yolo_service - INFO - Detected 6 pothole(s).
2026-07-30 21:26:57 - app.agents.vision_agent - INFO - VisionAgent analysis complete. Found 6 items.
2026-07-30 21:26:57 - app.agents.vision_agent - INFO - VisionAgent starting analysis.
2026-07-30 21:26:57 - app.services.yolo_service - INFO - Running YOLO inference...
2026-07-30 21:26:57 - app.services.yolo_service - INFO - Detected 6 pothole(s).
2026-07-30 21:26:57 - app.agents.vision_agent - INFO - VisionAgent analysis complete. Found 6 items.
2026-07-30 21:26:57 - app.agents.vision_agent - INFO - VisionAgent starting analysis.
2026-07-30 21:26:57 - app.services.yolo_service - INFO - Running YOLO inference...
2026-07-30 21:26:58 - app.services.yolo_service - INFO - Detected 6 pothole(s).
2026-07-30 21:26:58 - app.agents.vision_agent - INFO - VisionAgent analysis complete. Found 6 items.
2026-07-30 21:26:58 - app.agents.vision_agent - INFO - VisionAgent starting analysis.
2026-07-30 21:26:58 - app.services.yolo_service - INFO - Running YOLO inference...
2026-07-30 21:26:58 - app.services.yolo_service - INFO - Detected 6 pothole(s).
2026-07-30 21:26:58 - app.agents.vision_agent - INFO - VisionAgent analysis complete. Found 6 items.
2026-07-30 21:26:59 - app.agents.vision_agent - INFO - VisionAgent starting analysis.
2026-07-30 21:26:59 - app.services.yolo_service - INFO - Running YOLO inference...
2026-07-30 21:26:59 - app.services.yolo_service - INFO - Detected 6 pothole(s).
2026-07-30 21:26:59 - app.agents.vision_agent - INFO - VisionAgent analysis complete. Found 6 items.
2026-07-30 21:26:59 - app.agents.vision_agent - INFO - VisionAgent starting analysis.
2026-07-30 21:26:59 - app.services.yolo_service - INFO - Running YOLO inference...
2026-07-30 21:26:59 - app.services.yolo_service - INFO - Detected 6 pothole(s).
2026-07-30 21:26:59 - app.agents.vision_agent - INFO - VisionAgent analysis complete. Found 6 items.
2026-07-30 21:26:59 - app.agents.vision_agent - INFO - VisionAgent starting analysis.
2026-07-30 21:26:59 - app.services.yolo_service - INFO - Running YOLO inference...
2026-07-30 21:26:59 - app.services.yolo_service - INFO - Detected 6 pothole(s).
2026-07-30 21:26:59 - app.agents.vision_agent - INFO - VisionAgent analysis complete. Found 6 items.
2026-07-30 21:27:00 - app.agents.vision_agent - INFO - VisionAgent starting analysis.
2026-07-30 21:27:00 - app.services.yolo_service - INFO - Running YOLO inference...
2026-07-30 21:27:00 - app.services.yolo_service - INFO - Detected 6 pothole(s).
2026-07-30 21:27:00 - app.agents.vision_agent - INFO - VisionAgent analysis complete. Found 6 items.
2026-07-30 21:27:01 - app.agents.vision_agent - INFO - VisionAgent starting analysis.
2026-07-30 21:27:01 - app.services.yolo_service - INFO - Running YOLO inference...
2026-07-30 21:27:01 - app.services.yolo_service - INFO - Detected 6 pothole(s).
2026-07-30 21:27:01 - app.agents.vision_agent - INFO - VisionAgent analysis complete. Found 6 items.
2026-07-30 21:27:01 - app.agents.vision_agent - INFO - VisionAgent starting analysis.
2026-07-30 21:27:01 - app.services.yolo_service - INFO - Running YOLO inference...
2026-07-30 21:27:02 - app.services.yolo_service - INFO - Detected 6 pothole(s).
2026-07-30 21:27:02 - app.agents.vision_agent - INFO - VisionAgent analysis complete. Found 6 items.
2026-07-30 21:27:02 - app.agents.vision_agent - INFO - VisionAgent starting analysis.
2026-07-30 21:27:02 - app.services.yolo_service - INFO - Running YOLO inference...
2026-07-30 21:27:02 - app.services.yolo_service - INFO - Detected 6 pothole(s).
2026-07-30 21:27:02 - app.agents.vision_agent - INFO - VisionAgent analysis complete. Found 6 items.
2026-07-30 21:27:02 - app.agents.vision_agent - INFO - VisionAgent starting analysis.
2026-07-30 21:27:02 - app.services.yolo_service - INFO - Running YOLO inference...
2026-07-30 21:27:03 - app.services.yolo_service - INFO - Detected 6 pothole(s).
2026-07-30 21:27:03 - app.agents.vision_agent - INFO - VisionAgent analysis complete. Found 6 items.
2026-07-30 21:27:03 - app.agents.vision_agent - INFO - VisionAgent starting analysis.
2026-07-30 21:27:03 - app.services.yolo_service - INFO - Running YOLO inference...
2026-07-30 21:27:03 - app.services.yolo_service - INFO - Detected 7 pothole(s).
2026-07-30 21:27:03 - app.agents.vision_agent - INFO - VisionAgent analysis complete. Found 7 items.
2026-07-30 21:27:03 - app.agents.vision_agent - INFO - VisionAgent starting analysis.
2026-07-30 21:27:03 - app.services.yolo_service - INFO - Running YOLO inference...
2026-07-30 21:27:03 - app.services.yolo_service - INFO - Detected 7 pothole(s).
2026-07-30 21:27:03 - app.agents.vision_agent - INFO - VisionAgent analysis complete. Found 7 items.
2026-07-30 21:27:04 - app.agents.vision_agent - INFO - VisionAgent starting analysis.
2026-07-30 21:27:04 - app.services.yolo_service - INFO - Running YOLO inference...
2026-07-30 21:27:04 - app.services.yolo_service - INFO - Detected 7 pothole(s).
2026-07-30 21:27:04 - app.agents.vision_agent - INFO - VisionAgent analysis complete. Found 7 items.
2026-07-30 21:27:04 - app.agents.vision_agent - INFO - VisionAgent starting analysis.
2026-07-30 21:27:04 - app.services.yolo_service - INFO - Running YOLO inference...
2026-07-30 21:27:04 - app.services.yolo_service - INFO - Detected 7 pothole(s).
2026-07-30 21:27:04 - app.agents.vision_agent - INFO - VisionAgent analysis complete. Found 7 items.
2026-07-30 21:27:05 - app.agents.vision_agent - INFO - VisionAgent starting analysis.
2026-07-30 21:27:05 - app.services.yolo_service - INFO - Running YOLO inference...
2026-07-30 21:27:05 - app.services.yolo_service - INFO - Detected 7 pothole(s).
2026-07-30 21:27:05 - app.agents.vision_agent - INFO - VisionAgent analysis complete. Found 7 items.
2026-07-30 21:27:05 - app.agents.vision_agent - INFO - VisionAgent starting analysis.
2026-07-30 21:27:05 - app.services.yolo_service - INFO - Running YOLO inference...
2026-07-30 21:27:06 - app.services.yolo_service - INFO - Detected 7 pothole(s).
2026-07-30 21:27:06 - app.agents.vision_agent - INFO - VisionAgent analysis complete. Found 7 items.
2026-07-30 21:27:06 - app.agents.vision_agent - INFO - VisionAgent starting analysis.
2026-07-30 21:27:06 - app.services.yolo_service - INFO - Running YOLO inference...
2026-07-30 21:27:06 - app.services.yolo_service - INFO - Detected 7 pothole(s).
2026-07-30 21:27:06 - app.agents.vision_agent - INFO - VisionAgent analysis complete. Found 7 items.
2026-07-30 21:27:06 - app.agents.vision_agent - INFO - VisionAgent starting analysis.
2026-07-30 21:27:06 - app.services.yolo_service - INFO - Running YOLO inference...
2026-07-30 21:27:07 - app.services.yolo_service - INFO - Detected 7 pothole(s).
2026-07-30 21:27:07 - app.agents.vision_agent - INFO - VisionAgent analysis complete. Found 7 items.
2026-07-30 21:27:07 - app.agents.vision_agent - INFO - VisionAgent starting analysis.
2026-07-30 21:27:07 - app.services.yolo_service - INFO - Running YOLO inference...
2026-07-30 21:27:07 - app.services.yolo_service - INFO - Detected 7 pothole(s).
2026-07-30 21:27:07 - app.agents.vision_agent - INFO - VisionAgent analysis complete. Found 7 items.
2026-07-30 21:27:07 - app.agents.vision_agent - INFO - VisionAgent starting analysis.
2026-07-30 21:27:07 - app.services.yolo_service - INFO - Running YOLO inference...
2026-07-30 21:27:08 - app.services.yolo_service - INFO - Detected 7 pothole(s).
2026-07-30 21:27:08 - app.agents.vision_agent - INFO - VisionAgent analysis complete. Found 7 items.
2026-07-30 21:27:08 - app.agents.vision_agent - INFO - VisionAgent starting analysis.
2026-07-30 21:27:08 - app.services.yolo_service - INFO - Running YOLO inference...
2026-07-30 21:27:08 - app.services.yolo_service - INFO - Detected 7 pothole(s).
2026-07-30 21:27:08 - app.agents.vision_agent - INFO - VisionAgent analysis complete. Found 7 items.
2026-07-30 21:27:09 - app.agents.vision_agent - INFO - VisionAgent starting analysis.
2026-07-30 21:27:09 - app.services.yolo_service - INFO - Running YOLO inference...
2026-07-30 21:27:09 - app.services.yolo_service - INFO - Detected 7 pothole(s).
2026-07-30 21:27:09 - app.agents.vision_agent - INFO - VisionAgent analysis complete. Found 7 items.
2026-07-30 21:27:09 - app.agents.vision_agent - INFO - VisionAgent starting analysis.
2026-07-30 21:27:09 - app.services.yolo_service - INFO - Running YOLO inference...
2026-07-30 21:27:10 - app.services.yolo_service - INFO - Detected 7 pothole(s).
2026-07-30 21:27:10 - app.agents.vision_agent - INFO - VisionAgent analysis complete. Found 7 items.
2026-07-30 21:27:10 - app.agents.vision_agent - INFO - VisionAgent starting analysis.
2026-07-30 21:27:10 - app.services.yolo_service - INFO - Running YOLO inference...
2026-07-30 21:27:10 - app.services.yolo_service - INFO - Detected 19 pothole(s).
2026-07-30 21:27:10 - app.agents.vision_agent - INFO - VisionAgent analysis complete. Found 19 items.
2026-07-30 21:27:10 - app.agents.vision_agent - INFO - VisionAgent starting analysis.
2026-07-30 21:27:10 - app.services.yolo_service - INFO - Running YOLO inference...
2026-07-30 21:27:11 - app.services.yolo_service - INFO - Detected 20 pothole(s).
2026-07-30 21:27:11 - app.agents.vision_agent - INFO - VisionAgent analysis complete. Found 20 items.
2026-07-30 21:27:11 - app.agents.vision_agent - INFO - VisionAgent starting analysis.
2026-07-30 21:27:11 - app.services.yolo_service - INFO - Running YOLO inference...
2026-07-30 21:27:11 - app.services.yolo_service - INFO - Detected 14 pothole(s).
2026-07-30 21:27:11 - app.agents.vision_agent - INFO - VisionAgent analysis complete. Found 14 items.
2026-07-30 21:27:11 - app.agents.vision_agent - INFO - VisionAgent starting analysis.
2026-07-30 21:27:11 - app.services.yolo_service - INFO - Running YOLO inference...
2026-07-30 21:27:12 - app.services.yolo_service - INFO - Detected 24 pothole(s).
2026-07-30 21:27:12 - app.agents.vision_agent - INFO - VisionAgent analysis complete. Found 24 items.
2026-07-30 21:27:12 - app.agents.vision_agent - INFO - VisionAgent starting analysis.
2026-07-30 21:27:12 - app.services.yolo_service - INFO - Running YOLO inference...
2026-07-30 21:27:12 - app.services.yolo_service - INFO - Detected 15 pothole(s).
2026-07-30 21:27:12 - app.agents.vision_agent - INFO - VisionAgent analysis complete. Found 15 items.
2026-07-30 21:27:13 - app.agents.vision_agent - INFO - VisionAgent starting analysis.
2026-07-30 21:27:13 - app.services.yolo_service - INFO - Running YOLO inference...
2026-07-30 21:27:13 - app.services.yolo_service - INFO - Detected 4 pothole(s).
2026-07-30 21:27:13 - app.agents.vision_agent - INFO - VisionAgent analysis complete. Found 4 items.
2026-07-30 21:27:13 - app.agents.vision_agent - INFO - VisionAgent starting analysis.
2026-07-30 21:27:13 - app.services.yolo_service - INFO - Running YOLO inference...
2026-07-30 21:27:13 - app.services.yolo_service - INFO - Detected 3 pothole(s).
2026-07-30 21:27:13 - app.agents.vision_agent - INFO - VisionAgent analysis complete. Found 3 items.
2026-07-30 21:27:14 - app.agents.vision_agent - INFO - VisionAgent starting analysis.
2026-07-30 21:27:14 - app.services.yolo_service - INFO - Running YOLO inference...
2026-07-30 21:27:14 - app.services.yolo_service - INFO - Detected 4 pothole(s).
2026-07-30 21:27:14 - app.agents.vision_agent - INFO - VisionAgent analysis complete. Found 4 items.
2026-07-30 21:27:14 - app.agents.vision_agent - INFO - VisionAgent starting analysis.
2026-07-30 21:27:14 - app.services.yolo_service - INFO - Running YOLO inference...
2026-07-30 21:27:14 - app.services.yolo_service - INFO - Detected 6 pothole(s).
2026-07-30 21:27:14 - app.agents.vision_agent - INFO - VisionAgent analysis complete. Found 6 items.
2026-07-30 21:27:15 - app.agents.vision_agent - INFO - VisionAgent starting analysis.
2026-07-30 21:27:15 - app.services.yolo_service - INFO - Running YOLO inference...
2026-07-30 21:27:16 - app.services.yolo_service - INFO - Detected 4 pothole(s).
2026-07-30 21:27:16 - app.agents.vision_agent - INFO - VisionAgent analysis complete. Found 4 items.
2026-07-30 21:28:07 - app.api.predict - INFO - Received prediction request from user anonymous at (12.84158135085779, 80.15749311261406)
2026-07-30 21:28:08 - app.agents.orchestrator - INFO - Starting orchestration pipeline for report d826b20b-ba4a-4338-a1ed-6ead022f93df by user anonymous
2026-07-30 21:28:08 - app.agents.orchestrator - INFO - -> Calling Vision Agent
2026-07-30 21:28:08 - app.agents.vision_agent - INFO - VisionAgent starting analysis.
2026-07-30 21:28:08 - app.services.yolo_service - INFO - Running YOLO inference...
2026-07-30 21:28:08 - app.services.yolo_service - WARNING - YOLO returned no results object.
2026-07-30 21:28:08 - app.agents.vision_agent - INFO - VisionAgent analysis complete. Found 0 items.
2026-07-30 21:28:08 - app.agents.orchestrator - INFO - -> Calling Weather Agent
2026-07-30 21:28:10 - app.agents.orchestrator - WARNING - Weather Agent HTTP call failed (All connection attempts failed). Falling back to mock data.
2026-07-30 21:28:10 - app.agents.orchestrator - INFO - -> Calling Memory Agent (Stub)
2026-07-30 21:28:14 - app.services.database_service - INFO - Found 1 reports within 500m.
2026-07-30 21:28:14 - app.agents.orchestrator - INFO - -> Calling Gemma Reasoning Agent
2026-07-30 21:28:14 - app.agents.orchestrator - INFO - -> Calling Planning Agent
2026-07-30 21:28:14 - app.agents.orchestrator - INFO - -> Calling Report Agent
2026-07-30 21:28:14 - app.agents.orchestrator - INFO - -> Saving final report to Firestore
2026-07-30 21:28:15 - app.services.database_service - INFO - Successfully saved report d826b20b-ba4a-4338-a1ed-6ead022f93df
2026-07-30 21:28:15 - app.agents.orchestrator - INFO - Orchestration complete for report d826b20b-ba4a-4338-a1ed-6ead022f93df
2026-07-30 21:35:54 - app.models.loaders - INFO - Initialized ModelLoader singleton.
2026-07-30 21:35:54 - app.agents.vision_agent - INFO - VisionAgent initialized.
2026-07-30 21:35:54 - app.database.firebase - INFO - Initializing Firebase with credentials from C:\Users\MONALISA DAS\RoadGuardianAI\firebase-credentials.json
2026-07-30 21:35:54 - app.database.firebase - INFO - Successfully initialized Firebase Admin SDK.
2026-07-30 21:35:54 - app.database.firebase - INFO - Firestore client created.
2026-07-30 21:36:03 - app.models.loaders - INFO - Initialized ModelLoader singleton.
2026-07-30 21:36:03 - app.agents.vision_agent - INFO - VisionAgent initialized.
2026-07-30 21:36:03 - app.database.firebase - INFO - Initializing Firebase with credentials from C:\Users\MONALISA DAS\RoadGuardianAI\firebase-credentials.json
2026-07-30 21:36:03 - app.database.firebase - INFO - Successfully initialized Firebase Admin SDK.
2026-07-30 21:36:03 - app.database.firebase - INFO - Firestore client created.
2026-07-30 21:36:16 - app.models.loaders - INFO - Initialized ModelLoader singleton.
2026-07-30 21:36:16 - app.agents.vision_agent - INFO - VisionAgent initialized.
2026-07-30 21:36:16 - app.database.firebase - INFO - Initializing Firebase with credentials from C:\Users\MONALISA DAS\RoadGuardianAI\firebase-credentials.json
2026-07-30 21:36:16 - app.database.firebase - INFO - Successfully initialized Firebase Admin SDK.
2026-07-30 21:36:16 - app.database.firebase - INFO - Firestore client created.
2026-07-30 21:36:52 - app.models.loaders - INFO - Initialized ModelLoader singleton.
2026-07-30 21:36:52 - app.agents.vision_agent - INFO - VisionAgent initialized.
2026-07-30 21:36:52 - app.database.firebase - INFO - Initializing Firebase with credentials from C:\Users\MONALISA DAS\RoadGuardianAI\firebase-credentials.json
2026-07-30 21:36:52 - app.database.firebase - INFO - Successfully initialized Firebase Admin SDK.
2026-07-30 21:36:52 - app.database.firebase - INFO - Firestore client created.
2026-07-30 21:39:41 - app.agents.vision_agent - INFO - VisionAgent starting analysis.
2026-07-30 21:39:41 - app.models.loaders - INFO - Loading YOLOv8 pothole model from C:\Users\MONALISA DAS\RoadGuardianAI\backend\app\models\pothole\best.pt...
2026-07-30 21:39:41 - app.models.loaders - INFO - Successfully loaded YOLOv8 pothole model.
2026-07-30 21:39:41 - app.services.yolo_service - INFO - Running YOLO inference...
2026-07-30 21:39:46 - app.services.yolo_service - INFO - Media analyzed. Computed Severity: 10
2026-07-30 21:39:46 - app.agents.vision_agent - INFO - VisionAgent analysis complete. Found 1 items.
2026-07-30 21:40:00 - app.agents.vision_agent - INFO - VisionAgent starting analysis.
2026-07-30 21:40:00 - app.services.yolo_service - INFO - Running YOLO inference...
2026-07-30 21:40:01 - app.services.yolo_service - INFO - Media analyzed. Computed Severity: 10
2026-07-30 21:40:01 - app.agents.vision_agent - INFO - VisionAgent analysis complete. Found 1 items.
2026-07-30 21:40:01 - app.agents.vision_agent - INFO - VisionAgent starting analysis.
2026-07-30 21:40:01 - app.services.yolo_service - INFO - Running YOLO inference...
2026-07-30 21:40:01 - app.services.yolo_service - INFO - Media analyzed. Computed Severity: 10
2026-07-30 21:40:01 - app.agents.vision_agent - INFO - VisionAgent analysis complete. Found 1 items.
2026-07-30 21:40:02 - app.agents.vision_agent - INFO - VisionAgent starting analysis.
2026-07-30 21:40:02 - app.services.yolo_service - INFO - Running YOLO inference...
2026-07-30 21:40:02 - app.services.yolo_service - INFO - Media analyzed. Computed Severity: 10
2026-07-30 21:40:02 - app.agents.vision_agent - INFO - VisionAgent analysis complete. Found 1 items.
2026-07-30 21:40:03 - app.agents.vision_agent - INFO - VisionAgent starting analysis.
2026-07-30 21:40:03 - app.services.yolo_service - INFO - Running YOLO inference...
2026-07-30 21:40:03 - app.services.yolo_service - INFO - Media analyzed. Computed Severity: 10
2026-07-30 21:40:03 - app.agents.vision_agent - INFO - VisionAgent analysis complete. Found 1 items.
2026-07-30 21:40:03 - app.agents.vision_agent - INFO - VisionAgent starting analysis.
2026-07-30 21:40:03 - app.services.yolo_service - INFO - Running YOLO inference...
2026-07-30 21:40:03 - app.services.yolo_service - INFO - Media analyzed. Computed Severity: 10
2026-07-30 21:40:03 - app.agents.vision_agent - INFO - VisionAgent analysis complete. Found 1 items.
2026-07-30 21:40:04 - app.agents.vision_agent - INFO - VisionAgent starting analysis.
2026-07-30 21:40:04 - app.services.yolo_service - INFO - Running YOLO inference...
2026-07-30 21:40:04 - app.services.yolo_service - INFO - Media analyzed. Computed Severity: 10
2026-07-30 21:40:04 - app.agents.vision_agent - INFO - VisionAgent analysis complete. Found 1 items.
2026-07-30 21:40:04 - app.agents.vision_agent - INFO - VisionAgent starting analysis.
2026-07-30 21:40:04 - app.services.yolo_service - INFO - Running YOLO inference...
2026-07-30 21:40:05 - app.services.yolo_service - INFO - Media analyzed. Computed Severity: 10
2026-07-30 21:40:05 - app.agents.vision_agent - INFO - VisionAgent analysis complete. Found 1 items.
2026-07-30 21:40:05 - app.agents.vision_agent - INFO - VisionAgent starting analysis.
2026-07-30 21:40:05 - app.services.yolo_service - INFO - Running YOLO inference...
2026-07-30 21:40:05 - app.services.yolo_service - INFO - Media analyzed. Computed Severity: 10
2026-07-30 21:40:05 - app.agents.vision_agent - INFO - VisionAgent analysis complete. Found 1 items.
2026-07-30 21:40:06 - app.agents.vision_agent - INFO - VisionAgent starting analysis.
2026-07-30 21:40:06 - app.services.yolo_service - INFO - Running YOLO inference...
2026-07-30 21:40:06 - app.services.yolo_service - INFO - Media analyzed. Computed Severity: 10
2026-07-30 21:40:06 - app.agents.vision_agent - INFO - VisionAgent analysis complete. Found 1 items.
2026-07-30 21:40:06 - app.agents.vision_agent - INFO - VisionAgent starting analysis.
2026-07-30 21:40:06 - app.services.yolo_service - INFO - Running YOLO inference...
2026-07-30 21:40:06 - app.services.yolo_service - INFO - Media analyzed. Computed Severity: 10
2026-07-30 21:40:06 - app.agents.vision_agent - INFO - VisionAgent analysis complete. Found 1 items.
2026-07-30 21:40:06 - app.agents.vision_agent - INFO - VisionAgent starting analysis.
2026-07-30 21:40:06 - app.services.yolo_service - INFO - Running YOLO inference...
2026-07-30 21:40:07 - app.services.yolo_service - INFO - Media analyzed. Computed Severity: 10
2026-07-30 21:40:07 - app.agents.vision_agent - INFO - VisionAgent analysis complete. Found 1 items.
2026-07-30 21:40:07 - app.agents.vision_agent - INFO - VisionAgent starting analysis.
2026-07-30 21:40:07 - app.services.yolo_service - INFO - Running YOLO inference...
2026-07-30 21:40:07 - app.services.yolo_service - INFO - Media analyzed. Computed Severity: 10
2026-07-30 21:40:07 - app.agents.vision_agent - INFO - VisionAgent analysis complete. Found 1 items.
2026-07-30 21:40:07 - app.agents.vision_agent - INFO - VisionAgent starting analysis.
2026-07-30 21:40:07 - app.services.yolo_service - INFO - Running YOLO inference...
2026-07-30 21:40:08 - app.services.yolo_service - INFO - Media analyzed. Computed Severity: 10
2026-07-30 21:40:08 - app.agents.vision_agent - INFO - VisionAgent analysis complete. Found 1 items.
2026-07-30 21:40:08 - app.agents.vision_agent - INFO - VisionAgent starting analysis.
2026-07-30 21:40:08 - app.services.yolo_service - INFO - Running YOLO inference...
2026-07-30 21:40:08 - app.services.yolo_service - INFO - Media analyzed. Computed Severity: 10
2026-07-30 21:40:08 - app.agents.vision_agent - INFO - VisionAgent analysis complete. Found 1 items.
2026-07-30 21:40:09 - app.agents.vision_agent - INFO - VisionAgent starting analysis.
2026-07-30 21:40:09 - app.services.yolo_service - INFO - Running YOLO inference...
2026-07-30 21:40:09 - app.services.yolo_service - INFO - Media analyzed. Computed Severity: 10
2026-07-30 21:40:09 - app.agents.vision_agent - INFO - VisionAgent analysis complete. Found 1 items.
2026-07-30 21:40:09 - app.agents.vision_agent - INFO - VisionAgent starting analysis.
2026-07-30 21:40:09 - app.services.yolo_service - INFO - Running YOLO inference...
2026-07-30 21:40:09 - app.services.yolo_service - INFO - Media analyzed. Computed Severity: 10
2026-07-30 21:40:09 - app.agents.vision_agent - INFO - VisionAgent analysis complete. Found 1 items.
2026-07-30 21:40:10 - app.agents.vision_agent - INFO - VisionAgent starting analysis.
2026-07-30 21:40:10 - app.services.yolo_service - INFO - Running YOLO inference...
2026-07-30 21:40:10 - app.services.yolo_service - INFO - Media analyzed. Computed Severity: 10
2026-07-30 21:40:10 - app.agents.vision_agent - INFO - VisionAgent analysis complete. Found 1 items.
2026-07-30 21:40:10 - app.agents.vision_agent - INFO - VisionAgent starting analysis.
2026-07-30 21:40:10 - app.services.yolo_service - INFO - Running YOLO inference...
2026-07-30 21:40:10 - app.services.yolo_service - INFO - Media analyzed. Computed Severity: 10
2026-07-30 21:40:10 - app.agents.vision_agent - INFO - VisionAgent analysis complete. Found 1 items.
2026-07-30 21:40:11 - app.agents.vision_agent - INFO - VisionAgent starting analysis.
2026-07-30 21:40:11 - app.services.yolo_service - INFO - Running YOLO inference...
2026-07-30 21:40:11 - app.services.yolo_service - INFO - Media analyzed. Computed Severity: 10
2026-07-30 21:40:11 - app.agents.vision_agent - INFO - VisionAgent analysis complete. Found 1 items.
2026-07-30 21:40:12 - app.agents.vision_agent - INFO - VisionAgent starting analysis.
2026-07-30 21:40:12 - app.services.yolo_service - INFO - Running YOLO inference...
2026-07-30 21:40:12 - app.services.yolo_service - INFO - Media analyzed. Computed Severity: 10
2026-07-30 21:40:12 - app.agents.vision_agent - INFO - VisionAgent analysis complete. Found 1 items.
2026-07-30 21:40:12 - app.agents.vision_agent - INFO - VisionAgent starting analysis.
2026-07-30 21:40:12 - app.services.yolo_service - INFO - Running YOLO inference...
2026-07-30 21:40:12 - app.services.yolo_service - INFO - Media analyzed. Computed Severity: 10
2026-07-30 21:40:12 - app.agents.vision_agent - INFO - VisionAgent analysis complete. Found 1 items.
2026-07-30 21:40:13 - app.agents.vision_agent - INFO - VisionAgent starting analysis.
2026-07-30 21:40:13 - app.services.yolo_service - INFO - Running YOLO inference...
2026-07-30 21:40:13 - app.services.yolo_service - INFO - Media analyzed. Computed Severity: 10
2026-07-30 21:40:13 - app.agents.vision_agent - INFO - VisionAgent analysis complete. Found 1 items.
2026-07-30 21:40:13 - app.agents.vision_agent - INFO - VisionAgent starting analysis.
2026-07-30 21:40:13 - app.services.yolo_service - INFO - Running YOLO inference...
2026-07-30 21:40:13 - app.services.yolo_service - INFO - Media analyzed. Computed Severity: 10
2026-07-30 21:40:13 - app.agents.vision_agent - INFO - VisionAgent analysis complete. Found 1 items.
2026-07-30 21:40:13 - app.agents.vision_agent - INFO - VisionAgent starting analysis.
2026-07-30 21:40:13 - app.services.yolo_service - INFO - Running YOLO inference...
2026-07-30 21:40:14 - app.services.yolo_service - INFO - Media analyzed. Computed Severity: 10
2026-07-30 21:40:14 - app.agents.vision_agent - INFO - VisionAgent analysis complete. Found 1 items.
2026-07-30 21:40:14 - app.agents.vision_agent - INFO - VisionAgent starting analysis.
2026-07-30 21:40:14 - app.services.yolo_service - INFO - Running YOLO inference...
2026-07-30 21:40:14 - app.services.yolo_service - INFO - Media analyzed. Computed Severity: 10
2026-07-30 21:40:14 - app.agents.vision_agent - INFO - VisionAgent analysis complete. Found 1 items.
2026-07-30 21:40:14 - app.agents.vision_agent - INFO - VisionAgent starting analysis.
2026-07-30 21:40:14 - app.services.yolo_service - INFO - Running YOLO inference...
2026-07-30 21:40:15 - app.services.yolo_service - INFO - Media analyzed. Computed Severity: 10
2026-07-30 21:40:15 - app.agents.vision_agent - INFO - VisionAgent analysis complete. Found 1 items.
2026-07-30 21:40:15 - app.agents.vision_agent - INFO - VisionAgent starting analysis.
2026-07-30 21:40:15 - app.services.yolo_service - INFO - Running YOLO inference...
2026-07-30 21:40:15 - app.services.yolo_service - INFO - Media analyzed. Computed Severity: 10
2026-07-30 21:40:15 - app.agents.vision_agent - INFO - VisionAgent analysis complete. Found 1 items.
2026-07-30 21:40:15 - app.agents.vision_agent - INFO - VisionAgent starting analysis.
2026-07-30 21:40:15 - app.services.yolo_service - INFO - Running YOLO inference...
2026-07-30 21:40:15 - app.services.yolo_service - INFO - Media analyzed. Computed Severity: 10
2026-07-30 21:40:15 - app.agents.vision_agent - INFO - VisionAgent analysis complete. Found 1 items.
2026-07-30 21:40:16 - app.agents.vision_agent - INFO - VisionAgent starting analysis.
2026-07-30 21:40:16 - app.services.yolo_service - INFO - Running YOLO inference...
2026-07-30 21:40:16 - app.services.yolo_service - INFO - Media analyzed. Computed Severity: 10
2026-07-30 21:40:16 - app.agents.vision_agent - INFO - VisionAgent analysis complete. Found 1 items.
2026-07-30 21:40:16 - app.agents.vision_agent - INFO - VisionAgent starting analysis.
2026-07-30 21:40:16 - app.services.yolo_service - INFO - Running YOLO inference...
2026-07-30 21:40:16 - app.services.yolo_service - INFO - Media analyzed. Computed Severity: 5
2026-07-30 21:40:16 - app.agents.vision_agent - INFO - VisionAgent analysis complete. Found 1 items.
2026-07-30 21:40:17 - app.agents.vision_agent - INFO - VisionAgent starting analysis.
2026-07-30 21:40:17 - app.services.yolo_service - INFO - Running YOLO inference...
2026-07-30 21:40:17 - app.services.yolo_service - INFO - Media analyzed. Computed Severity: 5
2026-07-30 21:40:17 - app.agents.vision_agent - INFO - VisionAgent analysis complete. Found 1 items.
2026-07-30 21:40:17 - app.agents.vision_agent - INFO - VisionAgent starting analysis.
2026-07-30 21:40:17 - app.services.yolo_service - INFO - Running YOLO inference...
2026-07-30 21:40:17 - app.services.yolo_service - INFO - Media analyzed. Computed Severity: 5
2026-07-30 21:40:17 - app.agents.vision_agent - INFO - VisionAgent analysis complete. Found 1 items.
2026-07-30 21:40:18 - app.agents.vision_agent - INFO - VisionAgent starting analysis.
2026-07-30 21:40:18 - app.services.yolo_service - INFO - Running YOLO inference...
2026-07-30 21:40:18 - app.services.yolo_service - INFO - Media analyzed. Computed Severity: 5
2026-07-30 21:40:18 - app.agents.vision_agent - INFO - VisionAgent analysis complete. Found 1 items.
2026-07-30 21:40:18 - app.agents.vision_agent - INFO - VisionAgent starting analysis.
2026-07-30 21:40:18 - app.services.yolo_service - INFO - Running YOLO inference...
2026-07-30 21:40:18 - app.services.yolo_service - INFO - Media analyzed. Computed Severity: 6
2026-07-30 21:40:18 - app.agents.vision_agent - INFO - VisionAgent analysis complete. Found 1 items.
2026-07-30 21:40:18 - app.agents.vision_agent - INFO - VisionAgent starting analysis.
2026-07-30 21:40:18 - app.services.yolo_service - INFO - Running YOLO inference...
2026-07-30 21:40:19 - app.services.yolo_service - INFO - Media analyzed. Computed Severity: 4
2026-07-30 21:40:19 - app.agents.vision_agent - INFO - VisionAgent analysis complete. Found 1 items.
2026-07-30 21:40:19 - app.agents.vision_agent - INFO - VisionAgent starting analysis.
2026-07-30 21:40:19 - app.services.yolo_service - INFO - Running YOLO inference...
2026-07-30 21:40:19 - app.services.yolo_service - INFO - Media analyzed. Computed Severity: 3
2026-07-30 21:40:19 - app.agents.vision_agent - INFO - VisionAgent analysis complete. Found 1 items.
2026-07-30 21:40:19 - app.agents.vision_agent - INFO - VisionAgent starting analysis.
2026-07-30 21:40:19 - app.services.yolo_service - INFO - Running YOLO inference...
2026-07-30 21:40:20 - app.services.yolo_service - INFO - Media analyzed. Computed Severity: 4
2026-07-30 21:40:20 - app.agents.vision_agent - INFO - VisionAgent analysis complete. Found 1 items.
2026-07-30 21:40:21 - app.agents.vision_agent - INFO - VisionAgent starting analysis.
2026-07-30 21:40:21 - app.services.yolo_service - INFO - Running YOLO inference...
2026-07-30 21:40:21 - app.services.yolo_service - INFO - Media analyzed. Computed Severity: 2
2026-07-30 21:40:21 - app.agents.vision_agent - INFO - VisionAgent analysis complete. Found 1 items.
2026-07-30 21:40:22 - app.agents.vision_agent - INFO - VisionAgent starting analysis.
2026-07-30 21:40:22 - app.services.yolo_service - INFO - Running YOLO inference...
2026-07-30 21:40:22 - app.services.yolo_service - INFO - Media analyzed. Computed Severity: 8
2026-07-30 21:40:22 - app.agents.vision_agent - INFO - VisionAgent analysis complete. Found 1 items.
2026-07-30 21:40:24 - app.agents.vision_agent - INFO - VisionAgent starting analysis.
2026-07-30 21:40:24 - app.services.yolo_service - INFO - Running YOLO inference...
2026-07-30 21:40:24 - app.services.yolo_service - INFO - Media analyzed. Computed Severity: 1
2026-07-30 21:40:24 - app.agents.vision_agent - INFO - VisionAgent analysis complete. Found 1 items.
2026-07-30 21:40:25 - app.agents.vision_agent - INFO - VisionAgent starting analysis.
2026-07-30 21:40:25 - app.services.yolo_service - INFO - Running YOLO inference...
2026-07-30 21:40:25 - app.services.yolo_service - INFO - Media analyzed. Computed Severity: 2
2026-07-30 21:40:25 - app.agents.vision_agent - INFO - VisionAgent analysis complete. Found 1 items.
2026-07-30 21:40:26 - app.agents.vision_agent - INFO - VisionAgent starting analysis.
2026-07-30 21:40:26 - app.services.yolo_service - INFO - Running YOLO inference...
2026-07-30 21:40:27 - app.services.yolo_service - INFO - Media analyzed. Computed Severity: 4
2026-07-30 21:40:27 - app.agents.vision_agent - INFO - VisionAgent analysis complete. Found 1 items.
2026-07-30 21:40:28 - app.agents.vision_agent - INFO - VisionAgent starting analysis.
2026-07-30 21:40:28 - app.services.yolo_service - INFO - Running YOLO inference...
2026-07-30 21:40:28 - app.services.yolo_service - INFO - Media analyzed. Computed Severity: 4
2026-07-30 21:40:28 - app.agents.vision_agent - INFO - VisionAgent analysis complete. Found 1 items.
2026-07-30 21:40:29 - app.agents.vision_agent - INFO - VisionAgent starting analysis.
2026-07-30 21:40:29 - app.services.yolo_service - INFO - Running YOLO inference...
2026-07-30 21:40:29 - app.services.yolo_service - INFO - Media analyzed. Computed Severity: 2
2026-07-30 21:40:29 - app.agents.vision_agent - INFO - VisionAgent analysis complete. Found 1 items.
2026-07-30 21:40:31 - app.agents.vision_agent - INFO - VisionAgent starting analysis.
2026-07-30 21:40:31 - app.services.yolo_service - INFO - Running YOLO inference...
2026-07-30 21:40:31 - app.services.yolo_service - INFO - Media analyzed. Computed Severity: 1
2026-07-30 21:40:31 - app.agents.vision_agent - INFO - VisionAgent analysis complete. Found 1 items.
2026-07-30 21:40:32 - app.agents.vision_agent - INFO - VisionAgent starting analysis.
2026-07-30 21:40:32 - app.services.yolo_service - INFO - Running YOLO inference...
2026-07-30 21:40:32 - app.services.yolo_service - INFO - Media analyzed. Computed Severity: 6
2026-07-30 21:40:32 - app.agents.vision_agent - INFO - VisionAgent analysis complete. Found 1 items.
2026-07-30 21:40:33 - app.agents.vision_agent - INFO - VisionAgent starting analysis.
2026-07-30 21:40:33 - app.services.yolo_service - INFO - Running YOLO inference...
2026-07-30 21:40:34 - app.services.yolo_service - INFO - Media analyzed. Computed Severity: 10
2026-07-30 21:40:34 - app.agents.vision_agent - INFO - VisionAgent analysis complete. Found 1 items.
2026-07-30 21:40:35 - app.agents.vision_agent - INFO - VisionAgent starting analysis.
2026-07-30 21:40:35 - app.services.yolo_service - INFO - Running YOLO inference...
2026-07-30 21:40:35 - app.services.yolo_service - INFO - Media analyzed. Computed Severity: 10
2026-07-30 21:40:35 - app.agents.vision_agent - INFO - VisionAgent analysis complete. Found 1 items.
2026-07-30 21:40:36 - app.agents.vision_agent - INFO - VisionAgent starting analysis.
2026-07-30 21:40:36 - app.services.yolo_service - INFO - Running YOLO inference...
2026-07-30 21:40:36 - app.services.yolo_service - INFO - Media analyzed. Computed Severity: 10
2026-07-30 21:40:36 - app.agents.vision_agent - INFO - VisionAgent analysis complete. Found 1 items.
2026-07-30 21:40:38 - app.agents.vision_agent - INFO - VisionAgent starting analysis.
2026-07-30 21:40:38 - app.services.yolo_service - INFO - Running YOLO inference...
2026-07-30 21:40:38 - app.services.yolo_service - INFO - Media analyzed. Computed Severity: 8
2026-07-30 21:40:38 - app.agents.vision_agent - INFO - VisionAgent analysis complete. Found 1 items.
2026-07-30 21:40:39 - app.agents.vision_agent - INFO - VisionAgent starting analysis.
2026-07-30 21:40:39 - app.services.yolo_service - INFO - Running YOLO inference...
2026-07-30 21:40:39 - app.services.yolo_service - INFO - Media analyzed. Computed Severity: 10
2026-07-30 21:40:39 - app.agents.vision_agent - INFO - VisionAgent analysis complete. Found 1 items.
2026-07-30 21:40:40 - app.agents.vision_agent - INFO - VisionAgent starting analysis.
2026-07-30 21:40:40 - app.services.yolo_service - INFO - Running YOLO inference...
2026-07-30 21:40:41 - app.services.yolo_service - INFO - Media analyzed. Computed Severity: 7
2026-07-30 21:40:41 - app.agents.vision_agent - INFO - VisionAgent analysis complete. Found 1 items.
2026-07-30 21:40:42 - app.agents.vision_agent - INFO - VisionAgent starting analysis.
2026-07-30 21:40:42 - app.services.yolo_service - INFO - Running YOLO inference...
2026-07-30 21:40:42 - app.services.yolo_service - INFO - Media analyzed. Computed Severity: 9
2026-07-30 21:40:42 - app.agents.vision_agent - INFO - VisionAgent analysis complete. Found 1 items.
2026-07-30 21:40:43 - app.agents.vision_agent - INFO - VisionAgent starting analysis.
2026-07-30 21:40:43 - app.services.yolo_service - INFO - Running YOLO inference...
2026-07-30 21:40:43 - app.services.yolo_service - INFO - Media analyzed. Computed Severity: 6
2026-07-30 21:40:43 - app.agents.vision_agent - INFO - VisionAgent analysis complete. Found 1 items.
2026-07-30 21:40:45 - app.agents.vision_agent - INFO - VisionAgent starting analysis.
2026-07-30 21:40:45 - app.services.yolo_service - INFO - Running YOLO inference...
2026-07-30 21:40:45 - app.services.yolo_service - INFO - Media analyzed. Computed Severity: 8
2026-07-30 21:40:45 - app.agents.vision_agent - INFO - VisionAgent analysis complete. Found 1 items.
2026-07-30 21:40:45 - app.agents.vision_agent - INFO - VisionAgent starting analysis.
2026-07-30 21:40:45 - app.services.yolo_service - INFO - Running YOLO inference...
2026-07-30 21:40:45 - app.services.yolo_service - INFO - Media analyzed. Computed Severity: 5
2026-07-30 21:40:45 - app.agents.vision_agent - INFO - VisionAgent analysis complete. Found 1 items.
2026-07-30 21:40:45 - app.agents.vision_agent - INFO - VisionAgent starting analysis.
2026-07-30 21:40:45 - app.services.yolo_service - INFO - Running YOLO inference...
2026-07-30 21:40:45 - app.services.yolo_service - INFO - Media analyzed. Computed Severity: 7
2026-07-30 21:40:45 - app.agents.vision_agent - INFO - VisionAgent analysis complete. Found 1 items.
2026-07-30 21:40:46 - app.agents.vision_agent - INFO - VisionAgent starting analysis.
2026-07-30 21:40:46 - app.services.yolo_service - INFO - Running YOLO inference...
2026-07-30 21:40:46 - app.services.yolo_service - INFO - Media analyzed. Computed Severity: 4
2026-07-30 21:40:46 - app.agents.vision_agent - INFO - VisionAgent analysis complete. Found 1 items.
2026-07-30 21:40:46 - app.agents.vision_agent - INFO - VisionAgent starting analysis.
2026-07-30 21:40:46 - app.services.yolo_service - INFO - Running YOLO inference...
2026-07-30 21:40:46 - app.services.yolo_service - INFO - Media analyzed. Computed Severity: 8
2026-07-30 21:40:46 - app.agents.vision_agent - INFO - VisionAgent analysis complete. Found 1 items.
2026-07-30 21:40:47 - app.agents.vision_agent - INFO - VisionAgent starting analysis.
2026-07-30 21:40:47 - app.services.yolo_service - INFO - Running YOLO inference...
2026-07-30 21:40:47 - app.services.yolo_service - INFO - Media analyzed. Computed Severity: 10
2026-07-30 21:40:47 - app.agents.vision_agent - INFO - VisionAgent analysis complete. Found 1 items.
2026-07-30 21:40:47 - app.agents.vision_agent - INFO - VisionAgent starting analysis.
2026-07-30 21:40:47 - app.services.yolo_service - INFO - Running YOLO inference...
2026-07-30 21:40:47 - app.services.yolo_service - INFO - Media analyzed. Computed Severity: 10
2026-07-30 21:40:47 - app.agents.vision_agent - INFO - VisionAgent analysis complete. Found 1 items.
2026-07-30 21:40:48 - app.agents.vision_agent - INFO - VisionAgent starting analysis.
2026-07-30 21:40:48 - app.services.yolo_service - INFO - Running YOLO inference...
2026-07-30 21:40:48 - app.services.yolo_service - INFO - Media analyzed. Computed Severity: 10
2026-07-30 21:40:48 - app.agents.vision_agent - INFO - VisionAgent analysis complete. Found 1 items.
2026-07-30 21:40:48 - app.agents.vision_agent - INFO - VisionAgent starting analysis.
2026-07-30 21:40:48 - app.services.yolo_service - INFO - Running YOLO inference...
2026-07-30 21:40:48 - app.services.yolo_service - INFO - Media analyzed. Computed Severity: 6
2026-07-30 21:40:48 - app.agents.vision_agent - INFO - VisionAgent analysis complete. Found 1 items.
2026-07-30 21:40:49 - app.agents.vision_agent - INFO - VisionAgent starting analysis.
2026-07-30 21:40:49 - app.services.yolo_service - INFO - Running YOLO inference...
2026-07-30 21:40:49 - app.services.yolo_service - INFO - Media analyzed. Computed Severity: 3
2026-07-30 21:40:49 - app.agents.vision_agent - INFO - VisionAgent analysis complete. Found 1 items.
2026-07-30 21:40:49 - app.agents.vision_agent - INFO - VisionAgent starting analysis.
2026-07-30 21:40:49 - app.services.yolo_service - INFO - Running YOLO inference...
2026-07-30 21:40:49 - app.services.yolo_service - INFO - Media analyzed. Computed Severity: 4
2026-07-30 21:40:49 - app.agents.vision_agent - INFO - VisionAgent analysis complete. Found 1 items.
2026-07-30 21:40:50 - app.agents.vision_agent - INFO - VisionAgent starting analysis.
2026-07-30 21:40:50 - app.services.yolo_service - INFO - Running YOLO inference...
2026-07-30 21:40:50 - app.services.yolo_service - INFO - Media analyzed. Computed Severity: 7
2026-07-30 21:40:50 - app.agents.vision_agent - INFO - VisionAgent analysis complete. Found 1 items.
2026-07-30 21:40:50 - app.agents.vision_agent - INFO - VisionAgent starting analysis.
2026-07-30 21:40:50 - app.services.yolo_service - INFO - Running YOLO inference...
2026-07-30 21:40:50 - app.services.yolo_service - INFO - Media analyzed. Computed Severity: 10
2026-07-30 21:40:50 - app.agents.vision_agent - INFO - VisionAgent analysis complete. Found 1 items.
2026-07-30 21:40:51 - app.agents.vision_agent - INFO - VisionAgent starting analysis.
2026-07-30 21:40:51 - app.services.yolo_service - INFO - Running YOLO inference...
2026-07-30 21:40:51 - app.services.yolo_service - INFO - Media analyzed. Computed Severity: 10
2026-07-30 21:40:51 - app.agents.vision_agent - INFO - VisionAgent analysis complete. Found 1 items.
2026-07-30 21:40:51 - app.agents.vision_agent - INFO - VisionAgent starting analysis.
2026-07-30 21:40:51 - app.services.yolo_service - INFO - Running YOLO inference...
2026-07-30 21:40:51 - app.services.yolo_service - INFO - Media analyzed. Computed Severity: 10
2026-07-30 21:40:51 - app.agents.vision_agent - INFO - VisionAgent analysis complete. Found 1 items.
2026-07-30 21:40:51 - app.agents.vision_agent - INFO - VisionAgent starting analysis.
2026-07-30 21:40:51 - app.services.yolo_service - INFO - Running YOLO inference...
2026-07-30 21:40:52 - app.services.yolo_service - INFO - Media analyzed. Computed Severity: 10
2026-07-30 21:40:52 - app.agents.vision_agent - INFO - VisionAgent analysis complete. Found 1 items.
2026-07-30 21:40:52 - app.agents.vision_agent - INFO - VisionAgent starting analysis.
2026-07-30 21:40:52 - app.services.yolo_service - INFO - Running YOLO inference...
2026-07-30 21:40:52 - app.services.yolo_service - INFO - Media analyzed. Computed Severity: 10
2026-07-30 21:40:52 - app.agents.vision_agent - INFO - VisionAgent analysis complete. Found 1 items.
2026-07-30 21:40:52 - app.agents.vision_agent - INFO - VisionAgent starting analysis.
2026-07-30 21:40:52 - app.services.yolo_service - INFO - Running YOLO inference...
2026-07-30 21:40:53 - app.services.yolo_service - INFO - Media analyzed. Computed Severity: 7
2026-07-30 21:40:53 - app.agents.vision_agent - INFO - VisionAgent analysis complete. Found 1 items.
2026-07-30 21:40:53 - app.agents.vision_agent - INFO - VisionAgent starting analysis.
2026-07-30 21:40:53 - app.services.yolo_service - INFO - Running YOLO inference...
2026-07-30 21:40:53 - app.services.yolo_service - INFO - Media analyzed. Computed Severity: 10
2026-07-30 21:40:53 - app.agents.vision_agent - INFO - VisionAgent analysis complete. Found 1 items.
2026-07-30 21:40:53 - app.agents.vision_agent - INFO - VisionAgent starting analysis.
2026-07-30 21:40:53 - app.services.yolo_service - INFO - Running YOLO inference...
2026-07-30 21:40:54 - app.services.yolo_service - INFO - Media analyzed. Computed Severity: 10
2026-07-30 21:40:54 - app.agents.vision_agent - INFO - VisionAgent analysis complete. Found 1 items.
2026-07-30 21:40:54 - app.agents.vision_agent - INFO - VisionAgent starting analysis.
2026-07-30 21:40:54 - app.services.yolo_service - INFO - Running YOLO inference...
2026-07-30 21:40:54 - app.services.yolo_service - INFO - Media analyzed. Computed Severity: 10
2026-07-30 21:40:54 - app.agents.vision_agent - INFO - VisionAgent analysis complete. Found 1 items.
2026-07-30 21:40:55 - app.agents.vision_agent - INFO - VisionAgent starting analysis.
2026-07-30 21:40:55 - app.services.yolo_service - INFO - Running YOLO inference...
2026-07-30 21:40:55 - app.services.yolo_service - INFO - Media analyzed. Computed Severity: 10
2026-07-30 21:40:55 - app.agents.vision_agent - INFO - VisionAgent analysis complete. Found 1 items.
2026-07-30 21:40:55 - app.agents.vision_agent - INFO - VisionAgent starting analysis.
2026-07-30 21:40:55 - app.services.yolo_service - INFO - Running YOLO inference...
2026-07-30 21:40:56 - app.services.yolo_service - INFO - Media analyzed. Computed Severity: 7
2026-07-30 21:40:56 - app.agents.vision_agent - INFO - VisionAgent analysis complete. Found 1 items.
2026-07-30 21:40:56 - app.agents.vision_agent - INFO - VisionAgent starting analysis.
2026-07-30 21:40:56 - app.services.yolo_service - INFO - Running YOLO inference...
2026-07-30 21:40:56 - app.services.yolo_service - INFO - Media analyzed. Computed Severity: 10
2026-07-30 21:40:56 - app.agents.vision_agent - INFO - VisionAgent analysis complete. Found 1 items.
2026-07-30 21:40:56 - app.agents.vision_agent - INFO - VisionAgent starting analysis.
2026-07-30 21:40:56 - app.services.yolo_service - INFO - Running YOLO inference...
2026-07-30 21:40:56 - app.services.yolo_service - INFO - Media analyzed. Computed Severity: 10
2026-07-30 21:40:56 - app.agents.vision_agent - INFO - VisionAgent analysis complete. Found 1 items.
2026-07-30 21:40:57 - app.agents.vision_agent - INFO - VisionAgent starting analysis.
2026-07-30 21:40:57 - app.services.yolo_service - INFO - Running YOLO inference...
2026-07-30 21:40:57 - app.services.yolo_service - INFO - Media analyzed. Computed Severity: 6
2026-07-30 21:40:57 - app.agents.vision_agent - INFO - VisionAgent analysis complete. Found 1 items.
2026-07-30 21:40:57 - app.agents.vision_agent - INFO - VisionAgent starting analysis.
2026-07-30 21:40:57 - app.services.yolo_service - INFO - Running YOLO inference...
2026-07-30 21:40:57 - app.services.yolo_service - INFO - Media analyzed. Computed Severity: 8
2026-07-30 21:40:57 - app.agents.vision_agent - INFO - VisionAgent analysis complete. Found 1 items.
2026-07-30 21:40:58 - app.agents.vision_agent - INFO - VisionAgent starting analysis.
2026-07-30 21:40:58 - app.services.yolo_service - INFO - Running YOLO inference...
2026-07-30 21:40:58 - app.services.yolo_service - INFO - Media analyzed. Computed Severity: 10
2026-07-30 21:40:58 - app.agents.vision_agent - INFO - VisionAgent analysis complete. Found 1 items.
2026-07-30 21:40:59 - app.agents.vision_agent - INFO - VisionAgent starting analysis.
2026-07-30 21:40:59 - app.services.yolo_service - INFO - Running YOLO inference...
2026-07-30 21:40:59 - app.services.yolo_service - INFO - Media analyzed. Computed Severity: 7
2026-07-30 21:40:59 - app.agents.vision_agent - INFO - VisionAgent analysis complete. Found 1 items.
2026-07-30 21:41:01 - app.agents.vision_agent - INFO - VisionAgent starting analysis.
2026-07-30 21:41:01 - app.services.yolo_service - INFO - Running YOLO inference...
2026-07-30 21:41:01 - app.services.yolo_service - INFO - Media analyzed. Computed Severity: 2
2026-07-30 21:41:01 - app.agents.vision_agent - INFO - VisionAgent analysis complete. Found 1 items.
2026-07-30 21:41:14 - app.agents.vision_agent - INFO - VisionAgent starting analysis.
2026-07-30 21:41:14 - app.services.yolo_service - INFO - Running YOLO inference...
2026-07-30 21:41:15 - app.services.yolo_service - INFO - Media analyzed. Computed Severity: 10
2026-07-30 21:41:15 - app.agents.vision_agent - INFO - VisionAgent analysis complete. Found 1 items.
2026-07-30 21:41:15 - app.agents.vision_agent - INFO - VisionAgent starting analysis.
2026-07-30 21:41:15 - app.services.yolo_service - INFO - Running YOLO inference...
2026-07-30 21:41:15 - app.services.yolo_service - INFO - Media analyzed. Computed Severity: 10
2026-07-30 21:41:15 - app.agents.vision_agent - INFO - VisionAgent analysis complete. Found 1 items.
2026-07-30 21:41:15 - app.agents.vision_agent - INFO - VisionAgent starting analysis.
2026-07-30 21:41:15 - app.services.yolo_service - INFO - Running YOLO inference...
2026-07-30 21:41:16 - app.services.yolo_service - INFO - Media analyzed. Computed Severity: 10
2026-07-30 21:41:16 - app.agents.vision_agent - INFO - VisionAgent analysis complete. Found 1 items.
2026-07-30 21:41:16 - app.agents.vision_agent - INFO - VisionAgent starting analysis.
2026-07-30 21:41:16 - app.services.yolo_service - INFO - Running YOLO inference...
2026-07-30 21:41:16 - app.services.yolo_service - INFO - Media analyzed. Computed Severity: 10
2026-07-30 21:41:16 - app.agents.vision_agent - INFO - VisionAgent analysis complete. Found 1 items.
2026-07-30 21:41:16 - app.agents.vision_agent - INFO - VisionAgent starting analysis.
2026-07-30 21:41:16 - app.services.yolo_service - INFO - Running YOLO inference...
2026-07-30 21:41:17 - app.services.yolo_service - INFO - Media analyzed. Computed Severity: 10
2026-07-30 21:41:17 - app.agents.vision_agent - INFO - VisionAgent analysis complete. Found 1 items.
2026-07-30 21:41:17 - app.agents.vision_agent - INFO - VisionAgent starting analysis.
2026-07-30 21:41:17 - app.services.yolo_service - INFO - Running YOLO inference...
2026-07-30 21:41:17 - app.services.yolo_service - INFO - Media analyzed. Computed Severity: 10
2026-07-30 21:41:17 - app.agents.vision_agent - INFO - VisionAgent analysis complete. Found 1 items.
2026-07-30 21:41:18 - app.agents.vision_agent - INFO - VisionAgent starting analysis.
2026-07-30 21:41:18 - app.services.yolo_service - INFO - Running YOLO inference...
2026-07-30 21:41:18 - app.services.yolo_service - INFO - Media analyzed. Computed Severity: 10
2026-07-30 21:41:18 - app.agents.vision_agent - INFO - VisionAgent analysis complete. Found 1 items.
2026-07-30 21:41:18 - app.agents.vision_agent - INFO - VisionAgent starting analysis.
2026-07-30 21:41:18 - app.services.yolo_service - INFO - Running YOLO inference...
2026-07-30 21:41:18 - app.services.yolo_service - INFO - Media analyzed. Computed Severity: 10
2026-07-30 21:41:18 - app.agents.vision_agent - INFO - VisionAgent analysis complete. Found 1 items.
2026-07-30 21:41:19 - app.agents.vision_agent - INFO - VisionAgent starting analysis.
2026-07-30 21:41:19 - app.services.yolo_service - INFO - Running YOLO inference...
2026-07-30 21:41:19 - app.services.yolo_service - INFO - Media analyzed. Computed Severity: 10
2026-07-30 21:41:19 - app.agents.vision_agent - INFO - VisionAgent analysis complete. Found 1 items.
2026-07-30 21:41:19 - app.agents.vision_agent - INFO - VisionAgent starting analysis.
2026-07-30 21:41:19 - app.services.yolo_service - INFO - Running YOLO inference...
2026-07-30 21:41:19 - app.services.yolo_service - INFO - Media analyzed. Computed Severity: 10
2026-07-30 21:41:19 - app.agents.vision_agent - INFO - VisionAgent analysis complete. Found 1 items.
2026-07-30 21:41:20 - app.agents.vision_agent - INFO - VisionAgent starting analysis.
2026-07-30 21:41:20 - app.services.yolo_service - INFO - Running YOLO inference...
2026-07-30 21:41:20 - app.services.yolo_service - INFO - Media analyzed. Computed Severity: 1
2026-07-30 21:41:20 - app.agents.vision_agent - INFO - VisionAgent analysis complete. Found 1 items.
2026-07-30 21:41:20 - app.agents.vision_agent - INFO - VisionAgent starting analysis.
2026-07-30 21:41:20 - app.services.yolo_service - INFO - Running YOLO inference...
2026-07-30 21:41:20 - app.services.yolo_service - INFO - Media analyzed. Computed Severity: 6
2026-07-30 21:41:20 - app.agents.vision_agent - INFO - VisionAgent analysis complete. Found 1 items.
2026-07-30 21:41:21 - app.agents.vision_agent - INFO - VisionAgent starting analysis.
2026-07-30 21:41:21 - app.services.yolo_service - INFO - Running YOLO inference...
2026-07-30 21:41:21 - app.services.yolo_service - INFO - Media analyzed. Computed Severity: 7
2026-07-30 21:41:21 - app.agents.vision_agent - INFO - VisionAgent analysis complete. Found 1 items.
2026-07-30 21:41:21 - app.agents.vision_agent - INFO - VisionAgent starting analysis.
2026-07-30 21:41:21 - app.services.yolo_service - INFO - Running YOLO inference...
2026-07-30 21:41:22 - app.services.yolo_service - INFO - Media analyzed. Computed Severity: 10
2026-07-30 21:41:22 - app.agents.vision_agent - INFO - VisionAgent analysis complete. Found 1 items.
2026-07-30 21:41:23 - app.agents.vision_agent - INFO - VisionAgent starting analysis.
2026-07-30 21:41:23 - app.services.yolo_service - INFO - Running YOLO inference...
2026-07-30 21:41:23 - app.services.yolo_service - INFO - Media analyzed. Computed Severity: 10
2026-07-30 21:41:23 - app.agents.vision_agent - INFO - VisionAgent analysis complete. Found 1 items.
2026-07-30 21:41:24 - app.agents.vision_agent - INFO - VisionAgent starting analysis.
2026-07-30 21:41:24 - app.services.yolo_service - INFO - Running YOLO inference...
2026-07-30 21:41:24 - app.services.yolo_service - INFO - Media analyzed. Computed Severity: 4
2026-07-30 21:41:24 - app.agents.vision_agent - INFO - VisionAgent analysis complete. Found 1 items.
2026-07-30 21:41:24 - app.agents.vision_agent - INFO - VisionAgent starting analysis.
2026-07-30 21:41:24 - app.services.yolo_service - INFO - Running YOLO inference...
2026-07-30 21:41:24 - app.services.yolo_service - INFO - Media analyzed. Computed Severity: 10
2026-07-30 21:41:24 - app.agents.vision_agent - INFO - VisionAgent analysis complete. Found 1 items.
2026-07-30 21:41:25 - app.agents.vision_agent - INFO - VisionAgent starting analysis.
2026-07-30 21:41:25 - app.services.yolo_service - INFO - Running YOLO inference...
2026-07-30 21:41:25 - app.services.yolo_service - INFO - Media analyzed. Computed Severity: 6
2026-07-30 21:41:25 - app.agents.vision_agent - INFO - VisionAgent analysis complete. Found 1 items.
2026-07-30 21:41:26 - app.agents.vision_agent - INFO - VisionAgent starting analysis.
2026-07-30 21:41:26 - app.services.yolo_service - INFO - Running YOLO inference...
2026-07-30 21:41:26 - app.services.yolo_service - INFO - Media analyzed. Computed Severity: 8
2026-07-30 21:41:26 - app.agents.vision_agent - INFO - VisionAgent analysis complete. Found 1 items.
2026-07-30 21:41:27 - app.agents.vision_agent - INFO - VisionAgent starting analysis.
2026-07-30 21:41:27 - app.services.yolo_service - INFO - Running YOLO inference...
2026-07-30 21:41:27 - app.services.yolo_service - INFO - Media analyzed. Computed Severity: 9
2026-07-30 21:41:27 - app.agents.vision_agent - INFO - VisionAgent analysis complete. Found 1 items.
2026-07-30 21:41:27 - app.agents.vision_agent - INFO - VisionAgent starting analysis.
2026-07-30 21:41:27 - app.services.yolo_service - INFO - Running YOLO inference...
2026-07-30 21:41:27 - app.services.yolo_service - INFO - Media analyzed. Computed Severity: 10
2026-07-30 21:41:27 - app.agents.vision_agent - INFO - VisionAgent analysis complete. Found 1 items.
2026-07-30 21:41:28 - app.agents.vision_agent - INFO - VisionAgent starting analysis.
2026-07-30 21:41:28 - app.services.yolo_service - INFO - Running YOLO inference...
2026-07-30 21:41:28 - app.services.yolo_service - INFO - Media analyzed. Computed Severity: 9
2026-07-30 21:41:28 - app.agents.vision_agent - INFO - VisionAgent analysis complete. Found 1 items.
2026-07-30 21:41:28 - app.agents.vision_agent - INFO - VisionAgent starting analysis.
2026-07-30 21:41:28 - app.services.yolo_service - INFO - Running YOLO inference...
2026-07-30 21:41:29 - app.services.yolo_service - INFO - Media analyzed. Computed Severity: 9
2026-07-30 21:41:29 - app.agents.vision_agent - INFO - VisionAgent analysis complete. Found 1 items.
2026-07-30 21:41:29 - app.agents.vision_agent - INFO - VisionAgent starting analysis.
2026-07-30 21:41:29 - app.services.yolo_service - INFO - Running YOLO inference...
2026-07-30 21:41:29 - app.services.yolo_service - INFO - Media analyzed. Computed Severity: 10
2026-07-30 21:41:29 - app.agents.vision_agent - INFO - VisionAgent analysis complete. Found 1 items.
2026-07-30 21:41:29 - app.agents.vision_agent - INFO - VisionAgent starting analysis.
2026-07-30 21:41:29 - app.services.yolo_service - INFO - Running YOLO inference...
2026-07-30 21:41:30 - app.services.yolo_service - INFO - Media analyzed. Computed Severity: 6
2026-07-30 21:41:30 - app.agents.vision_agent - INFO - VisionAgent analysis complete. Found 1 items.
2026-07-30 21:41:30 - app.agents.vision_agent - INFO - VisionAgent starting analysis.
2026-07-30 21:41:30 - app.services.yolo_service - INFO - Running YOLO inference...
2026-07-30 21:41:30 - app.services.yolo_service - INFO - Media analyzed. Computed Severity: 9
2026-07-30 21:41:30 - app.agents.vision_agent - INFO - VisionAgent analysis complete. Found 1 items.
2026-07-30 21:41:31 - app.agents.vision_agent - INFO - VisionAgent starting analysis.
2026-07-30 21:41:31 - app.services.yolo_service - INFO - Running YOLO inference...
2026-07-30 21:41:31 - app.services.yolo_service - INFO - Media analyzed. Computed Severity: 10
2026-07-30 21:41:31 - app.agents.vision_agent - INFO - VisionAgent analysis complete. Found 1 items.
2026-07-30 21:41:31 - app.agents.vision_agent - INFO - VisionAgent starting analysis.
2026-07-30 21:41:31 - app.services.yolo_service - INFO - Running YOLO inference...
2026-07-30 21:41:31 - app.services.yolo_service - INFO - Media analyzed. Computed Severity: 10
2026-07-30 21:41:31 - app.agents.vision_agent - INFO - VisionAgent analysis complete. Found 1 items.
2026-07-30 21:41:32 - app.agents.vision_agent - INFO - VisionAgent starting analysis.
2026-07-30 21:41:32 - app.services.yolo_service - INFO - Running YOLO inference...
2026-07-30 21:41:32 - app.services.yolo_service - INFO - Media analyzed. Computed Severity: 7
2026-07-30 21:41:32 - app.agents.vision_agent - INFO - VisionAgent analysis complete. Found 1 items.
2026-07-30 21:41:32 - app.agents.vision_agent - INFO - VisionAgent starting analysis.
2026-07-30 21:41:32 - app.services.yolo_service - INFO - Running YOLO inference...
2026-07-30 21:41:32 - app.services.yolo_service - INFO - Media analyzed. Computed Severity: 6
2026-07-30 21:41:32 - app.agents.vision_agent - INFO - VisionAgent analysis complete. Found 1 items.
2026-07-30 21:41:33 - app.agents.vision_agent - INFO - VisionAgent starting analysis.
2026-07-30 21:41:33 - app.services.yolo_service - INFO - Running YOLO inference...
2026-07-30 21:41:33 - app.services.yolo_service - INFO - Media analyzed. Computed Severity: 7
2026-07-30 21:41:33 - app.agents.vision_agent - INFO - VisionAgent analysis complete. Found 1 items.
2026-07-30 21:41:33 - app.agents.vision_agent - INFO - VisionAgent starting analysis.
2026-07-30 21:41:33 - app.services.yolo_service - INFO - Running YOLO inference...
2026-07-30 21:41:33 - app.services.yolo_service - INFO - Media analyzed. Computed Severity: 9
2026-07-30 21:41:33 - app.agents.vision_agent - INFO - VisionAgent analysis complete. Found 1 items.
2026-07-30 21:41:34 - app.agents.vision_agent - INFO - VisionAgent starting analysis.
2026-07-30 21:41:34 - app.services.yolo_service - INFO - Running YOLO inference...
2026-07-30 21:41:34 - app.services.yolo_service - INFO - Media analyzed. Computed Severity: 10
2026-07-30 21:41:34 - app.agents.vision_agent - INFO - VisionAgent analysis complete. Found 1 items.
2026-07-30 21:41:34 - app.agents.vision_agent - INFO - VisionAgent starting analysis.
2026-07-30 21:41:34 - app.services.yolo_service - INFO - Running YOLO inference...
2026-07-30 21:41:34 - app.services.yolo_service - INFO - Media analyzed. Computed Severity: 10
2026-07-30 21:41:34 - app.agents.vision_agent - INFO - VisionAgent analysis complete. Found 1 items.
2026-07-30 21:42:58 - app.models.loaders - INFO - Initialized ModelLoader singleton.
2026-07-30 21:42:58 - app.agents.vision_agent - INFO - VisionAgent initialized.
2026-07-30 21:42:58 - app.database.firebase - INFO - Initializing Firebase with credentials from C:\Users\MONALISA DAS\RoadGuardianAI\firebase-credentials.json
2026-07-30 21:42:58 - app.database.firebase - INFO - Successfully initialized Firebase Admin SDK.
2026-07-30 21:42:58 - app.database.firebase - INFO - Firestore client created.
2026-07-30 21:43:01 - app.agents.vision_agent - INFO - VisionAgent starting analysis.
2026-07-30 21:43:01 - app.models.loaders - INFO - Loading YOLOv8 pothole model from C:\Users\MONALISA DAS\RoadGuardianAI\backend\app\models\pothole\best.pt...
2026-07-30 21:43:01 - app.models.loaders - INFO - Successfully loaded YOLOv8 pothole model.
2026-07-30 21:43:01 - app.services.yolo_service - INFO - Running YOLO inference...
2026-07-30 21:43:06 - app.services.yolo_service - INFO - Detected 19 pothole(s).
2026-07-30 21:43:06 - app.agents.vision_agent - INFO - VisionAgent analysis complete. Found 19 items.
2026-07-30 21:48:38 - app.agents.vision_agent - INFO - VisionAgent starting analysis.
2026-07-30 21:48:38 - app.services.yolo_service - INFO - Running YOLO inference...
2026-07-30 21:48:38 - app.services.yolo_service - INFO - Detected 19 pothole(s).
2026-07-30 21:48:38 - app.agents.vision_agent - INFO - VisionAgent analysis complete. Found 19 items.
2026-07-30 21:49:15 - app.models.loaders - INFO - Initialized ModelLoader singleton.
2026-07-30 21:49:15 - app.agents.vision_agent - INFO - VisionAgent initialized.
2026-07-30 21:49:15 - app.database.firebase - INFO - Initializing Firebase with credentials from C:\Users\MONALISA DAS\RoadGuardianAI\firebase-credentials.json
2026-07-30 21:49:16 - app.database.firebase - INFO - Successfully initialized Firebase Admin SDK.
2026-07-30 21:49:16 - app.database.firebase - INFO - Firestore client created.
2026-07-30 21:52:09 - app.api.predict - INFO - Received prediction request from user anonymous at (12.84159742318588, 80.15742776870141)
2026-07-30 21:52:09 - app.agents.orchestrator - INFO - Starting orchestration pipeline for report 19a2c5fd-ca4b-446e-9e06-9edba2835e01 by user anonymous
2026-07-30 21:52:09 - app.agents.orchestrator - INFO - -> Calling Vision Agent
2026-07-30 21:52:09 - app.agents.vision_agent - INFO - VisionAgent starting analysis.
2026-07-30 21:52:09 - app.models.loaders - INFO - Loading YOLOv8 pothole model from C:\Users\MONALISA DAS\RoadGuardianAI\backend\app\models\pothole\best.pt...
2026-07-30 21:52:10 - app.models.loaders - INFO - Successfully loaded YOLOv8 pothole model.
2026-07-30 21:52:10 - app.services.yolo_service - INFO - Running YOLO inference...
2026-07-30 21:52:15 - app.services.yolo_service - INFO - Detected 16 pothole(s).
2026-07-30 21:52:15 - app.agents.vision_agent - INFO - VisionAgent analysis complete. Found 16 items.
2026-07-30 21:52:15 - app.agents.orchestrator - INFO - -> Calling Weather Agent
2026-07-30 21:52:17 - app.agents.orchestrator - WARNING - Weather Agent HTTP call failed (All connection attempts failed). Falling back to mock data.
2026-07-30 21:52:17 - app.agents.orchestrator - INFO - -> Calling Memory Agent (Stub)
2026-07-30 21:52:20 - app.services.database_service - INFO - Found 2 reports within 500m.
2026-07-30 21:52:20 - app.agents.orchestrator - INFO - -> Calling Gemma Reasoning Agent
2026-07-30 21:52:20 - app.agents.orchestrator - INFO - -> Calling Planning Agent
2026-07-30 21:52:20 - app.agents.orchestrator - INFO - -> Calling Report Agent
2026-07-30 21:52:20 - app.agents.orchestrator - INFO - -> Saving final report to Firestore
2026-07-30 21:52:21 - app.services.database_service - INFO - Successfully saved report 19a2c5fd-ca4b-446e-9e06-9edba2835e01
2026-07-30 21:52:21 - app.agents.orchestrator - INFO - Orchestration complete for report 19a2c5fd-ca4b-446e-9e06-9edba2835e01
2026-07-30 21:52:21 - app.api.predict - ERROR - Prediction pipeline failed: cannot import name 'get_firestore_client' from 'app.database.firebase' (C:\Users\MONALISA DAS\RoadGuardianAI\backend\app\database\firebase.py)
2026-07-30 21:53:00 - app.agents.vision_agent - INFO - VisionAgent starting analysis.
2026-07-30 21:53:00 - app.services.yolo_service - INFO - Running YOLO inference...
2026-07-30 21:53:00 - app.services.yolo_service - INFO - Detected 19 pothole(s).
2026-07-30 21:53:00 - app.agents.vision_agent - INFO - VisionAgent analysis complete. Found 19 items.
2026-07-30 21:53:06 - app.api.predict - INFO - Received prediction request from user anonymous at (12.841599535287402, 80.15741452074943)
2026-07-30 21:53:06 - app.agents.orchestrator - INFO - Starting orchestration pipeline for report de0043b7-9a30-41b7-a2d8-8ec0e9a9fc39 by user anonymous
2026-07-30 21:53:06 - app.agents.orchestrator - INFO - -> Calling Vision Agent
2026-07-30 21:53:06 - app.agents.vision_agent - INFO - VisionAgent starting analysis.
2026-07-30 21:53:06 - app.services.yolo_service - INFO - Running YOLO inference...
2026-07-30 21:53:07 - app.services.yolo_service - INFO - Detected 16 pothole(s).
2026-07-30 21:53:07 - app.agents.vision_agent - INFO - VisionAgent analysis complete. Found 16 items.
2026-07-30 21:53:07 - app.agents.orchestrator - INFO - -> Calling Weather Agent
2026-07-30 21:53:09 - app.agents.orchestrator - WARNING - Weather Agent HTTP call failed (All connection attempts failed). Falling back to mock data.
2026-07-30 21:53:09 - app.agents.orchestrator - INFO - -> Calling Memory Agent (Stub)
2026-07-30 21:53:10 - app.services.database_service - INFO - Found 3 reports within 500m.
2026-07-30 21:53:10 - app.agents.orchestrator - INFO - -> Calling Gemma Reasoning Agent
2026-07-30 21:53:10 - app.agents.orchestrator - INFO - -> Calling Planning Agent
2026-07-30 21:53:10 - app.agents.orchestrator - INFO - -> Calling Report Agent
2026-07-30 21:53:10 - app.agents.orchestrator - INFO - -> Saving final report to Firestore
2026-07-30 21:53:11 - app.services.database_service - INFO - Successfully saved report de0043b7-9a30-41b7-a2d8-8ec0e9a9fc39
2026-07-30 21:53:11 - app.agents.orchestrator - INFO - Orchestration complete for report de0043b7-9a30-41b7-a2d8-8ec0e9a9fc39
2026-07-30 21:53:11 - app.api.predict - ERROR - Prediction pipeline failed: cannot import name 'get_firestore_client' from 'app.database.firebase' (C:\Users\MONALISA DAS\RoadGuardianAI\backend\app\database\firebase.py)
2026-07-30 21:54:51 - app.models.loaders - INFO - Initialized ModelLoader singleton.
2026-07-30 21:54:51 - app.agents.vision_agent - INFO - VisionAgent initialized.
2026-07-30 21:54:51 - app.database.firebase - INFO - Initializing Firebase with credentials from C:\Users\MONALISA DAS\RoadGuardianAI\firebase-credentials.json
2026-07-30 21:54:51 - app.database.firebase - INFO - Successfully initialized Firebase Admin SDK.
2026-07-30 21:54:51 - app.database.firebase - INFO - Firestore client created.
2026-07-30 21:55:54 - app.api.predict - INFO - Received prediction request from user anonymous at (12.841599535287402, 80.15741452074943)
2026-07-30 21:55:54 - app.agents.orchestrator - INFO - Starting orchestration pipeline for report d294cc54-774b-4610-a792-4b309ca3dc01 by user anonymous
2026-07-30 21:55:54 - app.agents.orchestrator - INFO - -> Calling Vision Agent
2026-07-30 21:55:54 - app.agents.vision_agent - INFO - VisionAgent starting analysis.
2026-07-30 21:55:54 - app.models.loaders - INFO - Loading YOLOv8 pothole model from C:\Users\MONALISA DAS\RoadGuardianAI\backend\app\models\pothole\best.pt...
2026-07-30 21:55:54 - app.models.loaders - INFO - Successfully loaded YOLOv8 pothole model.
2026-07-30 21:55:54 - app.services.yolo_service - INFO - Running YOLO inference...
2026-07-30 21:55:58 - app.services.yolo_service - INFO - Detected 16 pothole(s).
2026-07-30 21:55:58 - app.agents.vision_agent - INFO - VisionAgent analysis complete. Found 16 items.
2026-07-30 21:55:58 - app.agents.orchestrator - INFO - -> Calling Weather Agent
2026-07-30 21:56:01 - app.agents.orchestrator - WARNING - Weather Agent HTTP call failed (All connection attempts failed). Falling back to mock data.
2026-07-30 21:56:01 - app.agents.orchestrator - INFO - -> Calling Memory Agent (Stub)
2026-07-30 21:56:02 - app.services.database_service - INFO - Found 4 reports within 500m.
2026-07-30 21:56:02 - app.agents.orchestrator - INFO - -> Calling Gemma Reasoning Agent
2026-07-30 21:56:02 - app.agents.orchestrator - INFO - -> Calling Planning Agent
2026-07-30 21:56:02 - app.agents.orchestrator - INFO - -> Calling Report Agent
2026-07-30 21:56:02 - app.agents.orchestrator - INFO - -> Saving final report to Firestore
2026-07-30 21:56:02 - app.services.database_service - INFO - Successfully saved report d294cc54-774b-4610-a792-4b309ca3dc01
2026-07-30 21:56:02 - app.agents.orchestrator - INFO - Orchestration complete for report d294cc54-774b-4610-a792-4b309ca3dc01
2026-07-30 21:59:35 - app.api.predict - INFO - Received prediction request from user anonymous at (12.841574592161924, 80.15752736486117)
2026-07-30 21:59:36 - app.agents.orchestrator - INFO - Starting orchestration pipeline for report 9b2b28b8-08e9-41ae-a7d5-ab5465ab064f by user anonymous
2026-07-30 21:59:36 - app.agents.orchestrator - INFO - -> Calling Vision Agent
2026-07-30 21:59:36 - app.agents.vision_agent - INFO - VisionAgent starting analysis.
2026-07-30 21:59:36 - app.services.yolo_service - INFO - Running YOLO inference...
2026-07-30 21:59:36 - app.services.yolo_service - INFO - Detected 16 pothole(s).
2026-07-30 21:59:36 - app.agents.vision_agent - INFO - VisionAgent analysis complete. Found 16 items.
2026-07-30 21:59:36 - app.agents.orchestrator - INFO - -> Calling Weather Agent
2026-07-30 21:59:38 - app.agents.orchestrator - WARNING - Weather Agent HTTP call failed (All connection attempts failed). Falling back to mock data.
2026-07-30 21:59:38 - app.agents.orchestrator - INFO - -> Calling Memory Agent (Stub)
2026-07-30 21:59:39 - app.services.database_service - INFO - Found 5 reports within 500m.
2026-07-30 21:59:39 - app.agents.orchestrator - INFO - -> Calling Gemma Reasoning Agent
2026-07-30 21:59:39 - app.agents.orchestrator - INFO - -> Calling Planning Agent
2026-07-30 21:59:39 - app.agents.orchestrator - INFO - -> Calling Report Agent
2026-07-30 21:59:39 - app.agents.orchestrator - INFO - -> Saving final report to Firestore
2026-07-30 21:59:40 - app.services.database_service - INFO - Successfully saved report 9b2b28b8-08e9-41ae-a7d5-ab5465ab064f
2026-07-30 21:59:40 - app.agents.orchestrator - INFO - Orchestration complete for report 9b2b28b8-08e9-41ae-a7d5-ab5465ab064f
2026-07-30 22:05:57 - app.agents.vision_agent - INFO - VisionAgent starting analysis.
2026-07-30 22:05:57 - app.services.yolo_service - INFO - Running YOLO inference...
2026-07-30 22:05:57 - app.services.yolo_service - INFO - Detected 6 pothole(s).
2026-07-30 22:05:57 - app.agents.vision_agent - INFO - VisionAgent analysis complete. Found 6 items.
2026-07-30 22:05:57 - app.agents.vision_agent - INFO - VisionAgent starting analysis.
2026-07-30 22:05:57 - app.services.yolo_service - INFO - Running YOLO inference...
2026-07-30 22:05:57 - app.services.yolo_service - INFO - Detected 9 pothole(s).
2026-07-30 22:05:57 - app.agents.vision_agent - INFO - VisionAgent analysis complete. Found 9 items.
2026-07-30 22:05:58 - app.agents.vision_agent - INFO - VisionAgent starting analysis.
2026-07-30 22:05:58 - app.services.yolo_service - INFO - Running YOLO inference...
2026-07-30 22:05:58 - app.services.yolo_service - INFO - Detected 7 pothole(s).
2026-07-30 22:05:58 - app.agents.vision_agent - INFO - VisionAgent analysis complete. Found 7 items.
2026-07-30 22:05:58 - app.agents.vision_agent - INFO - VisionAgent starting analysis.
2026-07-30 22:05:58 - app.services.yolo_service - INFO - Running YOLO inference...
2026-07-30 22:05:58 - app.services.yolo_service - INFO - Detected 7 pothole(s).
2026-07-30 22:05:58 - app.agents.vision_agent - INFO - VisionAgent analysis complete. Found 7 items.
2026-07-30 22:05:59 - app.agents.vision_agent - INFO - VisionAgent starting analysis.
2026-07-30 22:05:59 - app.services.yolo_service - INFO - Running YOLO inference...
2026-07-30 22:05:59 - app.services.yolo_service - INFO - Detected 8 pothole(s).
2026-07-30 22:05:59 - app.agents.vision_agent - INFO - VisionAgent analysis complete. Found 8 items.
2026-07-30 22:05:59 - app.agents.vision_agent - INFO - VisionAgent starting analysis.
2026-07-30 22:05:59 - app.services.yolo_service - INFO - Running YOLO inference...
2026-07-30 22:05:59 - app.services.yolo_service - INFO - Detected 7 pothole(s).
2026-07-30 22:05:59 - app.agents.vision_agent - INFO - VisionAgent analysis complete. Found 7 items.
2026-07-30 22:06:00 - app.agents.vision_agent - INFO - VisionAgent starting analysis.
2026-07-30 22:06:00 - app.services.yolo_service - INFO - Running YOLO inference...
2026-07-30 22:06:00 - app.services.yolo_service - INFO - Detected 7 pothole(s).
2026-07-30 22:06:00 - app.agents.vision_agent - INFO - VisionAgent analysis complete. Found 7 items.
2026-07-30 22:06:00 - app.agents.vision_agent - INFO - VisionAgent starting analysis.
2026-07-30 22:06:00 - app.services.yolo_service - INFO - Running YOLO inference...
2026-07-30 22:06:00 - app.services.yolo_service - INFO - Detected 7 pothole(s).
2026-07-30 22:06:00 - app.agents.vision_agent - INFO - VisionAgent analysis complete. Found 7 items.
2026-07-30 22:06:01 - app.agents.vision_agent - INFO - VisionAgent starting analysis.
2026-07-30 22:06:01 - app.services.yolo_service - INFO - Running YOLO inference...
2026-07-30 22:06:01 - app.services.yolo_service - INFO - Detected 7 pothole(s).
2026-07-30 22:06:01 - app.agents.vision_agent - INFO - VisionAgent analysis complete. Found 7 items.
2026-07-30 22:06:02 - app.agents.vision_agent - INFO - VisionAgent starting analysis.
2026-07-30 22:06:02 - app.services.yolo_service - INFO - Running YOLO inference...
2026-07-30 22:06:02 - app.services.yolo_service - INFO - Detected 6 pothole(s).
2026-07-30 22:06:02 - app.agents.vision_agent - INFO - VisionAgent analysis complete. Found 6 items.
2026-07-30 22:06:02 - app.agents.vision_agent - INFO - VisionAgent starting analysis.
2026-07-30 22:06:02 - app.services.yolo_service - INFO - Running YOLO inference...
2026-07-30 22:06:02 - app.services.yolo_service - INFO - Detected 6 pothole(s).
2026-07-30 22:06:02 - app.agents.vision_agent - INFO - VisionAgent analysis complete. Found 6 items.
2026-07-30 22:06:02 - app.agents.vision_agent - INFO - VisionAgent starting analysis.
2026-07-30 22:06:02 - app.services.yolo_service - INFO - Running YOLO inference...
2026-07-30 22:06:02 - app.services.yolo_service - INFO - Detected 6 pothole(s).
2026-07-30 22:06:02 - app.agents.vision_agent - INFO - VisionAgent analysis complete. Found 6 items.
2026-07-30 22:06:03 - app.agents.vision_agent - INFO - VisionAgent starting analysis.
2026-07-30 22:06:03 - app.services.yolo_service - INFO - Running YOLO inference...
2026-07-30 22:06:03 - app.services.yolo_service - INFO - Detected 6 pothole(s).
2026-07-30 22:06:03 - app.agents.vision_agent - INFO - VisionAgent analysis complete. Found 6 items.
2026-07-30 22:06:03 - app.agents.vision_agent - INFO - VisionAgent starting analysis.
2026-07-30 22:06:03 - app.services.yolo_service - INFO - Running YOLO inference...
2026-07-30 22:06:03 - app.services.yolo_service - INFO - Detected 6 pothole(s).
2026-07-30 22:06:03 - app.agents.vision_agent - INFO - VisionAgent analysis complete. Found 6 items.
2026-07-30 22:06:04 - app.agents.vision_agent - INFO - VisionAgent starting analysis.
2026-07-30 22:06:04 - app.services.yolo_service - INFO - Running YOLO inference...
2026-07-30 22:06:04 - app.services.yolo_service - INFO - Detected 6 pothole(s).
2026-07-30 22:06:04 - app.agents.vision_agent - INFO - VisionAgent analysis complete. Found 6 items.
2026-07-30 22:06:04 - app.agents.vision_agent - INFO - VisionAgent starting analysis.
2026-07-30 22:06:04 - app.services.yolo_service - INFO - Running YOLO inference...
2026-07-30 22:06:04 - app.services.yolo_service - INFO - Detected 6 pothole(s).
2026-07-30 22:06:04 - app.agents.vision_agent - INFO - VisionAgent analysis complete. Found 6 items.
2026-07-30 22:06:05 - app.agents.vision_agent - INFO - VisionAgent starting analysis.
2026-07-30 22:06:05 - app.services.yolo_service - INFO - Running YOLO inference...
2026-07-30 22:06:05 - app.services.yolo_service - INFO - Detected 6 pothole(s).
2026-07-30 22:06:05 - app.agents.vision_agent - INFO - VisionAgent analysis complete. Found 6 items.
2026-07-30 22:06:05 - app.agents.vision_agent - INFO - VisionAgent starting analysis.
2026-07-30 22:06:05 - app.services.yolo_service - INFO - Running YOLO inference...
2026-07-30 22:06:06 - app.services.yolo_service - INFO - Detected 6 pothole(s).
2026-07-30 22:06:06 - app.agents.vision_agent - INFO - VisionAgent analysis complete. Found 6 items.
2026-07-30 22:06:06 - app.agents.vision_agent - INFO - VisionAgent starting analysis.
2026-07-30 22:06:06 - app.services.yolo_service - INFO - Running YOLO inference...
2026-07-30 22:06:06 - app.services.yolo_service - INFO - Detected 6 pothole(s).
2026-07-30 22:06:06 - app.agents.vision_agent - INFO - VisionAgent analysis complete. Found 6 items.
2026-07-30 22:06:06 - app.agents.vision_agent - INFO - VisionAgent starting analysis.
2026-07-30 22:06:06 - app.services.yolo_service - INFO - Running YOLO inference...
2026-07-30 22:06:07 - app.services.yolo_service - INFO - Detected 6 pothole(s).
2026-07-30 22:06:07 - app.agents.vision_agent - INFO - VisionAgent analysis complete. Found 6 items.
2026-07-30 22:06:07 - app.agents.vision_agent - INFO - VisionAgent starting analysis.
2026-07-30 22:06:07 - app.services.yolo_service - INFO - Running YOLO inference...
2026-07-30 22:06:07 - app.services.yolo_service - INFO - Detected 6 pothole(s).
2026-07-30 22:06:07 - app.agents.vision_agent - INFO - VisionAgent analysis complete. Found 6 items.
2026-07-30 22:06:07 - app.agents.vision_agent - INFO - VisionAgent starting analysis.
2026-07-30 22:06:07 - app.services.yolo_service - INFO - Running YOLO inference...
2026-07-30 22:06:07 - app.services.yolo_service - INFO - Detected 6 pothole(s).
2026-07-30 22:06:07 - app.agents.vision_agent - INFO - VisionAgent analysis complete. Found 6 items.
2026-07-30 22:06:08 - app.agents.vision_agent - INFO - VisionAgent starting analysis.
2026-07-30 22:06:08 - app.services.yolo_service - INFO - Running YOLO inference...
2026-07-30 22:06:08 - app.services.yolo_service - INFO - Detected 20 pothole(s).
2026-07-30 22:06:08 - app.agents.vision_agent - INFO - VisionAgent analysis complete. Found 20 items.
2026-07-30 22:06:08 - app.agents.vision_agent - INFO - VisionAgent starting analysis.
2026-07-30 22:06:08 - app.services.yolo_service - INFO - Running YOLO inference...
2026-07-30 22:06:09 - app.services.yolo_service - INFO - Detected 20 pothole(s).
2026-07-30 22:06:09 - app.agents.vision_agent - INFO - VisionAgent analysis complete. Found 20 items.
2026-07-30 22:06:09 - app.agents.vision_agent - INFO - VisionAgent starting analysis.
2026-07-30 22:06:09 - app.services.yolo_service - INFO - Running YOLO inference...
2026-07-30 22:06:09 - app.services.yolo_service - INFO - Detected 26 pothole(s).
2026-07-30 22:06:09 - app.agents.vision_agent - INFO - VisionAgent analysis complete. Found 26 items.
2026-07-30 22:06:09 - app.agents.vision_agent - INFO - VisionAgent starting analysis.
2026-07-30 22:06:09 - app.services.yolo_service - INFO - Running YOLO inference...
2026-07-30 22:06:10 - app.services.yolo_service - INFO - Detected 20 pothole(s).
2026-07-30 22:06:10 - app.agents.vision_agent - INFO - VisionAgent analysis complete. Found 20 items.
2026-07-30 22:06:10 - app.agents.vision_agent - INFO - VisionAgent starting analysis.
2026-07-30 22:06:10 - app.services.yolo_service - INFO - Running YOLO inference...
2026-07-30 22:06:10 - app.services.yolo_service - INFO - Detected 18 pothole(s).
2026-07-30 22:06:10 - app.agents.vision_agent - INFO - VisionAgent analysis complete. Found 18 items.
2026-07-30 22:06:11 - app.agents.vision_agent - INFO - VisionAgent starting analysis.
2026-07-30 22:06:11 - app.services.yolo_service - INFO - Running YOLO inference...
2026-07-30 22:06:11 - app.services.yolo_service - INFO - Detected 20 pothole(s).
2026-07-30 22:06:11 - app.agents.vision_agent - INFO - VisionAgent analysis complete. Found 20 items.
2026-07-30 22:06:11 - app.agents.vision_agent - INFO - VisionAgent starting analysis.
2026-07-30 22:06:11 - app.services.yolo_service - INFO - Running YOLO inference...
2026-07-30 22:06:11 - app.services.yolo_service - INFO - Detected 19 pothole(s).
2026-07-30 22:06:11 - app.agents.vision_agent - INFO - VisionAgent analysis complete. Found 19 items.
2026-07-30 22:06:12 - app.agents.vision_agent - INFO - VisionAgent starting analysis.
2026-07-30 22:06:12 - app.services.yolo_service - INFO - Running YOLO inference...
2026-07-30 22:06:12 - app.services.yolo_service - INFO - Detected 17 pothole(s).
2026-07-30 22:06:12 - app.agents.vision_agent - INFO - VisionAgent analysis complete. Found 17 items.
2026-07-30 22:06:12 - app.agents.vision_agent - INFO - VisionAgent starting analysis.
2026-07-30 22:06:12 - app.services.yolo_service - INFO - Running YOLO inference...
2026-07-30 22:06:12 - app.services.yolo_service - INFO - Detected 24 pothole(s).
2026-07-30 22:06:12 - app.agents.vision_agent - INFO - VisionAgent analysis complete. Found 24 items.
2026-07-30 22:06:13 - app.agents.vision_agent - INFO - VisionAgent starting analysis.
2026-07-30 22:06:13 - app.services.yolo_service - INFO - Running YOLO inference...
2026-07-30 22:06:13 - app.services.yolo_service - INFO - Detected 22 pothole(s).
2026-07-30 22:06:13 - app.agents.vision_agent - INFO - VisionAgent analysis complete. Found 22 items.
2026-07-30 22:06:13 - app.api.predict - INFO - Received prediction request from user anonymous at (12.841577969993951, 80.15751325427094)
2026-07-30 22:06:13 - app.agents.vision_agent - INFO - VisionAgent starting analysis.
2026-07-30 22:06:13 - app.services.yolo_service - INFO - Running YOLO inference...
2026-07-30 22:06:14 - app.services.yolo_service - INFO - Detected 30 pothole(s).
2026-07-30 22:06:14 - app.agents.vision_agent - INFO - VisionAgent analysis complete. Found 30 items.
2026-07-30 22:06:14 - app.agents.orchestrator - INFO - Starting orchestration pipeline for report c407d6af-2310-45e4-a053-5f884c77906e by user anonymous
2026-07-30 22:06:14 - app.agents.orchestrator - INFO - -> Calling Vision Agent
2026-07-30 22:06:14 - app.agents.vision_agent - INFO - VisionAgent starting analysis.
2026-07-30 22:06:14 - app.services.yolo_service - INFO - Running YOLO inference...
2026-07-30 22:10:21 - app.services.yolo_service - INFO - Detected 8 pothole(s).
2026-07-30 22:10:23 - app.agents.vision_agent - INFO - VisionAgent analysis complete. Found 8 items.
2026-07-30 22:10:23 - app.agents.orchestrator - INFO - -> Calling Weather Agent
2026-07-30 22:10:25 - app.agents.orchestrator - WARNING - Weather Agent HTTP call failed (All connection attempts failed). Falling back to mock data.
2026-07-30 22:10:25 - app.agents.orchestrator - INFO - -> Calling Memory Agent (Stub)
2026-07-30 22:10:27 - app.services.database_service - INFO - Found 6 reports within 500m.
2026-07-30 22:10:27 - app.agents.orchestrator - INFO - -> Calling Gemma Reasoning Agent
2026-07-30 22:10:27 - app.agents.orchestrator - INFO - -> Calling Planning Agent
2026-07-30 22:10:27 - app.agents.orchestrator - INFO - -> Calling Report Agent
2026-07-30 22:10:27 - app.agents.orchestrator - INFO - -> Saving final report to Firestore
2026-07-30 22:10:28 - app.services.database_service - INFO - Successfully saved report c407d6af-2310-45e4-a053-5f884c77906e
2026-07-30 22:10:28 - app.agents.orchestrator - INFO - Orchestration complete for report c407d6af-2310-45e4-a053-5f884c77906e
2026-07-30 22:10:38 - app.agents.vision_agent - INFO - VisionAgent starting analysis.
2026-07-30 22:10:38 - app.services.yolo_service - INFO - Running YOLO inference...
2026-07-30 22:10:38 - app.services.yolo_service - INFO - Detected 19 pothole(s).
2026-07-30 22:10:38 - app.agents.vision_agent - INFO - VisionAgent analysis complete. Found 19 items.
2026-07-30 22:10:38 - app.api.predict - INFO - Received prediction request from user anonymous at (12.841600282230687, 80.15748567729857)
2026-07-30 22:10:38 - app.agents.orchestrator - INFO - Starting orchestration pipeline for report e4f21711-fad5-4b56-8ac4-beaea365fac4 by user anonymous
2026-07-30 22:10:38 - app.agents.orchestrator - INFO - -> Calling Vision Agent
2026-07-30 22:10:38 - app.agents.vision_agent - INFO - VisionAgent starting analysis.
2026-07-30 22:10:38 - app.services.yolo_service - INFO - Running YOLO inference...
2026-07-30 22:10:39 - app.services.yolo_service - INFO - Detected 16 pothole(s).
2026-07-30 22:10:39 - app.agents.vision_agent - INFO - VisionAgent analysis complete. Found 16 items.
2026-07-30 22:10:39 - app.agents.orchestrator - INFO - -> Calling Weather Agent
2026-07-30 22:10:41 - app.agents.orchestrator - WARNING - Weather Agent HTTP call failed (All connection attempts failed). Falling back to mock data.
2026-07-30 22:10:41 - app.agents.orchestrator - INFO - -> Calling Memory Agent (Stub)
2026-07-30 22:10:43 - app.services.database_service - INFO - Found 7 reports within 500m.
2026-07-30 22:10:43 - app.agents.orchestrator - INFO - -> Calling Gemma Reasoning Agent
2026-07-30 22:10:43 - app.agents.orchestrator - INFO - -> Calling Planning Agent
2026-07-30 22:10:43 - app.agents.orchestrator - INFO - -> Calling Report Agent
2026-07-30 22:10:43 - app.agents.orchestrator - INFO - -> Saving final report to Firestore
2026-07-30 22:10:44 - app.services.database_service - INFO - Successfully saved report e4f21711-fad5-4b56-8ac4-beaea365fac4
2026-07-30 22:10:44 - app.agents.orchestrator - INFO - Orchestration complete for report e4f21711-fad5-4b56-8ac4-beaea365fac4
2026-07-30 22:10:48 - app.agents.vision_agent - INFO - VisionAgent starting analysis.
2026-07-30 22:10:48 - app.services.yolo_service - INFO - Running YOLO inference...
2026-07-30 22:10:48 - app.services.yolo_service - INFO - Detected 19 pothole(s).
2026-07-30 22:10:48 - app.agents.vision_agent - INFO - VisionAgent analysis complete. Found 19 items.
2026-07-30 22:10:58 - app.agents.vision_agent - INFO - VisionAgent starting analysis.
2026-07-30 22:10:58 - app.services.yolo_service - INFO - Running YOLO inference...
2026-07-30 22:10:58 - app.services.yolo_service - INFO - Detected 6 pothole(s).
2026-07-30 22:10:58 - app.agents.vision_agent - INFO - VisionAgent analysis complete. Found 6 items.
2026-07-30 22:10:58 - app.agents.vision_agent - INFO - VisionAgent starting analysis.
2026-07-30 22:10:58 - app.services.yolo_service - INFO - Running YOLO inference...
2026-07-30 22:10:59 - app.services.yolo_service - INFO - Detected 7 pothole(s).
2026-07-30 22:10:59 - app.agents.vision_agent - INFO - VisionAgent analysis complete. Found 7 items.
2026-07-30 22:10:59 - app.agents.vision_agent - INFO - VisionAgent starting analysis.
2026-07-30 22:10:59 - app.services.yolo_service - INFO - Running YOLO inference...
2026-07-30 22:10:59 - app.services.yolo_service - INFO - Detected 7 pothole(s).
2026-07-30 22:10:59 - app.agents.vision_agent - INFO - VisionAgent analysis complete. Found 7 items.
2026-07-30 22:11:00 - app.agents.vision_agent - INFO - VisionAgent starting analysis.
2026-07-30 22:11:00 - app.services.yolo_service - INFO - Running YOLO inference...
2026-07-30 22:11:00 - app.services.yolo_service - INFO - Detected 8 pothole(s).
2026-07-30 22:11:00 - app.agents.vision_agent - INFO - VisionAgent analysis complete. Found 8 items.
2026-07-30 22:11:00 - app.agents.vision_agent - INFO - VisionAgent starting analysis.
2026-07-30 22:11:00 - app.services.yolo_service - INFO - Running YOLO inference...
2026-07-30 22:11:00 - app.services.yolo_service - INFO - Detected 8 pothole(s).
2026-07-30 22:11:00 - app.agents.vision_agent - INFO - VisionAgent analysis complete. Found 8 items.
2026-07-30 22:11:01 - app.agents.vision_agent - INFO - VisionAgent starting analysis.
2026-07-30 22:11:01 - app.services.yolo_service - INFO - Running YOLO inference...
2026-07-30 22:11:01 - app.services.yolo_service - INFO - Detected 7 pothole(s).
2026-07-30 22:11:01 - app.agents.vision_agent - INFO - VisionAgent analysis complete. Found 7 items.
2026-07-30 22:11:01 - app.agents.vision_agent - INFO - VisionAgent starting analysis.
2026-07-30 22:11:01 - app.services.yolo_service - INFO - Running YOLO inference...
2026-07-30 22:11:01 - app.services.yolo_service - INFO - Detected 7 pothole(s).
2026-07-30 22:11:01 - app.agents.vision_agent - INFO - VisionAgent analysis complete. Found 7 items.
2026-07-30 22:11:02 - app.agents.vision_agent - INFO - VisionAgent starting analysis.
2026-07-30 22:11:02 - app.services.yolo_service - INFO - Running YOLO inference...
2026-07-30 22:11:02 - app.services.yolo_service - INFO - Detected 7 pothole(s).
2026-07-30 22:11:02 - app.agents.vision_agent - INFO - VisionAgent analysis complete. Found 7 items.
2026-07-30 22:11:02 - app.api.predict - INFO - Received prediction request from user anonymous at (12.841585778447117, 80.15733307295875)
2026-07-30 22:11:02 - app.agents.vision_agent - INFO - VisionAgent starting analysis.
2026-07-30 22:11:02 - app.services.yolo_service - INFO - Running YOLO inference...
2026-07-30 22:11:03 - app.services.yolo_service - INFO - Detected 7 pothole(s).
2026-07-30 22:11:03 - app.agents.vision_agent - INFO - VisionAgent analysis complete. Found 7 items.
2026-07-30 22:11:03 - app.agents.orchestrator - INFO - Starting orchestration pipeline for report 8662f8fc-08c3-4317-9864-fe0a23993f98 by user anonymous
2026-07-30 22:11:03 - app.agents.orchestrator - INFO - -> Calling Vision Agent
2026-07-30 22:11:03 - app.agents.vision_agent - INFO - VisionAgent starting analysis.
2026-07-30 22:11:03 - app.services.yolo_service - INFO - Running YOLO inference...
2026-07-30 22:14:43 - app.services.yolo_service - INFO - Detected 8 pothole(s).
2026-07-30 22:14:44 - app.agents.vision_agent - INFO - VisionAgent analysis complete. Found 8 items.
2026-07-30 22:14:44 - app.agents.orchestrator - INFO - -> Calling Weather Agent
2026-07-30 22:14:45 - app.agents.vision_agent - INFO - VisionAgent starting analysis.
2026-07-30 22:14:45 - app.services.yolo_service - INFO - Running YOLO inference...
2026-07-30 22:14:45 - app.services.yolo_service - INFO - Detected 19 pothole(s).
2026-07-30 22:14:45 - app.agents.vision_agent - INFO - VisionAgent analysis complete. Found 19 items.
2026-07-30 22:14:47 - app.agents.orchestrator - WARNING - Weather Agent HTTP call failed (All connection attempts failed). Falling back to mock data.
2026-07-30 22:14:47 - app.agents.orchestrator - INFO - -> Calling Memory Agent (Stub)
2026-07-30 22:14:49 - app.services.database_service - INFO - Found 8 reports within 500m.
2026-07-30 22:14:49 - app.agents.orchestrator - INFO - -> Calling Gemma Reasoning Agent
2026-07-30 22:14:49 - app.agents.orchestrator - INFO - -> Calling Planning Agent
2026-07-30 22:14:49 - app.agents.orchestrator - INFO - -> Calling Report Agent
2026-07-30 22:14:49 - app.agents.orchestrator - INFO - -> Saving final report to Firestore
2026-07-30 22:14:50 - app.services.database_service - INFO - Successfully saved report 8662f8fc-08c3-4317-9864-fe0a23993f98
2026-07-30 22:14:50 - app.agents.orchestrator - INFO - Orchestration complete for report 8662f8fc-08c3-4317-9864-fe0a23993f98
2026-07-30 22:17:13 - app.models.loaders - INFO - Initialized ModelLoader singleton.
2026-07-30 22:17:13 - app.agents.vision_agent - INFO - VisionAgent initialized.
2026-07-30 22:17:13 - app.database.firebase - INFO - Initializing Firebase with credentials from C:\Users\MONALISA DAS\RoadGuardianAI\firebase-credentials.json
2026-07-30 22:17:13 - app.database.firebase - INFO - Successfully initialized Firebase Admin SDK.
2026-07-30 22:17:13 - app.database.firebase - INFO - Firestore client created.
2026-07-30 22:22:30 - app.models.loaders - INFO - Initialized ModelLoader singleton.
2026-07-30 22:22:30 - app.agents.vision_agent - INFO - VisionAgent initialized.
2026-07-30 22:22:30 - app.database.firebase - INFO - Initializing Firebase with credentials from C:\Users\MONALISA DAS\RoadGuardianAI\firebase-credentials.json
2026-07-30 22:22:30 - app.database.firebase - INFO - Successfully initialized Firebase Admin SDK.
2026-07-30 22:22:30 - app.database.firebase - INFO - Firestore client created.
2026-07-30 22:24:38 - app.agents.vision_agent - INFO - VisionAgent starting analysis.
2026-07-30 22:24:38 - app.models.loaders - INFO - Loading YOLOv8 pothole model from C:\Users\MONALISA DAS\RoadGuardianAI\backend\app\models\pothole\best.pt...
2026-07-30 22:24:39 - app.models.loaders - INFO - Successfully loaded YOLOv8 pothole model.
2026-07-30 22:24:39 - app.services.yolo_service - INFO - Running YOLO inference...
2026-07-30 22:24:44 - app.services.yolo_service - INFO - Detected 19 pothole(s).
2026-07-30 22:24:44 - app.agents.vision_agent - INFO - VisionAgent analysis complete. Found 19 items.
2026-07-30 22:24:56 - app.agents.vision_agent - INFO - VisionAgent starting analysis.
2026-07-30 22:24:56 - app.services.yolo_service - INFO - Running YOLO inference...
2026-07-30 22:24:57 - app.services.yolo_service - INFO - Detected 6 pothole(s).
2026-07-30 22:24:57 - app.agents.vision_agent - INFO - VisionAgent analysis complete. Found 6 items.
2026-07-30 22:24:57 - app.agents.vision_agent - INFO - VisionAgent starting analysis.
2026-07-30 22:24:57 - app.services.yolo_service - INFO - Running YOLO inference...
2026-07-30 22:24:57 - app.services.yolo_service - INFO - Detected 9 pothole(s).
2026-07-30 22:24:57 - app.agents.vision_agent - INFO - VisionAgent analysis complete. Found 9 items.
2026-07-30 22:24:57 - app.agents.vision_agent - INFO - VisionAgent starting analysis.
2026-07-30 22:24:57 - app.services.yolo_service - INFO - Running YOLO inference...
2026-07-30 22:24:58 - app.services.yolo_service - INFO - Detected 7 pothole(s).
2026-07-30 22:24:58 - app.agents.vision_agent - INFO - VisionAgent analysis complete. Found 7 items.
2026-07-30 22:24:58 - app.agents.vision_agent - INFO - VisionAgent starting analysis.
2026-07-30 22:24:58 - app.services.yolo_service - INFO - Running YOLO inference...
2026-07-30 22:24:58 - app.services.yolo_service - INFO - Detected 8 pothole(s).
2026-07-30 22:24:58 - app.agents.vision_agent - INFO - VisionAgent analysis complete. Found 8 items.
2026-07-30 22:24:59 - app.agents.vision_agent - INFO - VisionAgent starting analysis.
2026-07-30 22:24:59 - app.services.yolo_service - INFO - Running YOLO inference...
2026-07-30 22:24:59 - app.services.yolo_service - INFO - Detected 8 pothole(s).
2026-07-30 22:24:59 - app.agents.vision_agent - INFO - VisionAgent analysis complete. Found 8 items.
2026-07-30 22:24:59 - app.agents.vision_agent - INFO - VisionAgent starting analysis.
2026-07-30 22:24:59 - app.services.yolo_service - INFO - Running YOLO inference...
2026-07-30 22:24:59 - app.services.yolo_service - INFO - Detected 8 pothole(s).
2026-07-30 22:24:59 - app.agents.vision_agent - INFO - VisionAgent analysis complete. Found 8 items.
2026-07-30 22:25:00 - app.agents.vision_agent - INFO - VisionAgent starting analysis.
2026-07-30 22:25:00 - app.services.yolo_service - INFO - Running YOLO inference...
2026-07-30 22:25:00 - app.services.yolo_service - INFO - Detected 7 pothole(s).
2026-07-30 22:25:00 - app.agents.vision_agent - INFO - VisionAgent analysis complete. Found 7 items.
2026-07-30 22:25:00 - app.agents.vision_agent - INFO - VisionAgent starting analysis.
2026-07-30 22:25:00 - app.services.yolo_service - INFO - Running YOLO inference...
2026-07-30 22:25:00 - app.services.yolo_service - INFO - Detected 7 pothole(s).
2026-07-30 22:25:00 - app.agents.vision_agent - INFO - VisionAgent analysis complete. Found 7 items.
2026-07-30 22:25:00 - app.agents.vision_agent - INFO - VisionAgent starting analysis.
2026-07-30 22:25:00 - app.services.yolo_service - INFO - Running YOLO inference...
2026-07-30 22:25:01 - app.services.yolo_service - INFO - Detected 7 pothole(s).
2026-07-30 22:25:01 - app.agents.vision_agent - INFO - VisionAgent analysis complete. Found 7 items.
2026-07-30 22:25:01 - app.agents.vision_agent - INFO - VisionAgent starting analysis.
2026-07-30 22:25:01 - app.services.yolo_service - INFO - Running YOLO inference...
2026-07-30 22:25:01 - app.services.yolo_service - INFO - Detected 6 pothole(s).
2026-07-30 22:25:01 - app.agents.vision_agent - INFO - VisionAgent analysis complete. Found 6 items.
2026-07-30 22:25:02 - app.agents.vision_agent - INFO - VisionAgent starting analysis.
2026-07-30 22:25:02 - app.services.yolo_service - INFO - Running YOLO inference...
2026-07-30 22:25:02 - app.services.yolo_service - INFO - Detected 6 pothole(s).
2026-07-30 22:25:02 - app.agents.vision_agent - INFO - VisionAgent analysis complete. Found 6 items.
2026-07-30 22:25:02 - app.agents.vision_agent - INFO - VisionAgent starting analysis.
2026-07-30 22:25:02 - app.services.yolo_service - INFO - Running YOLO inference...
2026-07-30 22:25:02 - app.services.yolo_service - INFO - Detected 6 pothole(s).
2026-07-30 22:25:02 - app.agents.vision_agent - INFO - VisionAgent analysis complete. Found 6 items.
2026-07-30 22:25:03 - app.agents.vision_agent - INFO - VisionAgent starting analysis.
2026-07-30 22:25:03 - app.services.yolo_service - INFO - Running YOLO inference...
2026-07-30 22:25:03 - app.services.yolo_service - INFO - Detected 6 pothole(s).
2026-07-30 22:25:03 - app.agents.vision_agent - INFO - VisionAgent analysis complete. Found 6 items.
2026-07-30 22:25:03 - app.agents.vision_agent - INFO - VisionAgent starting analysis.
2026-07-30 22:25:03 - app.services.yolo_service - INFO - Running YOLO inference...
2026-07-30 22:25:03 - app.services.yolo_service - INFO - Detected 6 pothole(s).
2026-07-30 22:25:03 - app.agents.vision_agent - INFO - VisionAgent analysis complete. Found 6 items.
2026-07-30 22:25:04 - app.agents.vision_agent - INFO - VisionAgent starting analysis.
2026-07-30 22:25:04 - app.services.yolo_service - INFO - Running YOLO inference...
2026-07-30 22:25:04 - app.services.yolo_service - INFO - Detected 6 pothole(s).
2026-07-30 22:25:04 - app.agents.vision_agent - INFO - VisionAgent analysis complete. Found 6 items.
2026-07-30 22:25:04 - app.agents.vision_agent - INFO - VisionAgent starting analysis.
2026-07-30 22:25:04 - app.services.yolo_service - INFO - Running YOLO inference...
2026-07-30 22:25:05 - app.services.yolo_service - INFO - Detected 6 pothole(s).
2026-07-30 22:25:05 - app.agents.vision_agent - INFO - VisionAgent analysis complete. Found 6 items.
2026-07-30 22:25:05 - app.agents.vision_agent - INFO - VisionAgent starting analysis.
2026-07-30 22:25:05 - app.services.yolo_service - INFO - Running YOLO inference...
2026-07-30 22:25:05 - app.services.yolo_service - INFO - Detected 6 pothole(s).
2026-07-30 22:25:05 - app.agents.vision_agent - INFO - VisionAgent analysis complete. Found 6 items.
2026-07-30 22:25:05 - app.agents.vision_agent - INFO - VisionAgent starting analysis.
2026-07-30 22:25:05 - app.services.yolo_service - INFO - Running YOLO inference...
2026-07-30 22:25:06 - app.services.yolo_service - INFO - Detected 6 pothole(s).
2026-07-30 22:25:06 - app.agents.vision_agent - INFO - VisionAgent analysis complete. Found 6 items.
2026-07-30 22:25:06 - app.agents.vision_agent - INFO - VisionAgent starting analysis.
2026-07-30 22:25:06 - app.services.yolo_service - INFO - Running YOLO inference...
2026-07-30 22:25:06 - app.services.yolo_service - INFO - Detected 6 pothole(s).
2026-07-30 22:25:06 - app.agents.vision_agent - INFO - VisionAgent analysis complete. Found 6 items.
2026-07-30 22:25:06 - app.agents.vision_agent - INFO - VisionAgent starting analysis.
2026-07-30 22:25:06 - app.services.yolo_service - INFO - Running YOLO inference...
2026-07-30 22:25:07 - app.services.yolo_service - INFO - Detected 6 pothole(s).
2026-07-30 22:25:07 - app.agents.vision_agent - INFO - VisionAgent analysis complete. Found 6 items.
2026-07-30 22:25:07 - app.agents.vision_agent - INFO - VisionAgent starting analysis.
2026-07-30 22:25:07 - app.services.yolo_service - INFO - Running YOLO inference...
2026-07-30 22:25:07 - app.services.yolo_service - INFO - Detected 6 pothole(s).
2026-07-30 22:25:07 - app.agents.vision_agent - INFO - VisionAgent analysis complete. Found 6 items.
2026-07-30 22:25:08 - app.agents.vision_agent - INFO - VisionAgent starting analysis.
2026-07-30 22:25:08 - app.services.yolo_service - INFO - Running YOLO inference...
2026-07-30 22:25:08 - app.services.yolo_service - INFO - Detected 7 pothole(s).
2026-07-30 22:25:08 - app.agents.vision_agent - INFO - VisionAgent analysis complete. Found 7 items.
2026-07-30 22:25:08 - app.agents.vision_agent - INFO - VisionAgent starting analysis.
2026-07-30 22:25:08 - app.services.yolo_service - INFO - Running YOLO inference...
2026-07-30 22:25:08 - app.services.yolo_service - INFO - Detected 7 pothole(s).
2026-07-30 22:25:08 - app.agents.vision_agent - INFO - VisionAgent analysis complete. Found 7 items.
2026-07-30 22:25:09 - app.agents.vision_agent - INFO - VisionAgent starting analysis.
2026-07-30 22:25:09 - app.services.yolo_service - INFO - Running YOLO inference...
2026-07-30 22:25:09 - app.services.yolo_service - INFO - Detected 7 pothole(s).
2026-07-30 22:25:09 - app.agents.vision_agent - INFO - VisionAgent analysis complete. Found 7 items.
2026-07-30 22:25:09 - app.agents.vision_agent - INFO - VisionAgent starting analysis.
2026-07-30 22:25:09 - app.services.yolo_service - INFO - Running YOLO inference...
2026-07-30 22:25:09 - app.services.yolo_service - INFO - Detected 7 pothole(s).
2026-07-30 22:25:09 - app.agents.vision_agent - INFO - VisionAgent analysis complete. Found 7 items.
2026-07-30 22:25:10 - app.agents.vision_agent - INFO - VisionAgent starting analysis.
2026-07-30 22:25:10 - app.services.yolo_service - INFO - Running YOLO inference...
2026-07-30 22:25:10 - app.services.yolo_service - INFO - Detected 7 pothole(s).
2026-07-30 22:25:10 - app.agents.vision_agent - INFO - VisionAgent analysis complete. Found 7 items.
2026-07-30 22:25:10 - app.agents.vision_agent - INFO - VisionAgent starting analysis.
2026-07-30 22:25:10 - app.services.yolo_service - INFO - Running YOLO inference...
2026-07-30 22:25:10 - app.services.yolo_service - INFO - Detected 7 pothole(s).
2026-07-30 22:25:10 - app.agents.vision_agent - INFO - VisionAgent analysis complete. Found 7 items.
2026-07-30 22:25:11 - app.agents.vision_agent - INFO - VisionAgent starting analysis.
2026-07-30 22:25:11 - app.services.yolo_service - INFO - Running YOLO inference...
2026-07-30 22:25:11 - app.services.yolo_service - INFO - Detected 7 pothole(s).
2026-07-30 22:25:11 - app.agents.vision_agent - INFO - VisionAgent analysis complete. Found 7 items.
2026-07-30 22:25:11 - app.agents.vision_agent - INFO - VisionAgent starting analysis.
2026-07-30 22:25:11 - app.services.yolo_service - INFO - Running YOLO inference...
2026-07-30 22:25:12 - app.services.yolo_service - INFO - Detected 7 pothole(s).
2026-07-30 22:25:12 - app.agents.vision_agent - INFO - VisionAgent analysis complete. Found 7 items.
2026-07-30 22:25:12 - app.agents.vision_agent - INFO - VisionAgent starting analysis.
2026-07-30 22:25:12 - app.services.yolo_service - INFO - Running YOLO inference...
2026-07-30 22:25:12 - app.services.yolo_service - INFO - Detected 7 pothole(s).
2026-07-30 22:25:12 - app.agents.vision_agent - INFO - VisionAgent analysis complete. Found 7 items.
2026-07-30 22:25:12 - app.agents.vision_agent - INFO - VisionAgent starting analysis.
2026-07-30 22:25:12 - app.services.yolo_service - INFO - Running YOLO inference...
2026-07-30 22:25:13 - app.services.yolo_service - INFO - Detected 8 pothole(s).
2026-07-30 22:25:13 - app.agents.vision_agent - INFO - VisionAgent analysis complete. Found 8 items.
2026-07-30 22:25:13 - app.agents.vision_agent - INFO - VisionAgent starting analysis.
2026-07-30 22:25:13 - app.services.yolo_service - INFO - Running YOLO inference...
2026-07-30 22:25:13 - app.services.yolo_service - INFO - Detected 7 pothole(s).
2026-07-30 22:25:13 - app.agents.vision_agent - INFO - VisionAgent analysis complete. Found 7 items.
2026-07-30 22:25:13 - app.agents.vision_agent - INFO - VisionAgent starting analysis.
2026-07-30 22:25:13 - app.services.yolo_service - INFO - Running YOLO inference...
2026-07-30 22:25:14 - app.services.yolo_service - INFO - Detected 7 pothole(s).
2026-07-30 22:25:14 - app.agents.vision_agent - INFO - VisionAgent analysis complete. Found 7 items.
2026-07-30 22:25:14 - app.agents.vision_agent - INFO - VisionAgent starting analysis.
2026-07-30 22:25:14 - app.services.yolo_service - INFO - Running YOLO inference...
2026-07-30 22:25:14 - app.services.yolo_service - INFO - Detected 4 pothole(s).
2026-07-30 22:25:14 - app.agents.vision_agent - INFO - VisionAgent analysis complete. Found 4 items.
2026-07-30 22:25:14 - app.agents.vision_agent - INFO - VisionAgent starting analysis.
2026-07-30 22:25:14 - app.services.yolo_service - INFO - Running YOLO inference...
2026-07-30 22:25:15 - app.services.yolo_service - INFO - Detected 5 pothole(s).
2026-07-30 22:25:15 - app.agents.vision_agent - INFO - VisionAgent analysis complete. Found 5 items.
2026-07-30 22:25:15 - app.agents.vision_agent - INFO - VisionAgent starting analysis.
2026-07-30 22:25:15 - app.services.yolo_service - INFO - Running YOLO inference...
2026-07-30 22:25:15 - app.services.yolo_service - INFO - Detected 4 pothole(s).
2026-07-30 22:25:15 - app.agents.vision_agent - INFO - VisionAgent analysis complete. Found 4 items.
2026-07-30 22:25:16 - app.agents.vision_agent - INFO - VisionAgent starting analysis.
2026-07-30 22:25:16 - app.services.yolo_service - INFO - Running YOLO inference...
2026-07-30 22:25:16 - app.services.yolo_service - INFO - Detected 3 pothole(s).
2026-07-30 22:25:16 - app.agents.vision_agent - INFO - VisionAgent analysis complete. Found 3 items.
2026-07-30 22:25:16 - app.agents.vision_agent - INFO - VisionAgent starting analysis.
2026-07-30 22:25:16 - app.services.yolo_service - INFO - Running YOLO inference...
2026-07-30 22:25:16 - app.services.yolo_service - INFO - Detected 3 pothole(s).
2026-07-30 22:25:16 - app.agents.vision_agent - INFO - VisionAgent analysis complete. Found 3 items.
2026-07-30 22:25:17 - app.agents.vision_agent - INFO - VisionAgent starting analysis.
2026-07-30 22:25:17 - app.services.yolo_service - INFO - Running YOLO inference...
2026-07-30 22:25:17 - app.services.yolo_service - INFO - Detected 3 pothole(s).
2026-07-30 22:25:17 - app.agents.vision_agent - INFO - VisionAgent analysis complete. Found 3 items.
2026-07-30 22:25:17 - app.agents.vision_agent - INFO - VisionAgent starting analysis.
2026-07-30 22:25:17 - app.services.yolo_service - INFO - Running YOLO inference...
2026-07-30 22:25:17 - app.services.yolo_service - INFO - Detected 4 pothole(s).
2026-07-30 22:25:17 - app.agents.vision_agent - INFO - VisionAgent analysis complete. Found 4 items.
2026-07-30 22:25:18 - app.agents.vision_agent - INFO - VisionAgent starting analysis.
2026-07-30 22:25:18 - app.services.yolo_service - INFO - Running YOLO inference...
2026-07-30 22:25:18 - app.services.yolo_service - INFO - Detected 5 pothole(s).
2026-07-30 22:25:18 - app.agents.vision_agent - INFO - VisionAgent analysis complete. Found 5 items.
2026-07-30 22:25:18 - app.agents.vision_agent - INFO - VisionAgent starting analysis.
2026-07-30 22:25:18 - app.services.yolo_service - INFO - Running YOLO inference...
2026-07-30 22:25:18 - app.services.yolo_service - INFO - Detected 6 pothole(s).
2026-07-30 22:25:18 - app.agents.vision_agent - INFO - VisionAgent analysis complete. Found 6 items.
2026-07-30 22:25:19 - app.agents.vision_agent - INFO - VisionAgent starting analysis.
2026-07-30 22:25:19 - app.services.yolo_service - INFO - Running YOLO inference...
2026-07-30 22:25:19 - app.services.yolo_service - INFO - Detected 6 pothole(s).
2026-07-30 22:25:19 - app.agents.vision_agent - INFO - VisionAgent analysis complete. Found 6 items.
2026-07-30 22:25:19 - app.agents.vision_agent - INFO - VisionAgent starting analysis.
2026-07-30 22:25:19 - app.services.yolo_service - INFO - Running YOLO inference...
2026-07-30 22:25:19 - app.services.yolo_service - INFO - Detected 7 pothole(s).
2026-07-30 22:25:19 - app.agents.vision_agent - INFO - VisionAgent analysis complete. Found 7 items.
2026-07-30 22:25:20 - app.agents.vision_agent - INFO - VisionAgent starting analysis.
2026-07-30 22:25:20 - app.services.yolo_service - INFO - Running YOLO inference...
2026-07-30 22:25:20 - app.services.yolo_service - INFO - Detected 5 pothole(s).
2026-07-30 22:25:20 - app.agents.vision_agent - INFO - VisionAgent analysis complete. Found 5 items.
2026-07-30 22:25:20 - app.agents.vision_agent - INFO - VisionAgent starting analysis.
2026-07-30 22:25:20 - app.services.yolo_service - INFO - Running YOLO inference...
2026-07-30 22:25:21 - app.services.yolo_service - INFO - Detected 5 pothole(s).
2026-07-30 22:25:21 - app.agents.vision_agent - INFO - VisionAgent analysis complete. Found 5 items.
2026-07-30 22:25:21 - app.agents.vision_agent - INFO - VisionAgent starting analysis.
2026-07-30 22:25:21 - app.services.yolo_service - INFO - Running YOLO inference...
2026-07-30 22:25:21 - app.services.yolo_service - INFO - Detected 3 pothole(s).
2026-07-30 22:25:21 - app.agents.vision_agent - INFO - VisionAgent analysis complete. Found 3 items.
2026-07-30 22:25:21 - app.agents.vision_agent - INFO - VisionAgent starting analysis.
2026-07-30 22:25:21 - app.services.yolo_service - INFO - Running YOLO inference...
2026-07-30 22:25:22 - app.services.yolo_service - INFO - Detected 5 pothole(s).
2026-07-30 22:25:22 - app.agents.vision_agent - INFO - VisionAgent analysis complete. Found 5 items.
2026-07-30 22:25:22 - app.agents.vision_agent - INFO - VisionAgent starting analysis.
2026-07-30 22:25:22 - app.services.yolo_service - INFO - Running YOLO inference...
2026-07-30 22:25:22 - app.services.yolo_service - INFO - Detected 7 pothole(s).
2026-07-30 22:25:22 - app.agents.vision_agent - INFO - VisionAgent analysis complete. Found 7 items.
2026-07-30 22:25:22 - app.agents.vision_agent - INFO - VisionAgent starting analysis.
2026-07-30 22:25:22 - app.services.yolo_service - INFO - Running YOLO inference...
2026-07-30 22:25:23 - app.services.yolo_service - INFO - Detected 7 pothole(s).
2026-07-30 22:25:23 - app.agents.vision_agent - INFO - VisionAgent analysis complete. Found 7 items.
2026-07-30 22:25:23 - app.agents.vision_agent - INFO - VisionAgent starting analysis.
2026-07-30 22:25:23 - app.services.yolo_service - INFO - Running YOLO inference...
2026-07-30 22:25:23 - app.services.yolo_service - INFO - Detected 2 pothole(s).
2026-07-30 22:25:23 - app.agents.vision_agent - INFO - VisionAgent analysis complete. Found 2 items.
2026-07-30 22:25:24 - app.agents.vision_agent - INFO - VisionAgent starting analysis.
2026-07-30 22:25:24 - app.services.yolo_service - INFO - Running YOLO inference...
2026-07-30 22:25:24 - app.services.yolo_service - INFO - Detected 3 pothole(s).
2026-07-30 22:25:24 - app.agents.vision_agent - INFO - VisionAgent analysis complete. Found 3 items.
2026-07-30 22:25:24 - app.agents.vision_agent - INFO - VisionAgent starting analysis.
2026-07-30 22:25:24 - app.services.yolo_service - INFO - Running YOLO inference...
2026-07-30 22:25:24 - app.services.yolo_service - INFO - Detected 6 pothole(s).
2026-07-30 22:25:24 - app.agents.vision_agent - INFO - VisionAgent analysis complete. Found 6 items.
2026-07-30 22:25:25 - app.agents.vision_agent - INFO - VisionAgent starting analysis.
2026-07-30 22:25:25 - app.services.yolo_service - INFO - Running YOLO inference...
2026-07-30 22:25:25 - app.services.yolo_service - INFO - Detected 1 pothole(s).
2026-07-30 22:25:25 - app.agents.vision_agent - INFO - VisionAgent analysis complete. Found 1 items.
2026-07-30 22:25:25 - app.agents.vision_agent - INFO - VisionAgent starting analysis.
2026-07-30 22:25:25 - app.services.yolo_service - INFO - Running YOLO inference...
2026-07-30 22:25:25 - app.services.yolo_service - INFO - Detected 2 pothole(s).
2026-07-30 22:25:25 - app.agents.vision_agent - INFO - VisionAgent analysis complete. Found 2 items.
2026-07-30 22:25:26 - app.agents.vision_agent - INFO - VisionAgent starting analysis.
2026-07-30 22:25:26 - app.services.yolo_service - INFO - Running YOLO inference...
2026-07-30 22:25:26 - app.services.yolo_service - INFO - Detected 2 pothole(s).
2026-07-30 22:25:26 - app.agents.vision_agent - INFO - VisionAgent analysis complete. Found 2 items.
2026-07-30 22:25:26 - app.agents.vision_agent - INFO - VisionAgent starting analysis.
2026-07-30 22:25:26 - app.services.yolo_service - INFO - Running YOLO inference...
2026-07-30 22:25:26 - app.services.yolo_service - INFO - Detected 3 pothole(s).
2026-07-30 22:25:26 - app.agents.vision_agent - INFO - VisionAgent analysis complete. Found 3 items.
2026-07-30 22:25:27 - app.agents.vision_agent - INFO - VisionAgent starting analysis.
2026-07-30 22:25:27 - app.services.yolo_service - INFO - Running YOLO inference...
2026-07-30 22:25:27 - app.services.yolo_service - INFO - Detected 15 pothole(s).
2026-07-30 22:25:27 - app.agents.vision_agent - INFO - VisionAgent analysis complete. Found 15 items.
2026-07-30 22:25:27 - app.agents.vision_agent - INFO - VisionAgent starting analysis.
2026-07-30 22:25:27 - app.services.yolo_service - INFO - Running YOLO inference...
2026-07-30 22:25:28 - app.services.yolo_service - INFO - Detected 18 pothole(s).
2026-07-30 22:25:28 - app.agents.vision_agent - INFO - VisionAgent analysis complete. Found 18 items.
2026-07-30 22:25:28 - app.agents.vision_agent - INFO - VisionAgent starting analysis.
2026-07-30 22:25:28 - app.services.yolo_service - INFO - Running YOLO inference...
2026-07-30 22:25:28 - app.services.yolo_service - INFO - Detected 19 pothole(s).
2026-07-30 22:25:28 - app.agents.vision_agent - INFO - VisionAgent analysis complete. Found 19 items.
2026-07-30 22:25:28 - app.agents.vision_agent - INFO - VisionAgent starting analysis.
2026-07-30 22:25:28 - app.services.yolo_service - INFO - Running YOLO inference...
2026-07-30 22:25:29 - app.services.yolo_service - INFO - Detected 17 pothole(s).
2026-07-30 22:25:29 - app.agents.vision_agent - INFO - VisionAgent analysis complete. Found 17 items.
2026-07-30 22:25:29 - app.agents.vision_agent - INFO - VisionAgent starting analysis.
2026-07-30 22:25:29 - app.services.yolo_service - INFO - Running YOLO inference...
2026-07-30 22:25:29 - app.services.yolo_service - INFO - Detected 12 pothole(s).
2026-07-30 22:25:29 - app.agents.vision_agent - INFO - VisionAgent analysis complete. Found 12 items.
2026-07-30 22:25:29 - app.agents.vision_agent - INFO - VisionAgent starting analysis.
2026-07-30 22:25:29 - app.services.yolo_service - INFO - Running YOLO inference...
2026-07-30 22:25:30 - app.services.yolo_service - INFO - Detected 15 pothole(s).
2026-07-30 22:25:30 - app.agents.vision_agent - INFO - VisionAgent analysis complete. Found 15 items.
2026-07-30 22:25:30 - app.agents.vision_agent - INFO - VisionAgent starting analysis.
2026-07-30 22:25:30 - app.services.yolo_service - INFO - Running YOLO inference...
2026-07-30 22:25:30 - app.services.yolo_service - INFO - Detected 17 pothole(s).
2026-07-30 22:25:30 - app.agents.vision_agent - INFO - VisionAgent analysis complete. Found 17 items.
2026-07-30 22:25:30 - app.agents.vision_agent - INFO - VisionAgent starting analysis.
2026-07-30 22:25:30 - app.services.yolo_service - INFO - Running YOLO inference...
2026-07-30 22:25:31 - app.services.yolo_service - INFO - Detected 13 pothole(s).
2026-07-30 22:25:31 - app.agents.vision_agent - INFO - VisionAgent analysis complete. Found 13 items.
2026-07-30 22:25:31 - app.agents.vision_agent - INFO - VisionAgent starting analysis.
2026-07-30 22:25:31 - app.services.yolo_service - INFO - Running YOLO inference...
2026-07-30 22:25:31 - app.services.yolo_service - INFO - Detected 22 pothole(s).
2026-07-30 22:25:31 - app.agents.vision_agent - INFO - VisionAgent analysis complete. Found 22 items.
2026-07-30 22:25:31 - app.agents.vision_agent - INFO - VisionAgent starting analysis.
2026-07-30 22:25:31 - app.services.yolo_service - INFO - Running YOLO inference...
2026-07-30 22:25:32 - app.services.yolo_service - INFO - Detected 16 pothole(s).
2026-07-30 22:25:32 - app.agents.vision_agent - INFO - VisionAgent analysis complete. Found 16 items.
2026-07-30 22:25:32 - app.agents.vision_agent - INFO - VisionAgent starting analysis.
2026-07-30 22:25:32 - app.services.yolo_service - INFO - Running YOLO inference...
2026-07-30 22:25:32 - app.services.yolo_service - INFO - Detected 21 pothole(s).
2026-07-30 22:25:32 - app.agents.vision_agent - INFO - VisionAgent analysis complete. Found 21 items.
2026-07-30 22:25:33 - app.agents.vision_agent - INFO - VisionAgent starting analysis.
2026-07-30 22:25:33 - app.services.yolo_service - INFO - Running YOLO inference...
2026-07-30 22:25:33 - app.services.yolo_service - INFO - Detected 28 pothole(s).
2026-07-30 22:25:33 - app.agents.vision_agent - INFO - VisionAgent analysis complete. Found 28 items.
2026-07-30 22:25:33 - app.agents.vision_agent - INFO - VisionAgent starting analysis.
2026-07-30 22:25:33 - app.services.yolo_service - INFO - Running YOLO inference...
2026-07-30 22:25:33 - app.services.yolo_service - INFO - Detected 26 pothole(s).
2026-07-30 22:25:33 - app.agents.vision_agent - INFO - VisionAgent analysis complete. Found 26 items.
2026-07-30 22:25:34 - app.agents.vision_agent - INFO - VisionAgent starting analysis.
2026-07-30 22:25:34 - app.services.yolo_service - INFO - Running YOLO inference...
2026-07-30 22:25:34 - app.services.yolo_service - INFO - Detected 20 pothole(s).
2026-07-30 22:25:34 - app.agents.vision_agent - INFO - VisionAgent analysis complete. Found 20 items.
2026-07-30 22:25:34 - app.agents.vision_agent - INFO - VisionAgent starting analysis.
2026-07-30 22:25:34 - app.services.yolo_service - INFO - Running YOLO inference...
2026-07-30 22:25:34 - app.services.yolo_service - INFO - Detected 18 pothole(s).
2026-07-30 22:25:34 - app.agents.vision_agent - INFO - VisionAgent analysis complete. Found 18 items.
2026-07-30 22:25:35 - app.agents.vision_agent - INFO - VisionAgent starting analysis.
2026-07-30 22:25:35 - app.services.yolo_service - INFO - Running YOLO inference...
2026-07-30 22:25:35 - app.services.yolo_service - INFO - Detected 24 pothole(s).
2026-07-30 22:25:35 - app.agents.vision_agent - INFO - VisionAgent analysis complete. Found 24 items.
2026-07-30 22:25:35 - app.agents.vision_agent - INFO - VisionAgent starting analysis.
2026-07-30 22:25:36 - app.services.yolo_service - INFO - Running YOLO inference...
2026-07-30 22:25:36 - app.services.yolo_service - INFO - Detected 18 pothole(s).
2026-07-30 22:25:36 - app.agents.vision_agent - INFO - VisionAgent analysis complete. Found 18 items.
2026-07-30 22:25:37 - app.agents.vision_agent - INFO - VisionAgent starting analysis.
2026-07-30 22:25:37 - app.services.yolo_service - INFO - Running YOLO inference...
2026-07-30 22:25:37 - app.services.yolo_service - INFO - Detected 15 pothole(s).
2026-07-30 22:25:37 - app.agents.vision_agent - INFO - VisionAgent analysis complete. Found 15 items.
2026-07-30 22:25:38 - app.agents.vision_agent - INFO - VisionAgent starting analysis.
2026-07-30 22:25:38 - app.services.yolo_service - INFO - Running YOLO inference...
2026-07-30 22:25:38 - app.services.yolo_service - INFO - Detected 26 pothole(s).
2026-07-30 22:25:38 - app.agents.vision_agent - INFO - VisionAgent analysis complete. Found 26 items.
2026-07-30 22:25:39 - app.agents.vision_agent - INFO - VisionAgent starting analysis.
2026-07-30 22:25:39 - app.services.yolo_service - INFO - Running YOLO inference...
2026-07-30 22:25:39 - app.services.yolo_service - INFO - Detected 21 pothole(s).
2026-07-30 22:25:39 - app.agents.vision_agent - INFO - VisionAgent analysis complete. Found 21 items.
2026-07-30 22:25:39 - app.agents.vision_agent - INFO - VisionAgent starting analysis.
2026-07-30 22:25:39 - app.services.yolo_service - INFO - Running YOLO inference...
2026-07-30 22:25:40 - app.services.yolo_service - INFO - Detected 18 pothole(s).
2026-07-30 22:25:40 - app.agents.vision_agent - INFO - VisionAgent analysis complete. Found 18 items.
2026-07-30 22:25:41 - app.agents.vision_agent - INFO - VisionAgent starting analysis.
2026-07-30 22:25:41 - app.services.yolo_service - INFO - Running YOLO inference...
2026-07-30 22:25:41 - app.services.yolo_service - INFO - Detected 22 pothole(s).
2026-07-30 22:25:41 - app.agents.vision_agent - INFO - VisionAgent analysis complete. Found 22 items.
2026-07-30 22:25:41 - app.agents.vision_agent - INFO - VisionAgent starting analysis.
2026-07-30 22:25:41 - app.services.yolo_service - INFO - Running YOLO inference...
2026-07-30 22:25:42 - app.services.yolo_service - INFO - Detected 24 pothole(s).
2026-07-30 22:25:42 - app.agents.vision_agent - INFO - VisionAgent analysis complete. Found 24 items.
2026-07-30 22:25:42 - app.agents.vision_agent - INFO - VisionAgent starting analysis.
2026-07-30 22:25:42 - app.services.yolo_service - INFO - Running YOLO inference...
2026-07-30 22:25:42 - app.services.yolo_service - INFO - Detected 16 pothole(s).
2026-07-30 22:25:42 - app.agents.vision_agent - INFO - VisionAgent analysis complete. Found 16 items.
2026-07-30 22:25:43 - app.agents.vision_agent - INFO - VisionAgent starting analysis.
2026-07-30 22:25:43 - app.services.yolo_service - INFO - Running YOLO inference...
2026-07-30 22:25:43 - app.services.yolo_service - INFO - Detected 18 pothole(s).
2026-07-30 22:25:43 - app.agents.vision_agent - INFO - VisionAgent analysis complete. Found 18 items.
2026-07-30 22:25:44 - app.agents.vision_agent - INFO - VisionAgent starting analysis.
2026-07-30 22:25:44 - app.services.yolo_service - INFO - Running YOLO inference...
2026-07-30 22:25:44 - app.services.yolo_service - INFO - Detected 17 pothole(s).
2026-07-30 22:25:44 - app.agents.vision_agent - INFO - VisionAgent analysis complete. Found 17 items.
2026-07-30 22:25:44 - app.agents.vision_agent - INFO - VisionAgent starting analysis.
2026-07-30 22:25:44 - app.services.yolo_service - INFO - Running YOLO inference...
2026-07-30 22:25:44 - app.services.yolo_service - INFO - Detected 15 pothole(s).
2026-07-30 22:25:44 - app.agents.vision_agent - INFO - VisionAgent analysis complete. Found 15 items.
2026-07-30 22:25:45 - app.agents.vision_agent - INFO - VisionAgent starting analysis.
2026-07-30 22:25:45 - app.services.yolo_service - INFO - Running YOLO inference...
2026-07-30 22:25:45 - app.services.yolo_service - INFO - Detected 15 pothole(s).
2026-07-30 22:25:45 - app.agents.vision_agent - INFO - VisionAgent analysis complete. Found 15 items.
2026-07-30 22:25:45 - app.agents.vision_agent - INFO - VisionAgent starting analysis.
2026-07-30 22:25:45 - app.services.yolo_service - INFO - Running YOLO inference...
2026-07-30 22:25:45 - app.services.yolo_service - INFO - Detected 17 pothole(s).
2026-07-30 22:25:45 - app.agents.vision_agent - INFO - VisionAgent analysis complete. Found 17 items.
2026-07-30 22:25:46 - app.agents.vision_agent - INFO - VisionAgent starting analysis.
2026-07-30 22:25:46 - app.services.yolo_service - INFO - Running YOLO inference...
2026-07-30 22:25:46 - app.services.yolo_service - INFO - Detected 18 pothole(s).
2026-07-30 22:25:46 - app.agents.vision_agent - INFO - VisionAgent analysis complete. Found 18 items.
2026-07-30 22:25:46 - app.agents.vision_agent - INFO - VisionAgent starting analysis.
2026-07-30 22:25:46 - app.services.yolo_service - INFO - Running YOLO inference...
2026-07-30 22:25:47 - app.services.yolo_service - INFO - Detected 16 pothole(s).
2026-07-30 22:25:47 - app.agents.vision_agent - INFO - VisionAgent analysis complete. Found 16 items.
2026-07-30 22:25:54 - app.agents.vision_agent - INFO - VisionAgent starting analysis.
2026-07-30 22:25:54 - app.services.yolo_service - INFO - Running YOLO inference...
2026-07-30 22:25:54 - app.services.yolo_service - INFO - Detected 10 pothole(s).
2026-07-30 22:25:54 - app.agents.vision_agent - INFO - VisionAgent analysis complete. Found 10 items.
2026-07-30 22:27:05 - app.agents.vision_agent - INFO - VisionAgent starting analysis.
2026-07-30 22:27:05 - app.services.yolo_service - INFO - Running YOLO inference...
2026-07-30 22:27:05 - app.services.yolo_service - INFO - Detected 7 pothole(s).
2026-07-30 22:27:05 - app.agents.vision_agent - INFO - VisionAgent analysis complete. Found 7 items.
2026-07-30 22:27:06 - app.agents.vision_agent - INFO - VisionAgent starting analysis.
2026-07-30 22:27:06 - app.services.yolo_service - INFO - Running YOLO inference...
2026-07-30 22:27:06 - app.services.yolo_service - INFO - Detected 5 pothole(s).
2026-07-30 22:27:06 - app.agents.vision_agent - INFO - VisionAgent analysis complete. Found 5 items.
2026-07-30 22:27:06 - app.agents.vision_agent - INFO - VisionAgent starting analysis.
2026-07-30 22:27:06 - app.services.yolo_service - INFO - Running YOLO inference...
2026-07-30 22:27:07 - app.services.yolo_service - INFO - Detected 7 pothole(s).
2026-07-30 22:27:07 - app.agents.vision_agent - INFO - VisionAgent analysis complete. Found 7 items.
2026-07-30 22:27:07 - app.agents.vision_agent - INFO - VisionAgent starting analysis.
2026-07-30 22:27:07 - app.services.yolo_service - INFO - Running YOLO inference...
2026-07-30 22:27:07 - app.services.yolo_service - INFO - Detected 7 pothole(s).
2026-07-30 22:27:07 - app.agents.vision_agent - INFO - VisionAgent analysis complete. Found 7 items.
2026-07-30 22:27:07 - app.agents.vision_agent - INFO - VisionAgent starting analysis.
2026-07-30 22:27:07 - app.services.yolo_service - INFO - Running YOLO inference...
2026-07-30 22:27:07 - app.services.yolo_service - INFO - Detected 9 pothole(s).
2026-07-30 22:27:07 - app.agents.vision_agent - INFO - VisionAgent analysis complete. Found 9 items.
2026-07-30 22:27:08 - app.agents.vision_agent - INFO - VisionAgent starting analysis.
2026-07-30 22:27:08 - app.services.yolo_service - INFO - Running YOLO inference...
2026-07-30 22:27:08 - app.services.yolo_service - INFO - Detected 7 pothole(s).
2026-07-30 22:27:08 - app.agents.vision_agent - INFO - VisionAgent analysis complete. Found 7 items.
2026-07-30 22:27:08 - app.agents.vision_agent - INFO - VisionAgent starting analysis.
2026-07-30 22:27:08 - app.services.yolo_service - INFO - Running YOLO inference...
2026-07-30 22:27:09 - app.services.yolo_service - INFO - Detected 5 pothole(s).
2026-07-30 22:27:09 - app.agents.vision_agent - INFO - VisionAgent analysis complete. Found 5 items.
2026-07-30 22:27:09 - app.agents.vision_agent - INFO - VisionAgent starting analysis.
2026-07-30 22:27:09 - app.services.yolo_service - INFO - Running YOLO inference...
2026-07-30 22:27:09 - app.services.yolo_service - INFO - Detected 7 pothole(s).
2026-07-30 22:27:09 - app.agents.vision_agent - INFO - VisionAgent analysis complete. Found 7 items.
2026-07-30 22:27:10 - app.agents.vision_agent - INFO - VisionAgent starting analysis.
2026-07-30 22:27:10 - app.services.yolo_service - INFO - Running YOLO inference...
2026-07-30 22:27:10 - app.services.yolo_service - INFO - Detected 9 pothole(s).
2026-07-30 22:27:10 - app.agents.vision_agent - INFO - VisionAgent analysis complete. Found 9 items.
2026-07-30 22:27:10 - app.agents.vision_agent - INFO - VisionAgent starting analysis.
2026-07-30 22:27:10 - app.services.yolo_service - INFO - Running YOLO inference...
2026-07-30 22:27:11 - app.services.yolo_service - INFO - Detected 9 pothole(s).
2026-07-30 22:27:11 - app.agents.vision_agent - INFO - VisionAgent analysis complete. Found 9 items.
2026-07-30 22:27:11 - app.agents.vision_agent - INFO - VisionAgent starting analysis.
2026-07-30 22:27:11 - app.services.yolo_service - INFO - Running YOLO inference...
2026-07-30 22:27:11 - app.services.yolo_service - INFO - Detected 3 pothole(s).
2026-07-30 22:27:11 - app.agents.vision_agent - INFO - VisionAgent analysis complete. Found 3 items.
2026-07-30 22:27:11 - app.agents.vision_agent - INFO - VisionAgent starting analysis.
2026-07-30 22:27:11 - app.services.yolo_service - INFO - Running YOLO inference...
2026-07-30 22:27:12 - app.services.yolo_service - INFO - Detected 4 pothole(s).
2026-07-30 22:27:12 - app.agents.vision_agent - INFO - VisionAgent analysis complete. Found 4 items.
2026-07-30 22:27:12 - app.agents.vision_agent - INFO - VisionAgent starting analysis.
2026-07-30 22:27:12 - app.services.yolo_service - INFO - Running YOLO inference...
2026-07-30 22:27:12 - app.services.yolo_service - INFO - Detected 6 pothole(s).
2026-07-30 22:27:12 - app.agents.vision_agent - INFO - VisionAgent analysis complete. Found 6 items.
2026-07-30 22:27:13 - app.agents.vision_agent - INFO - VisionAgent starting analysis.
2026-07-30 22:27:13 - app.services.yolo_service - INFO - Running YOLO inference...
2026-07-30 22:27:13 - app.services.yolo_service - INFO - Detected 3 pothole(s).
2026-07-30 22:27:13 - app.agents.vision_agent - INFO - VisionAgent analysis complete. Found 3 items.
2026-07-30 22:27:13 - app.agents.vision_agent - INFO - VisionAgent starting analysis.
2026-07-30 22:27:13 - app.services.yolo_service - INFO - Running YOLO inference...
2026-07-30 22:27:14 - app.services.yolo_service - INFO - Detected 1 pothole(s).
2026-07-30 22:27:14 - app.agents.vision_agent - INFO - VisionAgent analysis complete. Found 1 items.
2026-07-30 22:27:14 - app.agents.vision_agent - INFO - VisionAgent starting analysis.
2026-07-30 22:27:14 - app.services.yolo_service - INFO - Running YOLO inference...
2026-07-30 22:27:14 - app.services.yolo_service - INFO - Detected 2 pothole(s).
2026-07-30 22:27:14 - app.agents.vision_agent - INFO - VisionAgent analysis complete. Found 2 items.
2026-07-30 22:27:15 - app.agents.vision_agent - INFO - VisionAgent starting analysis.
2026-07-30 22:27:15 - app.services.yolo_service - INFO - Running YOLO inference...
2026-07-30 22:27:15 - app.services.yolo_service - INFO - Detected 2 pothole(s).
2026-07-30 22:27:15 - app.agents.vision_agent - INFO - VisionAgent analysis complete. Found 2 items.
2026-07-30 22:27:15 - app.agents.vision_agent - INFO - VisionAgent starting analysis.
2026-07-30 22:27:15 - app.services.yolo_service - INFO - Running YOLO inference...
2026-07-30 22:27:15 - app.services.yolo_service - INFO - Detected 3 pothole(s).
2026-07-30 22:27:15 - app.agents.vision_agent - INFO - VisionAgent analysis complete. Found 3 items.
2026-07-30 22:27:16 - app.agents.vision_agent - INFO - VisionAgent starting analysis.
2026-07-30 22:27:16 - app.services.yolo_service - INFO - Running YOLO inference...
2026-07-30 22:27:16 - app.services.yolo_service - INFO - Detected 2 pothole(s).
2026-07-30 22:27:16 - app.agents.vision_agent - INFO - VisionAgent analysis complete. Found 2 items.
2026-07-30 22:27:16 - app.agents.vision_agent - INFO - VisionAgent starting analysis.
2026-07-30 22:27:16 - app.services.yolo_service - INFO - Running YOLO inference...
2026-07-30 22:27:17 - app.services.yolo_service - INFO - Detected 3 pothole(s).
2026-07-30 22:27:17 - app.agents.vision_agent - INFO - VisionAgent analysis complete. Found 3 items.
2026-07-30 22:27:17 - app.agents.vision_agent - INFO - VisionAgent starting analysis.
2026-07-30 22:27:17 - app.services.yolo_service - INFO - Running YOLO inference...
2026-07-30 22:27:18 - app.services.yolo_service - INFO - Detected 3 pothole(s).
2026-07-30 22:27:18 - app.agents.vision_agent - INFO - VisionAgent analysis complete. Found 3 items.
2026-07-30 22:27:18 - app.agents.vision_agent - INFO - VisionAgent starting analysis.
2026-07-30 22:27:18 - app.services.yolo_service - INFO - Running YOLO inference...
2026-07-30 22:27:18 - app.services.yolo_service - INFO - Detected 5 pothole(s).
2026-07-30 22:27:18 - app.agents.vision_agent - INFO - VisionAgent analysis complete. Found 5 items.
2026-07-30 22:27:19 - app.agents.vision_agent - INFO - VisionAgent starting analysis.
2026-07-30 22:27:19 - app.services.yolo_service - INFO - Running YOLO inference...
2026-07-30 22:27:19 - app.services.yolo_service - INFO - Detected 5 pothole(s).
2026-07-30 22:27:19 - app.agents.vision_agent - INFO - VisionAgent analysis complete. Found 5 items.
2026-07-30 22:27:19 - app.agents.vision_agent - INFO - VisionAgent starting analysis.
2026-07-30 22:27:19 - app.services.yolo_service - INFO - Running YOLO inference...
2026-07-30 22:27:20 - app.services.yolo_service - INFO - Detected 5 pothole(s).
2026-07-30 22:27:20 - app.agents.vision_agent - INFO - VisionAgent analysis complete. Found 5 items.
2026-07-30 22:27:20 - app.agents.vision_agent - INFO - VisionAgent starting analysis.
2026-07-30 22:27:20 - app.services.yolo_service - INFO - Running YOLO inference...
2026-07-30 22:27:20 - app.services.yolo_service - INFO - Detected 7 pothole(s).
2026-07-30 22:27:20 - app.agents.vision_agent - INFO - VisionAgent analysis complete. Found 7 items.
2026-07-30 22:27:20 - app.agents.vision_agent - INFO - VisionAgent starting analysis.
2026-07-30 22:27:20 - app.services.yolo_service - INFO - Running YOLO inference...
2026-07-30 22:27:21 - app.services.yolo_service - INFO - Detected 10 pothole(s).
2026-07-30 22:27:21 - app.agents.vision_agent - INFO - VisionAgent analysis complete. Found 10 items.
2026-07-30 22:27:21 - app.agents.vision_agent - INFO - VisionAgent starting analysis.
2026-07-30 22:27:21 - app.services.yolo_service - INFO - Running YOLO inference...
2026-07-30 22:27:21 - app.services.yolo_service - INFO - Detected 8 pothole(s).
2026-07-30 22:27:21 - app.agents.vision_agent - INFO - VisionAgent analysis complete. Found 8 items.
2026-07-30 22:27:22 - app.agents.vision_agent - INFO - VisionAgent starting analysis.
2026-07-30 22:27:22 - app.services.yolo_service - INFO - Running YOLO inference...
2026-07-30 22:27:22 - app.services.yolo_service - INFO - Detected 8 pothole(s).
2026-07-30 22:27:22 - app.agents.vision_agent - INFO - VisionAgent analysis complete. Found 8 items.
2026-07-30 22:27:22 - app.agents.vision_agent - INFO - VisionAgent starting analysis.
2026-07-30 22:27:22 - app.services.yolo_service - INFO - Running YOLO inference...
2026-07-30 22:27:22 - app.services.yolo_service - INFO - Detected 6 pothole(s).
2026-07-30 22:27:22 - app.agents.vision_agent - INFO - VisionAgent analysis complete. Found 6 items.
2026-07-30 22:27:23 - app.agents.vision_agent - INFO - VisionAgent starting analysis.
2026-07-30 22:27:23 - app.services.yolo_service - INFO - Running YOLO inference...
2026-07-30 22:27:23 - app.services.yolo_service - INFO - Detected 6 pothole(s).
2026-07-30 22:27:23 - app.agents.vision_agent - INFO - VisionAgent analysis complete. Found 6 items.
2026-07-30 22:27:23 - app.agents.vision_agent - INFO - VisionAgent starting analysis.
2026-07-30 22:27:23 - app.services.yolo_service - INFO - Running YOLO inference...
2026-07-30 22:27:23 - app.services.yolo_service - INFO - Detected 8 pothole(s).
2026-07-30 22:27:23 - app.agents.vision_agent - INFO - VisionAgent analysis complete. Found 8 items.
2026-07-30 22:27:24 - app.agents.vision_agent - INFO - VisionAgent starting analysis.
2026-07-30 22:27:24 - app.services.yolo_service - INFO - Running YOLO inference...
2026-07-30 22:27:24 - app.services.yolo_service - INFO - Detected 8 pothole(s).
2026-07-30 22:27:24 - app.agents.vision_agent - INFO - VisionAgent analysis complete. Found 8 items.
2026-07-30 22:27:24 - app.agents.vision_agent - INFO - VisionAgent starting analysis.
2026-07-30 22:27:24 - app.services.yolo_service - INFO - Running YOLO inference...
2026-07-30 22:27:25 - app.services.yolo_service - INFO - Detected 6 pothole(s).
2026-07-30 22:27:25 - app.agents.vision_agent - INFO - VisionAgent analysis complete. Found 6 items.
2026-07-30 22:27:25 - app.agents.vision_agent - INFO - VisionAgent starting analysis.
2026-07-30 22:27:25 - app.services.yolo_service - INFO - Running YOLO inference...
2026-07-30 22:27:25 - app.services.yolo_service - INFO - Detected 10 pothole(s).
2026-07-30 22:27:25 - app.agents.vision_agent - INFO - VisionAgent analysis complete. Found 10 items.
2026-07-30 22:27:25 - app.agents.vision_agent - INFO - VisionAgent starting analysis.
2026-07-30 22:27:25 - app.services.yolo_service - INFO - Running YOLO inference...
2026-07-30 22:27:26 - app.services.yolo_service - INFO - Detected 8 pothole(s).
2026-07-30 22:27:26 - app.agents.vision_agent - INFO - VisionAgent analysis complete. Found 8 items.
2026-07-30 22:27:26 - app.agents.vision_agent - INFO - VisionAgent starting analysis.
2026-07-30 22:27:26 - app.services.yolo_service - INFO - Running YOLO inference...
2026-07-30 22:27:26 - app.services.yolo_service - INFO - Detected 7 pothole(s).
2026-07-30 22:27:26 - app.agents.vision_agent - INFO - VisionAgent analysis complete. Found 7 items.
2026-07-30 22:27:26 - app.agents.vision_agent - INFO - VisionAgent starting analysis.
2026-07-30 22:27:26 - app.services.yolo_service - INFO - Running YOLO inference...
2026-07-30 22:27:27 - app.services.yolo_service - INFO - Detected 11 pothole(s).
2026-07-30 22:27:27 - app.agents.vision_agent - INFO - VisionAgent analysis complete. Found 11 items.
2026-07-30 22:27:27 - app.agents.vision_agent - INFO - VisionAgent starting analysis.
2026-07-30 22:27:27 - app.services.yolo_service - INFO - Running YOLO inference...
2026-07-30 22:27:27 - app.services.yolo_service - INFO - Detected 10 pothole(s).
2026-07-30 22:27:27 - app.agents.vision_agent - INFO - VisionAgent analysis complete. Found 10 items.
2026-07-30 22:27:27 - app.agents.vision_agent - INFO - VisionAgent starting analysis.
2026-07-30 22:27:27 - app.services.yolo_service - INFO - Running YOLO inference...
2026-07-30 22:27:28 - app.services.yolo_service - INFO - Detected 6 pothole(s).
2026-07-30 22:27:28 - app.agents.vision_agent - INFO - VisionAgent analysis complete. Found 6 items.
2026-07-30 22:27:28 - app.agents.vision_agent - INFO - VisionAgent starting analysis.
2026-07-30 22:27:28 - app.services.yolo_service - INFO - Running YOLO inference...
2026-07-30 22:27:28 - app.services.yolo_service - INFO - Detected 5 pothole(s).
2026-07-30 22:27:28 - app.agents.vision_agent - INFO - VisionAgent analysis complete. Found 5 items.
2026-07-30 22:27:28 - app.agents.vision_agent - INFO - VisionAgent starting analysis.
2026-07-30 22:27:28 - app.services.yolo_service - INFO - Running YOLO inference...
2026-07-30 22:27:29 - app.services.yolo_service - INFO - Detected 5 pothole(s).
2026-07-30 22:27:29 - app.agents.vision_agent - INFO - VisionAgent analysis complete. Found 5 items.
2026-07-30 22:27:29 - app.agents.vision_agent - INFO - VisionAgent starting analysis.
2026-07-30 22:27:29 - app.services.yolo_service - INFO - Running YOLO inference...
2026-07-30 22:27:29 - app.services.yolo_service - INFO - Detected 5 pothole(s).
2026-07-30 22:27:29 - app.agents.vision_agent - INFO - VisionAgent analysis complete. Found 5 items.
2026-07-30 22:27:30 - app.agents.vision_agent - INFO - VisionAgent starting analysis.
2026-07-30 22:27:30 - app.services.yolo_service - INFO - Running YOLO inference...
2026-07-30 22:27:30 - app.services.yolo_service - INFO - Detected 7 pothole(s).
2026-07-30 22:27:30 - app.agents.vision_agent - INFO - VisionAgent analysis complete. Found 7 items.
2026-07-30 22:27:30 - app.agents.vision_agent - INFO - VisionAgent starting analysis.
2026-07-30 22:27:30 - app.services.yolo_service - INFO - Running YOLO inference...
2026-07-30 22:27:30 - app.services.yolo_service - INFO - Detected 4 pothole(s).
2026-07-30 22:27:30 - app.agents.vision_agent - INFO - VisionAgent analysis complete. Found 4 items.
2026-07-30 22:27:31 - app.agents.vision_agent - INFO - VisionAgent starting analysis.
2026-07-30 22:27:31 - app.services.yolo_service - INFO - Running YOLO inference...
2026-07-30 22:27:31 - app.services.yolo_service - INFO - Detected 3 pothole(s).
2026-07-30 22:27:31 - app.agents.vision_agent - INFO - VisionAgent analysis complete. Found 3 items.
2026-07-30 22:27:31 - app.agents.vision_agent - INFO - VisionAgent starting analysis.
2026-07-30 22:27:31 - app.services.yolo_service - INFO - Running YOLO inference...
2026-07-30 22:27:31 - app.services.yolo_service - INFO - Detected 6 pothole(s).
2026-07-30 22:27:31 - app.agents.vision_agent - INFO - VisionAgent analysis complete. Found 6 items.
2026-07-30 22:27:32 - app.agents.vision_agent - INFO - VisionAgent starting analysis.
2026-07-30 22:27:32 - app.services.yolo_service - INFO - Running YOLO inference...
2026-07-30 22:27:32 - app.services.yolo_service - INFO - Detected 4 pothole(s).
2026-07-30 22:27:32 - app.agents.vision_agent - INFO - VisionAgent analysis complete. Found 4 items.
2026-07-30 22:27:32 - app.agents.vision_agent - INFO - VisionAgent starting analysis.
2026-07-30 22:27:32 - app.services.yolo_service - INFO - Running YOLO inference...
2026-07-30 22:27:32 - app.services.yolo_service - INFO - Detected 7 pothole(s).
2026-07-30 22:27:32 - app.agents.vision_agent - INFO - VisionAgent analysis complete. Found 7 items.
2026-07-30 22:27:33 - app.agents.vision_agent - INFO - VisionAgent starting analysis.
2026-07-30 22:27:33 - app.services.yolo_service - INFO - Running YOLO inference...
2026-07-30 22:27:33 - app.services.yolo_service - INFO - Detected 5 pothole(s).
2026-07-30 22:27:33 - app.agents.vision_agent - INFO - VisionAgent analysis complete. Found 5 items.
2026-07-30 22:27:33 - app.agents.vision_agent - INFO - VisionAgent starting analysis.
2026-07-30 22:27:33 - app.services.yolo_service - INFO - Running YOLO inference...
2026-07-30 22:27:34 - app.services.yolo_service - INFO - Detected 11 pothole(s).
2026-07-30 22:27:34 - app.agents.vision_agent - INFO - VisionAgent analysis complete. Found 11 items.
2026-07-30 22:27:34 - app.agents.vision_agent - INFO - VisionAgent starting analysis.
2026-07-30 22:27:34 - app.services.yolo_service - INFO - Running YOLO inference...
2026-07-30 22:27:34 - app.services.yolo_service - INFO - Detected 8 pothole(s).
2026-07-30 22:27:34 - app.agents.vision_agent - INFO - VisionAgent analysis complete. Found 8 items.
2026-07-30 22:27:34 - app.agents.vision_agent - INFO - VisionAgent starting analysis.
2026-07-30 22:27:34 - app.services.yolo_service - INFO - Running YOLO inference...
2026-07-30 22:27:35 - app.services.yolo_service - INFO - Detected 9 pothole(s).
2026-07-30 22:27:35 - app.agents.vision_agent - INFO - VisionAgent analysis complete. Found 9 items.
2026-07-30 22:27:35 - app.agents.vision_agent - INFO - VisionAgent starting analysis.
2026-07-30 22:27:35 - app.services.yolo_service - INFO - Running YOLO inference...
2026-07-30 22:27:35 - app.services.yolo_service - INFO - Detected 7 pothole(s).
2026-07-30 22:27:35 - app.agents.vision_agent - INFO - VisionAgent analysis complete. Found 7 items.
2026-07-30 22:27:35 - app.agents.vision_agent - INFO - VisionAgent starting analysis.
2026-07-30 22:27:35 - app.services.yolo_service - INFO - Running YOLO inference...
2026-07-30 22:27:36 - app.services.yolo_service - INFO - Detected 8 pothole(s).
2026-07-30 22:27:36 - app.agents.vision_agent - INFO - VisionAgent analysis complete. Found 8 items.
2026-07-30 22:27:36 - app.agents.vision_agent - INFO - VisionAgent starting analysis.
2026-07-30 22:27:36 - app.services.yolo_service - INFO - Running YOLO inference...
2026-07-30 22:27:36 - app.services.yolo_service - INFO - Detected 11 pothole(s).
2026-07-30 22:27:36 - app.agents.vision_agent - INFO - VisionAgent analysis complete. Found 11 items.
2026-07-30 22:27:36 - app.agents.vision_agent - INFO - VisionAgent starting analysis.
2026-07-30 22:27:36 - app.services.yolo_service - INFO - Running YOLO inference...
2026-07-30 22:27:37 - app.services.yolo_service - INFO - Detected 10 pothole(s).
2026-07-30 22:27:37 - app.agents.vision_agent - INFO - VisionAgent analysis complete. Found 10 items.
2026-07-30 22:27:37 - app.agents.vision_agent - INFO - VisionAgent starting analysis.
2026-07-30 22:27:37 - app.services.yolo_service - INFO - Running YOLO inference...
2026-07-30 22:27:38 - app.services.yolo_service - INFO - Detected 10 pothole(s).
2026-07-30 22:27:38 - app.agents.vision_agent - INFO - VisionAgent analysis complete. Found 10 items.
2026-07-30 22:27:38 - app.agents.vision_agent - INFO - VisionAgent starting analysis.
2026-07-30 22:27:38 - app.services.yolo_service - INFO - Running YOLO inference...
2026-07-30 22:27:39 - app.services.yolo_service - INFO - Detected 9 pothole(s).
2026-07-30 22:27:39 - app.agents.vision_agent - INFO - VisionAgent analysis complete. Found 9 items.
2026-07-30 22:27:39 - app.agents.vision_agent - INFO - VisionAgent starting analysis.
2026-07-30 22:27:39 - app.services.yolo_service - INFO - Running YOLO inference...
2026-07-30 22:27:40 - app.services.yolo_service - INFO - Detected 8 pothole(s).
2026-07-30 22:27:40 - app.agents.vision_agent - INFO - VisionAgent analysis complete. Found 8 items.
2026-07-30 22:27:40 - app.agents.vision_agent - INFO - VisionAgent starting analysis.
2026-07-30 22:27:40 - app.services.yolo_service - INFO - Running YOLO inference...
2026-07-30 22:27:40 - app.services.yolo_service - INFO - Detected 8 pothole(s).
2026-07-30 22:27:40 - app.agents.vision_agent - INFO - VisionAgent analysis complete. Found 8 items.
2026-07-30 22:27:41 - app.agents.vision_agent - INFO - VisionAgent starting analysis.
2026-07-30 22:27:41 - app.services.yolo_service - INFO - Running YOLO inference...
2026-07-30 22:27:41 - app.services.yolo_service - INFO - Detected 8 pothole(s).
2026-07-30 22:27:41 - app.agents.vision_agent - INFO - VisionAgent analysis complete. Found 8 items.
2026-07-30 22:27:42 - app.agents.vision_agent - INFO - VisionAgent starting analysis.
2026-07-30 22:27:42 - app.services.yolo_service - INFO - Running YOLO inference...
2026-07-30 22:27:42 - app.services.yolo_service - INFO - Detected 13 pothole(s).
2026-07-30 22:27:42 - app.agents.vision_agent - INFO - VisionAgent analysis complete. Found 13 items.
2026-07-30 22:27:43 - app.agents.vision_agent - INFO - VisionAgent starting analysis.
2026-07-30 22:27:43 - app.services.yolo_service - INFO - Running YOLO inference...
2026-07-30 22:27:43 - app.services.yolo_service - INFO - Detected 12 pothole(s).
2026-07-30 22:27:43 - app.agents.vision_agent - INFO - VisionAgent analysis complete. Found 12 items.
2026-07-30 22:27:43 - app.agents.vision_agent - INFO - VisionAgent starting analysis.
2026-07-30 22:27:43 - app.services.yolo_service - INFO - Running YOLO inference...
2026-07-30 22:27:43 - app.services.yolo_service - INFO - Detected 9 pothole(s).
2026-07-30 22:27:43 - app.agents.vision_agent - INFO - VisionAgent analysis complete. Found 9 items.
2026-07-30 22:27:44 - app.agents.vision_agent - INFO - VisionAgent starting analysis.
2026-07-30 22:27:44 - app.services.yolo_service - INFO - Running YOLO inference...
2026-07-30 22:27:44 - app.services.yolo_service - INFO - Detected 9 pothole(s).
2026-07-30 22:27:44 - app.agents.vision_agent - INFO - VisionAgent analysis complete. Found 9 items.
2026-07-30 22:27:45 - app.agents.vision_agent - INFO - VisionAgent starting analysis.
2026-07-30 22:27:45 - app.services.yolo_service - INFO - Running YOLO inference...
2026-07-30 22:27:45 - app.services.yolo_service - INFO - Detected 6 pothole(s).
2026-07-30 22:27:45 - app.agents.vision_agent - INFO - VisionAgent analysis complete. Found 6 items.
2026-07-30 22:27:46 - app.agents.vision_agent - INFO - VisionAgent starting analysis.
2026-07-30 22:27:46 - app.services.yolo_service - INFO - Running YOLO inference...
2026-07-30 22:27:46 - app.services.yolo_service - INFO - Detected 5 pothole(s).
2026-07-30 22:27:46 - app.agents.vision_agent - INFO - VisionAgent analysis complete. Found 5 items.
2026-07-30 22:27:46 - app.agents.vision_agent - INFO - VisionAgent starting analysis.
2026-07-30 22:27:46 - app.services.yolo_service - INFO - Running YOLO inference...
2026-07-30 22:27:46 - app.services.yolo_service - INFO - Detected 5 pothole(s).
2026-07-30 22:27:46 - app.agents.vision_agent - INFO - VisionAgent analysis complete. Found 5 items.
2026-07-30 22:27:47 - app.agents.vision_agent - INFO - VisionAgent starting analysis.
2026-07-30 22:27:47 - app.services.yolo_service - INFO - Running YOLO inference...
2026-07-30 22:27:47 - app.services.yolo_service - INFO - Detected 16 pothole(s).
2026-07-30 22:27:47 - app.agents.vision_agent - INFO - VisionAgent analysis complete. Found 16 items.
2026-07-30 22:27:48 - app.agents.vision_agent - INFO - VisionAgent starting analysis.
2026-07-30 22:27:48 - app.services.yolo_service - INFO - Running YOLO inference...
2026-07-30 22:27:49 - app.services.yolo_service - INFO - Detected 19 pothole(s).
2026-07-30 22:27:49 - app.agents.vision_agent - INFO - VisionAgent analysis complete. Found 19 items.
2026-07-30 22:27:50 - app.agents.vision_agent - INFO - VisionAgent starting analysis.
2026-07-30 22:27:50 - app.services.yolo_service - INFO - Running YOLO inference...
2026-07-30 22:27:50 - app.services.yolo_service - INFO - Detected 17 pothole(s).
2026-07-30 22:27:50 - app.agents.vision_agent - INFO - VisionAgent analysis complete. Found 17 items.
2026-07-30 22:27:51 - app.agents.vision_agent - INFO - VisionAgent starting analysis.
2026-07-30 22:27:51 - app.services.yolo_service - INFO - Running YOLO inference...
2026-07-30 22:27:52 - app.services.yolo_service - INFO - Detected 6 pothole(s).
2026-07-30 22:27:52 - app.agents.vision_agent - INFO - VisionAgent analysis complete. Found 6 items.
2026-07-30 22:27:53 - app.agents.vision_agent - INFO - VisionAgent starting analysis.
2026-07-30 22:27:53 - app.services.yolo_service - INFO - Running YOLO inference...
2026-07-30 22:27:53 - app.services.yolo_service - INFO - Detected 7 pothole(s).
2026-07-30 22:27:53 - app.agents.vision_agent - INFO - VisionAgent analysis complete. Found 7 items.
2026-07-30 22:27:54 - app.agents.vision_agent - INFO - VisionAgent starting analysis.
2026-07-30 22:27:54 - app.services.yolo_service - INFO - Running YOLO inference...
2026-07-30 22:27:55 - app.services.yolo_service - INFO - Detected 8 pothole(s).
2026-07-30 22:27:55 - app.agents.vision_agent - INFO - VisionAgent analysis complete. Found 8 items.
2026-07-30 22:27:56 - app.agents.vision_agent - INFO - VisionAgent starting analysis.
2026-07-30 22:27:56 - app.services.yolo_service - INFO - Running YOLO inference...
2026-07-30 22:27:56 - app.services.yolo_service - INFO - Detected 7 pothole(s).
2026-07-30 22:27:56 - app.agents.vision_agent - INFO - VisionAgent analysis complete. Found 7 items.
2026-07-30 22:27:58 - app.agents.vision_agent - INFO - VisionAgent starting analysis.
2026-07-30 22:27:58 - app.services.yolo_service - INFO - Running YOLO inference...
2026-07-30 22:27:58 - app.services.yolo_service - INFO - Detected 6 pothole(s).
2026-07-30 22:27:58 - app.agents.vision_agent - INFO - VisionAgent analysis complete. Found 6 items.
2026-07-30 22:27:59 - app.agents.vision_agent - INFO - VisionAgent starting analysis.
2026-07-30 22:27:59 - app.services.yolo_service - INFO - Running YOLO inference...
2026-07-30 22:27:59 - app.services.yolo_service - INFO - Detected 6 pothole(s).
2026-07-30 22:27:59 - app.agents.vision_agent - INFO - VisionAgent analysis complete. Found 6 items.
2026-07-30 22:28:00 - app.agents.vision_agent - INFO - VisionAgent starting analysis.
2026-07-30 22:28:00 - app.services.yolo_service - INFO - Running YOLO inference...
2026-07-30 22:28:00 - app.services.yolo_service - INFO - Detected 6 pothole(s).
2026-07-30 22:28:00 - app.agents.vision_agent - INFO - VisionAgent analysis complete. Found 6 items.
2026-07-30 22:28:02 - app.agents.vision_agent - INFO - VisionAgent starting analysis.
2026-07-30 22:28:02 - app.services.yolo_service - INFO - Running YOLO inference...
2026-07-30 22:28:02 - app.services.yolo_service - INFO - Detected 6 pothole(s).
2026-07-30 22:28:02 - app.agents.vision_agent - INFO - VisionAgent analysis complete. Found 6 items.
2026-07-30 22:28:03 - app.agents.vision_agent - INFO - VisionAgent starting analysis.
2026-07-30 22:28:03 - app.services.yolo_service - INFO - Running YOLO inference...
2026-07-30 22:28:03 - app.services.yolo_service - INFO - Detected 7 pothole(s).
2026-07-30 22:28:03 - app.agents.vision_agent - INFO - VisionAgent analysis complete. Found 7 items.
2026-07-30 22:28:05 - app.agents.vision_agent - INFO - VisionAgent starting analysis.
2026-07-30 22:28:05 - app.services.yolo_service - INFO - Running YOLO inference...
2026-07-30 22:28:05 - app.services.yolo_service - INFO - Detected 7 pothole(s).
2026-07-30 22:28:05 - app.agents.vision_agent - INFO - VisionAgent analysis complete. Found 7 items.
2026-07-30 22:28:06 - app.agents.vision_agent - INFO - VisionAgent starting analysis.
2026-07-30 22:28:06 - app.services.yolo_service - INFO - Running YOLO inference...
2026-07-30 22:28:06 - app.services.yolo_service - INFO - Detected 7 pothole(s).
2026-07-30 22:28:06 - app.agents.vision_agent - INFO - VisionAgent analysis complete. Found 7 items.
2026-07-30 22:28:08 - app.agents.vision_agent - INFO - VisionAgent starting analysis.
2026-07-30 22:28:08 - app.services.yolo_service - INFO - Running YOLO inference...
2026-07-30 22:28:08 - app.services.yolo_service - INFO - Detected 7 pothole(s).
2026-07-30 22:28:08 - app.agents.vision_agent - INFO - VisionAgent analysis complete. Found 7 items.
2026-07-30 22:28:09 - app.agents.vision_agent - INFO - VisionAgent starting analysis.
2026-07-30 22:28:09 - app.services.yolo_service - INFO - Running YOLO inference...
2026-07-30 22:28:09 - app.services.yolo_service - INFO - Detected 6 pothole(s).
2026-07-30 22:28:09 - app.agents.vision_agent - INFO - VisionAgent analysis complete. Found 6 items.
2026-07-30 22:28:10 - app.agents.vision_agent - INFO - VisionAgent starting analysis.
2026-07-30 22:28:10 - app.services.yolo_service - INFO - Running YOLO inference...
2026-07-30 22:28:10 - app.services.yolo_service - INFO - Detected 4 pothole(s).
2026-07-30 22:28:10 - app.agents.vision_agent - INFO - VisionAgent analysis complete. Found 4 items.
2026-07-30 22:28:12 - app.agents.vision_agent - INFO - VisionAgent starting analysis.
2026-07-30 22:28:12 - app.services.yolo_service - INFO - Running YOLO inference...
2026-07-30 22:28:12 - app.services.yolo_service - INFO - Detected 3 pothole(s).
2026-07-30 22:28:12 - app.agents.vision_agent - INFO - VisionAgent analysis complete. Found 3 items.
2026-07-30 22:28:13 - app.agents.vision_agent - INFO - VisionAgent starting analysis.
2026-07-30 22:28:13 - app.services.yolo_service - INFO - Running YOLO inference...
2026-07-30 22:28:13 - app.services.yolo_service - INFO - Detected 5 pothole(s).
2026-07-30 22:28:13 - app.agents.vision_agent - INFO - VisionAgent analysis complete. Found 5 items.
2026-07-30 22:28:15 - app.agents.vision_agent - INFO - VisionAgent starting analysis.
2026-07-30 22:28:15 - app.services.yolo_service - INFO - Running YOLO inference...
2026-07-30 22:28:15 - app.services.yolo_service - INFO - Detected 7 pothole(s).
2026-07-30 22:28:15 - app.agents.vision_agent - INFO - VisionAgent analysis complete. Found 7 items.
2026-07-30 22:28:16 - app.agents.vision_agent - INFO - VisionAgent starting analysis.
2026-07-30 22:28:16 - app.services.yolo_service - INFO - Running YOLO inference...
2026-07-30 22:28:16 - app.services.yolo_service - INFO - Detected 3 pothole(s).
2026-07-30 22:28:16 - app.agents.vision_agent - INFO - VisionAgent analysis complete. Found 3 items.
2026-07-30 22:28:17 - app.agents.vision_agent - INFO - VisionAgent starting analysis.
2026-07-30 22:28:17 - app.services.yolo_service - INFO - Running YOLO inference...
2026-07-30 22:28:18 - app.services.yolo_service - INFO - Detected 9 pothole(s).
2026-07-30 22:28:18 - app.agents.vision_agent - INFO - VisionAgent analysis complete. Found 9 items.
2026-07-30 22:28:19 - app.agents.vision_agent - INFO - VisionAgent starting analysis.
2026-07-30 22:28:19 - app.services.yolo_service - INFO - Running YOLO inference...
2026-07-30 22:28:19 - app.services.yolo_service - INFO - Detected 4 pothole(s).
2026-07-30 22:28:19 - app.agents.vision_agent - INFO - VisionAgent analysis complete. Found 4 items.
2026-07-30 22:28:20 - app.agents.vision_agent - INFO - VisionAgent starting analysis.
2026-07-30 22:28:20 - app.services.yolo_service - INFO - Running YOLO inference...
2026-07-30 22:28:20 - app.services.yolo_service - INFO - Detected 2 pothole(s).
2026-07-30 22:28:20 - app.agents.vision_agent - INFO - VisionAgent analysis complete. Found 2 items.
2026-07-30 22:28:21 - app.agents.vision_agent - INFO - VisionAgent starting analysis.
2026-07-30 22:28:21 - app.services.yolo_service - INFO - Running YOLO inference...
2026-07-30 22:28:22 - app.services.yolo_service - INFO - Detected 3 pothole(s).
2026-07-30 22:28:22 - app.agents.vision_agent - INFO - VisionAgent analysis complete. Found 3 items.
2026-07-30 22:28:23 - app.agents.vision_agent - INFO - VisionAgent starting analysis.
2026-07-30 22:28:23 - app.services.yolo_service - INFO - Running YOLO inference...
2026-07-30 22:28:23 - app.services.yolo_service - INFO - Detected 17 pothole(s).
2026-07-30 22:28:23 - app.agents.vision_agent - INFO - VisionAgent analysis complete. Found 17 items.
2026-07-30 22:28:24 - app.agents.vision_agent - INFO - VisionAgent starting analysis.
2026-07-30 22:28:24 - app.services.yolo_service - INFO - Running YOLO inference...
2026-07-30 22:28:24 - app.services.yolo_service - INFO - Detected 18 pothole(s).
2026-07-30 22:28:24 - app.agents.vision_agent - INFO - VisionAgent analysis complete. Found 18 items.
2026-07-30 22:28:26 - app.agents.vision_agent - INFO - VisionAgent starting analysis.
2026-07-30 22:28:26 - app.services.yolo_service - INFO - Running YOLO inference...
2026-07-30 22:28:26 - app.services.yolo_service - INFO - Detected 13 pothole(s).
2026-07-30 22:28:26 - app.agents.vision_agent - INFO - VisionAgent analysis complete. Found 13 items.
2026-07-30 22:28:27 - app.agents.vision_agent - INFO - VisionAgent starting analysis.
2026-07-30 22:28:27 - app.services.yolo_service - INFO - Running YOLO inference...
2026-07-30 22:28:27 - app.services.yolo_service - INFO - Detected 19 pothole(s).
2026-07-30 22:28:27 - app.agents.vision_agent - INFO - VisionAgent analysis complete. Found 19 items.
2026-07-30 22:28:29 - app.agents.vision_agent - INFO - VisionAgent starting analysis.
2026-07-30 22:28:29 - app.services.yolo_service - INFO - Running YOLO inference...
2026-07-30 22:28:29 - app.services.yolo_service - INFO - Detected 23 pothole(s).
2026-07-30 22:28:29 - app.agents.vision_agent - INFO - VisionAgent analysis complete. Found 23 items.
2026-07-30 22:28:30 - app.agents.vision_agent - INFO - VisionAgent starting analysis.
2026-07-30 22:28:30 - app.services.yolo_service - INFO - Running YOLO inference...
2026-07-30 22:28:30 - app.services.yolo_service - INFO - Detected 22 pothole(s).
2026-07-30 22:28:30 - app.agents.vision_agent - INFO - VisionAgent analysis complete. Found 22 items.
2026-07-30 22:28:31 - app.agents.vision_agent - INFO - VisionAgent starting analysis.
2026-07-30 22:28:31 - app.services.yolo_service - INFO - Running YOLO inference...
2026-07-30 22:28:31 - app.services.yolo_service - INFO - Detected 17 pothole(s).
2026-07-30 22:28:31 - app.agents.vision_agent - INFO - VisionAgent analysis complete. Found 17 items.
2026-07-30 22:28:33 - app.agents.vision_agent - INFO - VisionAgent starting analysis.
2026-07-30 22:28:33 - app.services.yolo_service - INFO - Running YOLO inference...
2026-07-30 22:28:33 - app.services.yolo_service - INFO - Detected 23 pothole(s).
2026-07-30 22:28:33 - app.agents.vision_agent - INFO - VisionAgent analysis complete. Found 23 items.
2026-07-30 22:28:34 - app.agents.vision_agent - INFO - VisionAgent starting analysis.
2026-07-30 22:28:34 - app.services.yolo_service - INFO - Running YOLO inference...
2026-07-30 22:28:34 - app.services.yolo_service - INFO - Detected 22 pothole(s).
2026-07-30 22:28:34 - app.agents.vision_agent - INFO - VisionAgent analysis complete. Found 22 items.
2026-07-30 22:28:36 - app.agents.vision_agent - INFO - VisionAgent starting analysis.
2026-07-30 22:28:36 - app.services.yolo_service - INFO - Running YOLO inference...
2026-07-30 22:28:36 - app.services.yolo_service - INFO - Detected 14 pothole(s).
2026-07-30 22:28:36 - app.agents.vision_agent - INFO - VisionAgent analysis complete. Found 14 items.
2026-07-30 22:28:48 - app.models.loaders - INFO - Initialized ModelLoader singleton.
2026-07-30 22:28:48 - app.agents.vision_agent - INFO - VisionAgent initialized.
2026-07-30 22:28:48 - app.database.firebase - INFO - Initializing Firebase with credentials from C:\Users\MONALISA DAS\RoadGuardianAI\firebase-credentials.json
2026-07-30 22:28:48 - app.database.firebase - INFO - Successfully initialized Firebase Admin SDK.
2026-07-30 22:28:48 - app.database.firebase - INFO - Firestore client created.
2026-07-30 22:28:48 - app.agents.vision_agent - INFO - VisionAgent starting analysis.
2026-07-30 22:28:48 - app.models.loaders - INFO - Loading YOLOv8 pothole model from C:\Users\MONALISA DAS\RoadGuardianAI\backend\app\models\pothole\best.pt...
2026-07-30 22:28:48 - app.models.loaders - INFO - Successfully loaded YOLOv8 pothole model.
2026-07-30 22:28:48 - app.services.yolo_service - INFO - Running YOLO inference...
2026-07-30 22:28:53 - app.services.yolo_service - INFO - Detected 16 pothole(s).
2026-07-30 22:28:53 - app.agents.vision_agent - INFO - VisionAgent analysis complete. Found 16 items.
2026-07-30 22:29:11 - app.agents.vision_agent - INFO - VisionAgent starting analysis.
2026-07-30 22:29:11 - app.services.yolo_service - INFO - Running YOLO inference...
2026-07-30 22:29:11 - app.services.yolo_service - INFO - Detected 5 pothole(s).
2026-07-30 22:29:11 - app.agents.vision_agent - INFO - VisionAgent analysis complete. Found 5 items.
2026-07-30 22:29:11 - app.agents.vision_agent - INFO - VisionAgent starting analysis.
2026-07-30 22:29:11 - app.services.yolo_service - INFO - Running YOLO inference...
2026-07-30 22:29:12 - app.services.yolo_service - INFO - Detected 4 pothole(s).
2026-07-30 22:29:12 - app.agents.vision_agent - INFO - VisionAgent analysis complete. Found 4 items.
2026-07-30 22:29:12 - app.agents.vision_agent - INFO - VisionAgent starting analysis.
2026-07-30 22:29:12 - app.services.yolo_service - INFO - Running YOLO inference...
2026-07-30 22:29:12 - app.services.yolo_service - INFO - Detected 7 pothole(s).
2026-07-30 22:29:12 - app.agents.vision_agent - INFO - VisionAgent analysis complete. Found 7 items.
2026-07-30 22:29:22 - app.services.database_service - INFO - Successfully updated report 8662f8fc-08c3-4317-9864-fe0a23993f98
2026-07-30 22:29:38 - app.agents.vision_agent - INFO - VisionAgent starting analysis.
2026-07-30 22:29:38 - app.services.yolo_service - INFO - Running YOLO inference...
2026-07-30 22:29:39 - app.services.yolo_service - INFO - Detected 19 pothole(s).
2026-07-30 22:29:39 - app.agents.vision_agent - INFO - VisionAgent analysis complete. Found 19 items.
2026-07-30 22:29:44 - app.api.predict - INFO - Received prediction request from user anonymous at (12.841564905117348, 80.15748552805996)
2026-07-30 22:29:44 - app.agents.orchestrator - INFO - Starting orchestration pipeline for report 5b48dca5-bcfa-4598-807a-251586a0d46f by user anonymous
2026-07-30 22:29:44 - app.agents.orchestrator - INFO - -> Calling Vision Agent
2026-07-30 22:29:44 - app.agents.vision_agent - INFO - VisionAgent starting analysis.
2026-07-30 22:29:44 - app.services.yolo_service - INFO - Running YOLO inference...
2026-07-30 22:29:44 - app.services.yolo_service - INFO - Detected 16 pothole(s).
2026-07-30 22:29:44 - app.agents.vision_agent - INFO - VisionAgent analysis complete. Found 16 items.
2026-07-30 22:29:44 - app.agents.orchestrator - INFO - -> Calling Weather Agent
2026-07-30 22:29:46 - app.agents.orchestrator - WARNING - Weather Agent HTTP call failed (All connection attempts failed). Falling back to mock data.
2026-07-30 22:29:46 - app.agents.orchestrator - INFO - -> Calling Memory Agent (Stub)
2026-07-30 22:29:47 - app.services.database_service - INFO - Found 9 reports within 500m.
2026-07-30 22:29:47 - app.agents.orchestrator - INFO - -> Calling Gemma Reasoning Agent
2026-07-30 22:29:47 - app.agents.orchestrator - INFO - -> Calling Planning Agent
2026-07-30 22:29:47 - app.agents.orchestrator - INFO - -> Calling Report Agent
2026-07-30 22:29:47 - app.agents.orchestrator - INFO - -> Saving final report to Firestore
2026-07-30 22:29:49 - app.services.database_service - INFO - Successfully saved report 5b48dca5-bcfa-4598-807a-251586a0d46f
2026-07-30 22:29:49 - app.agents.orchestrator - INFO - Orchestration complete for report 5b48dca5-bcfa-4598-807a-251586a0d46f
2026-07-30 22:30:04 - app.services.database_service - INFO - Successfully updated report 5b48dca5-bcfa-4598-807a-251586a0d46f
2026-07-30 22:31:23 - app.agents.vision_agent - INFO - VisionAgent starting analysis.
2026-07-30 22:31:23 - app.services.yolo_service - INFO - Running YOLO inference...
2026-07-30 22:31:24 - app.services.yolo_service - INFO - Detected 1 pothole(s).
2026-07-30 22:31:24 - app.agents.vision_agent - INFO - VisionAgent analysis complete. Found 1 items.
2026-07-30 22:31:26 - app.api.predict - INFO - Received prediction request from user anonymous at (12.841577969993951, 80.15751325427094)
2026-07-30 22:31:26 - app.agents.orchestrator - INFO - Starting orchestration pipeline for report 8c4fb531-f1b4-49ff-85aa-9d8533592416 by user anonymous
2026-07-30 22:31:26 - app.agents.orchestrator - INFO - -> Calling Vision Agent
2026-07-30 22:31:26 - app.agents.vision_agent - INFO - VisionAgent starting analysis.
2026-07-30 22:31:26 - app.services.yolo_service - INFO - Running YOLO inference...
2026-07-30 22:31:27 - app.services.yolo_service - INFO - Detected 1 pothole(s).
2026-07-30 22:31:27 - app.agents.vision_agent - INFO - VisionAgent analysis complete. Found 1 items.
2026-07-30 22:31:27 - app.agents.orchestrator - INFO - -> Calling Weather Agent
2026-07-30 22:31:29 - app.agents.orchestrator - WARNING - Weather Agent HTTP call failed (All connection attempts failed). Falling back to mock data.
2026-07-30 22:31:29 - app.agents.orchestrator - INFO - -> Calling Memory Agent (Stub)
2026-07-30 22:31:30 - app.services.database_service - INFO - Found 10 reports within 500m.
2026-07-30 22:31:30 - app.agents.orchestrator - INFO - -> Calling Gemma Reasoning Agent
2026-07-30 22:31:30 - app.agents.orchestrator - INFO - -> Calling Planning Agent
2026-07-30 22:31:30 - app.agents.orchestrator - INFO - -> Calling Report Agent
2026-07-30 22:31:30 - app.agents.orchestrator - INFO - -> Saving final report to Firestore
2026-07-30 22:31:31 - app.services.database_service - INFO - Successfully saved report 8c4fb531-f1b4-49ff-85aa-9d8533592416
2026-07-30 22:31:31 - app.agents.orchestrator - INFO - Orchestration complete for report 8c4fb531-f1b4-49ff-85aa-9d8533592416
2026-07-30 22:31:46 - app.services.database_service - INFO - Successfully updated report 8c4fb531-f1b4-49ff-85aa-9d8533592416
2026-07-30 22:33:55 - app.api.predict - INFO - Received prediction request from user anon at (0.0, 0.0)
2026-07-30 22:33:55 - app.agents.orchestrator - INFO - Starting orchestration pipeline for report bbc1a640-a5c0-4f9c-a832-b7cffae0df5d by user anon
2026-07-30 22:33:55 - app.agents.orchestrator - INFO - -> Calling Vision Agent
2026-07-30 22:33:55 - app.agents.vision_agent - INFO - VisionAgent starting analysis.
2026-07-30 22:33:55 - app.services.yolo_service - INFO - Running YOLO inference...
2026-07-30 22:33:55 - app.services.yolo_service - WARNING - YOLO returned no results object.
2026-07-30 22:33:55 - app.agents.vision_agent - INFO - VisionAgent analysis complete. Found 0 items.
2026-07-30 22:33:55 - app.agents.orchestrator - INFO - -> Calling Weather Agent
2026-07-30 22:33:57 - app.agents.orchestrator - WARNING - Weather Agent HTTP call failed (All connection attempts failed). Falling back to mock data.
2026-07-30 22:33:57 - app.agents.orchestrator - INFO - -> Calling Memory Agent (Stub)
2026-07-30 22:33:58 - app.services.database_service - INFO - Found 0 reports within 500m.
2026-07-30 22:33:58 - app.agents.orchestrator - INFO - -> Calling Gemma Reasoning Agent
2026-07-30 22:33:58 - app.agents.orchestrator - INFO - -> Calling Planning Agent
2026-07-30 22:33:58 - app.agents.orchestrator - INFO - -> Calling Report Agent
2026-07-30 22:33:58 - app.agents.orchestrator - INFO - -> Saving final report to Firestore
2026-07-30 22:33:59 - app.services.database_service - INFO - Successfully saved report bbc1a640-a5c0-4f9c-a832-b7cffae0df5d
2026-07-30 22:33:59 - app.agents.orchestrator - INFO - Orchestration complete for report bbc1a640-a5c0-4f9c-a832-b7cffae0df5d
